candidate_name,precinct,district,dsa_endorsed,dsa_greenlit,dsa_redlit,ibew_local_48,ironworkers_local_29,apano_action_fund,future_portland,next_up_action_fund,portland_firefighters_any,the_oregonian,united_for_portland,millamette_week,working_families_party,afscme_local_189,portland_mercury,portland_police_any,progresso_latino,sierra_club,X12_for_pdx,berniepdx,home_pac,street_trust_action_fund,portland_for_all,friends_of_portland_street_response,portland_neighbors_welcome,protec17,sunrise_movement_pdx,nw_oregon_labor_council,portland_association_of_teachers,american_federation_of_teachers_oregon,multifamily_nw,lgbtq_victory_fund,teamsters_joint_council_37,incum_or_former,total_households,avg_household_size,total_families,avg_family_size,edu_pop_18_24,edu_pop_25plus,edu_hs_total,edu_somecollege_total,edu_bach_total,edu_grad_total,homeowner_pct,renter_pct,income_10_29k,income_30_44k,income_45_74k,income_75_149k,income_150k_plus,precinct_name,registerd_voters,total_voter_turnout,percentage_turnout,english_speakers,eleg_voters,pop_in_povery_18_plus,caucasian_white_percent,people_with_disability,elected
Timur Ender,35,1,no,yes,no,yes,no,yes,no,yes,no,no,no,no,yes,yes,yes,no,no,no,no,no,no,yes,yes,yes,yes,no,yes,no,no,no,no,no,no,no,18001,2,10591,3,3355,33472,11357,12396,5826,2715,61,38,2754,2198,3739,4960,3217,4703,7131,4309,60.43,6244,6657,7679,63.67,2114,no
Noah Ernst,35,1,no,no,no,no,no,no,yes,no,no,yes,yes,no,no,no,no,no,no,no,yes,no,no,no,no,no,no,no,no,no,no,no,no,no,no,no,18001,2,10591,3,3355,33472,11357,12396,5826,2715,61,38,2754,2198,3739,4960,3217,4703,7131,4309,60.43,6244,6657,7679,63.67,2114,no
Candace Avalos,35,1,no,no,no,yes,no,no,no,yes,no,yes,no,yes,yes,no,yes,no,no,no,no,no,no,no,yes,no,no,no,no,yes,no,no,no,no,no,no,18001,2,10591,3,3355,33472,11357,12396,5826,2715,61,38,2754,2198,3739,4960,3217,4703,7131,4309,60.43,6244,6657,7679,63.67,2114,yes
Joe Allen,35,1,no,no,no,no,no,no,no,no,no,no,no,no,no,no,no,no,no,no,no,no,no,no,no,no,no,no,no,no,no,no,no,no,no,no,18001,2,10591,3,3355,33472,11357,12396,5826,2715,61,38,2754,2198,3739,4960,3217,4703,7131,4309,60.43,6244,6657,7679,63.67,2114,no
David Linn,35,1,no,yes,no,no,no,no,no,no,no,no,no,no,no,no,no,no,no,no,no,no,no,no,no,no,no,no,no,no,no,no,no,no,no,no,18001,2,10591,3,3355,33472,11357,12396,5826,2715,61,38,2754,2198,3739,4960,3217,4703,7131,4309,60.43,6244,6657,7679,63.67,2114,no
Cayle Tern,35,1,no,yes,no,no,no,yes,no,no,no,no,no,no,no,no,yes,no,no,no,no,no,no,no,no,no,no,no,no,no,no,no,no,no,no,no,18001,2,10591,3,3355,33472,11357,12396,5826,2715,61,38,2754,2198,3739,4960,3217,4703,7131,4309,60.43,6244,6657,7679,63.67,2114,no
Doug Clove,35,1,no,no,no,no,no,no,no,no,no,no,no,no,no,no,no,no,no,no,no,no,no,no,no,no,no,no,no,no,no,no,no,no,no,no,18001,2,10591,3,3355,33472,11357,12396,5826,2715,61,38,2754,2198,3739,4960,3217,4703,7131,4309,60.43,6244,6657,7679,63.67,2114,no
Joe Furi,35,1,no,no,no,no,no,no,no,no,no,no,no,no,no,no,no,no,no,no,no,no,no,no,no,no,no,no,no,no,no,no,no,no,no,no,18001,2,10591,3,3355,33472,11357,12396,5826,2715,61,38,2754,2198,3739,4960,3217,4703,7131,4309,60.43,6244,6657,7679,63.67,2114,no
Michael (Mike) Sands,35,1,no,no,no,no,no,no,no,no,no,no,no,no,no,no,no,no,no,no,no,no,no,no,no,no,no,no,no,no,no,no,no,no,no,no,18001,2,10591,3,3355,33472,11357,12396,5826,2715,61,38,2754,2198,3739,4960,3217,4703,7131,4309,60.43,6244,6657,7679,63.67,2114,no
Deian Salazar,35,1,no,no,no,no,no,no,no,no,no,no,no,no,no,no,no,no,no,no,no,no,no,no,no,no,no,no,no,no,no,no,no,no,no,no,18001,2,10591,3,3355,33472,11357,12396,5826,2715,61,38,2754,2198,3739,4960,3217,4703,7131,4309,60.43,6244,6657,7679,63.67,2114,no
Loretta Smith,35,1,no,no,no,no,yes,no,yes,no,yes,no,yes,no,no,no,no,yes,no,no,no,no,no,no,no,no,no,no,no,no,no,no,no,no,no,no,18001,2,10591,3,3355,33472,11357,12396,5826,2715,61,38,2754,2198,3739,4960,3217,4703,7131,4309,60.43,6244,6657,7679,63.67,2114,yes
Thomas Shervey,35,1,no,no,no,no,no,no,no,no,no,no,no,no,no,no,no,no,no,no,no,no,no,no,no,no,no,no,no,no,no,no,no,no,no,no,18001,2,10591,3,3355,33472,11357,12396,5826,2715,61,38,2754,2198,3739,4960,3217,4703,7131,4309,60.43,6244,6657,7679,63.67,2114,no
Terrence Hayes,35,1,no,no,no,no,yes,no,yes,no,yes,yes,yes,no,no,no,no,yes,no,no,no,no,no,no,no,no,no,no,no,no,no,no,yes,no,no,no,18001,2,10591,3,3355,33472,11357,12396,5826,2715,61,38,2754,2198,3739,4960,3217,4703,7131,4309,60.43,6244,6657,7679,63.67,2114,no
Steph Routh,35,1,no,yes,no,yes,yes,yes,no,no,yes,no,no,yes,yes,no,no,no,no,yes,no,no,no,no,no,no,no,no,no,no,no,no,no,no,yes,no,18001,2,10591,3,3355,33472,11357,12396,5826,2715,61,38,2754,2198,3739,4960,3217,4703,7131,4309,60.43,6244,6657,7679,63.67,2114,no
Jamie Dunphy,35,1,no,yes,no,yes,no,no,no,yes,yes,no,no,yes,no,yes,no,no,no,yes,no,yes,yes,no,no,no,no,no,no,no,no,no,no,no,no,no,18001,2,10591,3,3355,33472,11357,12396,5826,2715,61,38,2754,2198,3739,4960,3217,4703,7131,4309,60.43,6244,6657,7679,63.67,2114,yes
Timur Ender,20,1,no,yes,no,yes,no,yes,no,yes,no,no,no,no,yes,yes,yes,no,no,no,no,no,no,yes,yes,yes,yes,no,yes,no,no,no,no,no,no,no,22124,2,12603,3,4004,40904,10110,14370,10413,5126,65,34,3200,1974,4026,7298,4748,4508,8694,5493,63.18,12255,12498,13254,69.86,2024,no
Noah Ernst,20,1,no,no,no,no,no,no,yes,no,no,yes,yes,no,no,no,no,no,no,no,yes,no,no,no,no,no,no,no,no,no,no,no,no,no,no,no,22124,2,12603,3,4004,40904,10110,14370,10413,5126,65,34,3200,1974,4026,7298,4748,4508,8694,5493,63.18,12255,12498,13254,69.86,2024,no
Candace Avalos,20,1,no,no,no,yes,no,no,no,yes,no,yes,no,yes,yes,no,yes,no,no,no,no,no,no,no,yes,no,no,no,no,yes,no,no,no,no,no,no,22124,2,12603,3,4004,40904,10110,14370,10413,5126,65,34,3200,1974,4026,7298,4748,4508,8694,5493,63.18,12255,12498,13254,69.86,2024,yes
Joe Allen,20,1,no,no,no,no,no,no,no,no,no,no,no,no,no,no,no,no,no,no,no,no,no,no,no,no,no,no,no,no,no,no,no,no,no,no,22124,2,12603,3,4004,40904,10110,14370,10413,5126,65,34,3200,1974,4026,7298,4748,4508,8694,5493,63.18,12255,12498,13254,69.86,2024,no
David Linn,20,1,no,yes,no,no,no,no,no,no,no,no,no,no,no,no,no,no,no,no,no,no,no,no,no,no,no,no,no,no,no,no,no,no,no,no,22124,2,12603,3,4004,40904,10110,14370,10413,5126,65,34,3200,1974,4026,7298,4748,4508,8694,5493,63.18,12255,12498,13254,69.86,2024,no
Cayle Tern,20,1,no,yes,no,no,no,yes,no,no,no,no,no,no,no,no,yes,no,no,no,no,no,no,no,no,no,no,no,no,no,no,no,no,no,no,no,22124,2,12603,3,4004,40904,10110,14370,10413,5126,65,34,3200,1974,4026,7298,4748,4508,8694,5493,63.18,12255,12498,13254,69.86,2024,no
Doug Clove,20,1,no,no,no,no,no,no,no,no,no,no,no,no,no,no,no,no,no,no,no,no,no,no,no,no,no,no,no,no,no,no,no,no,no,no,22124,2,12603,3,4004,40904,10110,14370,10413,5126,65,34,3200,1974,4026,7298,4748,4508,8694,5493,63.18,12255,12498,13254,69.86,2024,no
Joe Furi,20,1,no,no,no,no,no,no,no,no,no,no,no,no,no,no,no,no,no,no,no,no,no,no,no,no,no,no,no,no,no,no,no,no,no,no,22124,2,12603,3,4004,40904,10110,14370,10413,5126,65,34,3200,1974,4026,7298,4748,4508,8694,5493,63.18,12255,12498,13254,69.86,2024,no
Michael (Mike) Sands,20,1,no,no,no,no,no,no,no,no,no,no,no,no,no,no,no,no,no,no,no,no,no,no,no,no,no,no,no,no,no,no,no,no,no,no,22124,2,12603,3,4004,40904,10110,14370,10413,5126,65,34,3200,1974,4026,7298,4748,4508,8694,5493,63.18,12255,12498,13254,69.86,2024,no
Deian Salazar,20,1,no,no,no,no,no,no,no,no,no,no,no,no,no,no,no,no,no,no,no,no,no,no,no,no,no,no,no,no,no,no,no,no,no,no,22124,2,12603,3,4004,40904,10110,14370,10413,5126,65,34,3200,1974,4026,7298,4748,4508,8694,5493,63.18,12255,12498,13254,69.86,2024,no
Loretta Smith,20,1,no,no,no,no,yes,no,yes,no,yes,no,yes,no,no,no,no,yes,no,no,no,no,no,no,no,no,no,no,no,no,no,no,no,no,no,no,22124,2,12603,3,4004,40904,10110,14370,10413,5126,65,34,3200,1974,4026,7298,4748,4508,8694,5493,63.18,12255,12498,13254,69.86,2024,yes
Thomas Shervey,20,1,no,no,no,no,no,no,no,no,no,no,no,no,no,no,no,no,no,no,no,no,no,no,no,no,no,no,no,no,no,no,no,no,no,no,22124,2,12603,3,4004,40904,10110,14370,10413,5126,65,34,3200,1974,4026,7298,4748,4508,8694,5493,63.18,12255,12498,13254,69.86,2024,no
Terrence Hayes,20,1,no,no,no,no,yes,no,yes,no,yes,yes,yes,no,no,no,no,yes,no,no,no,no,no,no,no,no,no,no,no,no,no,no,yes,no,no,no,22124,2,12603,3,4004,40904,10110,14370,10413,5126,65,34,3200,1974,4026,7298,4748,4508,8694,5493,63.18,12255,12498,13254,69.86,2024,no
Steph Routh,20,1,no,yes,no,yes,yes,yes,no,no,yes,no,no,yes,yes,no,no,no,no,yes,no,no,no,no,no,no,no,no,no,no,no,no,no,no,yes,no,22124,2,12603,3,4004,40904,10110,14370,10413,5126,65,34,3200,1974,4026,7298,4748,4508,8694,5493,63.18,12255,12498,13254,69.86,2024,no
Jamie Dunphy,20,1,no,yes,no,yes,no,no,no,yes,yes,no,no,yes,no,yes,no,no,no,yes,no,yes,yes,no,no,no,no,no,no,no,no,no,no,no,no,no,22124,2,12603,3,4004,40904,10110,14370,10413,5126,65,34,3200,1974,4026,7298,4748,4508,8694,5493,63.18,12255,12498,13254,69.86,2024,yes
Timur Ender,9,1,no,yes,no,yes,no,yes,no,yes,no,no,no,no,yes,yes,yes,no,no,no,no,no,no,yes,yes,yes,yes,no,yes,no,no,no,no,no,no,no,16071,2,9611,3,3464,30800,9644,11229,6007,2380,52,47,2511,1705,3682,4738,2648,4802,7686,4345,56.53,7142,7989,9452,63.16,1906,no
Noah Ernst,9,1,no,no,no,no,no,no,yes,no,no,yes,yes,no,no,no,no,no,no,no,yes,no,no,no,no,no,no,no,no,no,no,no,no,no,no,no,16071,2,9611,3,3464,30800,9644,11229,6007,2380,52,47,2511,1705,3682,4738,2648,4802,7686,4345,56.53,7142,7989,9452,63.16,1906,no
Candace Avalos,9,1,no,no,no,yes,no,no,no,yes,no,yes,no,yes,yes,no,yes,no,no,no,no,no,no,no,yes,no,no,no,no,yes,no,no,no,no,no,no,16071,2,9611,3,3464,30800,9644,11229,6007,2380,52,47,2511,1705,3682,4738,2648,4802,7686,4345,56.53,7142,7989,9452,63.16,1906,yes
Joe Allen,9,1,no,no,no,no,no,no,no,no,no,no,no,no,no,no,no,no,no,no,no,no,no,no,no,no,no,no,no,no,no,no,no,no,no,no,16071,2,9611,3,3464,30800,9644,11229,6007,2380,52,47,2511,1705,3682,4738,2648,4802,7686,4345,56.53,7142,7989,9452,63.16,1906,no
David Linn,9,1,no,yes,no,no,no,no,no,no,no,no,no,no,no,no,no,no,no,no,no,no,no,no,no,no,no,no,no,no,no,no,no,no,no,no,16071,2,9611,3,3464,30800,9644,11229,6007,2380,52,47,2511,1705,3682,4738,2648,4802,7686,4345,56.53,7142,7989,9452,63.16,1906,no
Cayle Tern,9,1,no,yes,no,no,no,yes,no,no,no,no,no,no,no,no,yes,no,no,no,no,no,no,no,no,no,no,no,no,no,no,no,no,no,no,no,16071,2,9611,3,3464,30800,9644,11229,6007,2380,52,47,2511,1705,3682,4738,2648,4802,7686,4345,56.53,7142,7989,9452,63.16,1906,no
Doug Clove,9,1,no,no,no,no,no,no,no,no,no,no,no,no,no,no,no,no,no,no,no,no,no,no,no,no,no,no,no,no,no,no,no,no,no,no,16071,2,9611,3,3464,30800,9644,11229,6007,2380,52,47,2511,1705,3682,4738,2648,4802,7686,4345,56.53,7142,7989,9452,63.16,1906,no
Joe Furi,9,1,no,no,no,no,no,no,no,no,no,no,no,no,no,no,no,no,no,no,no,no,no,no,no,no,no,no,no,no,no,no,no,no,no,no,16071,2,9611,3,3464,30800,9644,11229,6007,2380,52,47,2511,1705,3682,4738,2648,4802,7686,4345,56.53,7142,7989,9452,63.16,1906,no
Michael (Mike) Sands,9,1,no,no,no,no,no,no,no,no,no,no,no,no,no,no,no,no,no,no,no,no,no,no,no,no,no,no,no,no,no,no,no,no,no,no,16071,2,9611,3,3464,30800,9644,11229,6007,2380,52,47,2511,1705,3682,4738,2648,4802,7686,4345,56.53,7142,7989,9452,63.16,1906,no
Deian Salazar,9,1,no,no,no,no,no,no,no,no,no,no,no,no,no,no,no,no,no,no,no,no,no,no,no,no,no,no,no,no,no,no,no,no,no,no,16071,2,9611,3,3464,30800,9644,11229,6007,2380,52,47,2511,1705,3682,4738,2648,4802,7686,4345,56.53,7142,7989,9452,63.16,1906,no
Loretta Smith,9,1,no,no,no,no,yes,no,yes,no,yes,no,yes,no,no,no,no,yes,no,no,no,no,no,no,no,no,no,no,no,no,no,no,no,no,no,no,16071,2,9611,3,3464,30800,9644,11229,6007,2380,52,47,2511,1705,3682,4738,2648,4802,7686,4345,56.53,7142,7989,9452,63.16,1906,yes
Thomas Shervey,9,1,no,no,no,no,no,no,no,no,no,no,no,no,no,no,no,no,no,no,no,no,no,no,no,no,no,no,no,no,no,no,no,no,no,no,16071,2,9611,3,3464,30800,9644,11229,6007,2380,52,47,2511,1705,3682,4738,2648,4802,7686,4345,56.53,7142,7989,9452,63.16,1906,no
Terrence Hayes,9,1,no,no,no,no,yes,no,yes,no,yes,yes,yes,no,no,no,no,yes,no,no,no,no,no,no,no,no,no,no,no,no,no,no,yes,no,no,no,16071,2,9611,3,3464,30800,9644,11229,6007,2380,52,47,2511,1705,3682,4738,2648,4802,7686,4345,56.53,7142,7989,9452,63.16,1906,no
Steph Routh,9,1,no,yes,no,yes,yes,yes,no,no,yes,no,no,yes,yes,no,no,no,no,yes,no,no,no,no,no,no,no,no,no,no,no,no,no,no,yes,no,16071,2,9611,3,3464,30800,9644,11229,6007,2380,52,47,2511,1705,3682,4738,2648,4802,7686,4345,56.53,7142,7989,9452,63.16,1906,no
Jamie Dunphy,9,1,no,yes,no,yes,no,no,no,yes,yes,no,no,yes,no,yes,no,no,no,yes,no,yes,yes,no,no,no,no,no,no,no,no,no,no,no,no,no,16071,2,9611,3,3464,30800,9644,11229,6007,2380,52,47,2511,1705,3682,4738,2648,4802,7686,4345,56.53,7142,7989,9452,63.16,1906,yes
Timur Ender,39,1,no,yes,no,yes,no,yes,no,yes,no,no,no,no,yes,yes,yes,no,no,no,no,no,no,yes,yes,yes,yes,no,yes,no,no,no,no,no,no,no,14401,2,7370,3,2000,25807,7599,8702,5454,2040,51,48,2282,1808,3310,3704,2383,4707,8234,4770,57.93,7200,8032,9043,63.91,2054,no
Noah Ernst,39,1,no,no,no,no,no,no,yes,no,no,yes,yes,no,no,no,no,no,no,no,yes,no,no,no,no,no,no,no,no,no,no,no,no,no,no,no,14401,2,7370,3,2000,25807,7599,8702,5454,2040,51,48,2282,1808,3310,3704,2383,4707,8234,4770,57.93,7200,8032,9043,63.91,2054,no
Candace Avalos,39,1,no,no,no,yes,no,no,no,yes,no,yes,no,yes,yes,no,yes,no,no,no,no,no,no,no,yes,no,no,no,no,yes,no,no,no,no,no,no,14401,2,7370,3,2000,25807,7599,8702,5454,2040,51,48,2282,1808,3310,3704,2383,4707,8234,4770,57.93,7200,8032,9043,63.91,2054,yes
Joe Allen,39,1,no,no,no,no,no,no,no,no,no,no,no,no,no,no,no,no,no,no,no,no,no,no,no,no,no,no,no,no,no,no,no,no,no,no,14401,2,7370,3,2000,25807,7599,8702,5454,2040,51,48,2282,1808,3310,3704,2383,4707,8234,4770,57.93,7200,8032,9043,63.91,2054,no
David Linn,39,1,no,yes,no,no,no,no,no,no,no,no,no,no,no,no,no,no,no,no,no,no,no,no,no,no,no,no,no,no,no,no,no,no,no,no,14401,2,7370,3,2000,25807,7599,8702,5454,2040,51,48,2282,1808,3310,3704,2383,4707,8234,4770,57.93,7200,8032,9043,63.91,2054,no
Cayle Tern,39,1,no,yes,no,no,no,yes,no,no,no,no,no,no,no,no,yes,no,no,no,no,no,no,no,no,no,no,no,no,no,no,no,no,no,no,no,14401,2,7370,3,2000,25807,7599,8702,5454,2040,51,48,2282,1808,3310,3704,2383,4707,8234,4770,57.93,7200,8032,9043,63.91,2054,no
Doug Clove,39,1,no,no,no,no,no,no,no,no,no,no,no,no,no,no,no,no,no,no,no,no,no,no,no,no,no,no,no,no,no,no,no,no,no,no,14401,2,7370,3,2000,25807,7599,8702,5454,2040,51,48,2282,1808,3310,3704,2383,4707,8234,4770,57.93,7200,8032,9043,63.91,2054,no
Joe Furi,39,1,no,no,no,no,no,no,no,no,no,no,no,no,no,no,no,no,no,no,no,no,no,no,no,no,no,no,no,no,no,no,no,no,no,no,14401,2,7370,3,2000,25807,7599,8702,5454,2040,51,48,2282,1808,3310,3704,2383,4707,8234,4770,57.93,7200,8032,9043,63.91,2054,no
Michael (Mike) Sands,39,1,no,no,no,no,no,no,no,no,no,no,no,no,no,no,no,no,no,no,no,no,no,no,no,no,no,no,no,no,no,no,no,no,no,no,14401,2,7370,3,2000,25807,7599,8702,5454,2040,51,48,2282,1808,3310,3704,2383,4707,8234,4770,57.93,7200,8032,9043,63.91,2054,no
Deian Salazar,39,1,no,no,no,no,no,no,no,no,no,no,no,no,no,no,no,no,no,no,no,no,no,no,no,no,no,no,no,no,no,no,no,no,no,no,14401,2,7370,3,2000,25807,7599,8702,5454,2040,51,48,2282,1808,3310,3704,2383,4707,8234,4770,57.93,7200,8032,9043,63.91,2054,no
Loretta Smith,39,1,no,no,no,no,yes,no,yes,no,yes,no,yes,no,no,no,no,yes,no,no,no,no,no,no,no,no,no,no,no,no,no,no,no,no,no,no,14401,2,7370,3,2000,25807,7599,8702,5454,2040,51,48,2282,1808,3310,3704,2383,4707,8234,4770,57.93,7200,8032,9043,63.91,2054,yes
Thomas Shervey,39,1,no,no,no,no,no,no,no,no,no,no,no,no,no,no,no,no,no,no,no,no,no,no,no,no,no,no,no,no,no,no,no,no,no,no,14401,2,7370,3,2000,25807,7599,8702,5454,2040,51,48,2282,1808,3310,3704,2383,4707,8234,4770,57.93,7200,8032,9043,63.91,2054,no
Terrence Hayes,39,1,no,no,no,no,yes,no,yes,no,yes,yes,yes,no,no,no,no,yes,no,no,no,no,no,no,no,no,no,no,no,no,no,no,yes,no,no,no,14401,2,7370,3,2000,25807,7599,8702,5454,2040,51,48,2282,1808,3310,3704,2383,4707,8234,4770,57.93,7200,8032,9043,63.91,2054,no
Steph Routh,39,1,no,yes,no,yes,yes,yes,no,no,yes,no,no,yes,yes,no,no,no,no,yes,no,no,no,no,no,no,no,no,no,no,no,no,no,no,yes,no,14401,2,7370,3,2000,25807,7599,8702,5454,2040,51,48,2282,1808,3310,3704,2383,4707,8234,4770,57.93,7200,8032,9043,63.91,2054,no
Jamie Dunphy,39,1,no,yes,no,yes,no,no,no,yes,yes,no,no,yes,no,yes,no,no,no,yes,no,yes,yes,no,no,no,no,no,no,no,no,no,no,no,no,no,14401,2,7370,3,2000,25807,7599,8702,5454,2040,51,48,2282,1808,3310,3704,2383,4707,8234,4770,57.93,7200,8032,9043,63.91,2054,yes
Timur Ender,63,1,no,yes,no,yes,no,yes,no,yes,no,no,no,no,yes,yes,yes,no,no,no,no,no,no,yes,yes,yes,yes,no,yes,no,no,no,no,no,no,no,14193,2,9310,3,3615,28430,9256,10682,5120,2204,58,41,1730,1575,2831,4847,2636,4804,8115,4560,56.19,12567,14686,17344,56.42,2239,no
Noah Ernst,63,1,no,no,no,no,no,no,yes,no,no,yes,yes,no,no,no,no,no,no,no,yes,no,no,no,no,no,no,no,no,no,no,no,no,no,no,no,14193,2,9310,3,3615,28430,9256,10682,5120,2204,58,41,1730,1575,2831,4847,2636,4804,8115,4560,56.19,12567,14686,17344,56.42,2239,no
Candace Avalos,63,1,no,no,no,yes,no,no,no,yes,no,yes,no,yes,yes,no,yes,no,no,no,no,no,no,no,yes,no,no,no,no,yes,no,no,no,no,no,no,14193,2,9310,3,3615,28430,9256,10682,5120,2204,58,41,1730,1575,2831,4847,2636,4804,8115,4560,56.19,12567,14686,17344,56.42,2239,yes
Joe Allen,63,1,no,no,no,no,no,no,no,no,no,no,no,no,no,no,no,no,no,no,no,no,no,no,no,no,no,no,no,no,no,no,no,no,no,no,14193,2,9310,3,3615,28430,9256,10682,5120,2204,58,41,1730,1575,2831,4847,2636,4804,8115,4560,56.19,12567,14686,17344,56.42,2239,no
David Linn,63,1,no,yes,no,no,no,no,no,no,no,no,no,no,no,no,no,no,no,no,no,no,no,no,no,no,no,no,no,no,no,no,no,no,no,no,14193,2,9310,3,3615,28430,9256,10682,5120,2204,58,41,1730,1575,2831,4847,2636,4804,8115,4560,56.19,12567,14686,17344,56.42,2239,no
Cayle Tern,63,1,no,yes,no,no,no,yes,no,no,no,no,no,no,no,no,yes,no,no,no,no,no,no,no,no,no,no,no,no,no,no,no,no,no,no,no,14193,2,9310,3,3615,28430,9256,10682,5120,2204,58,41,1730,1575,2831,4847,2636,4804,8115,4560,56.19,12567,14686,17344,56.42,2239,no
Doug Clove,63,1,no,no,no,no,no,no,no,no,no,no,no,no,no,no,no,no,no,no,no,no,no,no,no,no,no,no,no,no,no,no,no,no,no,no,14193,2,9310,3,3615,28430,9256,10682,5120,2204,58,41,1730,1575,2831,4847,2636,4804,8115,4560,56.19,12567,14686,17344,56.42,2239,no
Joe Furi,63,1,no,no,no,no,no,no,no,no,no,no,no,no,no,no,no,no,no,no,no,no,no,no,no,no,no,no,no,no,no,no,no,no,no,no,14193,2,9310,3,3615,28430,9256,10682,5120,2204,58,41,1730,1575,2831,4847,2636,4804,8115,4560,56.19,12567,14686,17344,56.42,2239,no
Michael (Mike) Sands,63,1,no,no,no,no,no,no,no,no,no,no,no,no,no,no,no,no,no,no,no,no,no,no,no,no,no,no,no,no,no,no,no,no,no,no,14193,2,9310,3,3615,28430,9256,10682,5120,2204,58,41,1730,1575,2831,4847,2636,4804,8115,4560,56.19,12567,14686,17344,56.42,2239,no
Deian Salazar,63,1,no,no,no,no,no,no,no,no,no,no,no,no,no,no,no,no,no,no,no,no,no,no,no,no,no,no,no,no,no,no,no,no,no,no,14193,2,9310,3,3615,28430,9256,10682,5120,2204,58,41,1730,1575,2831,4847,2636,4804,8115,4560,56.19,12567,14686,17344,56.42,2239,no
Loretta Smith,63,1,no,no,no,no,yes,no,yes,no,yes,no,yes,no,no,no,no,yes,no,no,no,no,no,no,no,no,no,no,no,no,no,no,no,no,no,no,14193,2,9310,3,3615,28430,9256,10682,5120,2204,58,41,1730,1575,2831,4847,2636,4804,8115,4560,56.19,12567,14686,17344,56.42,2239,yes
Thomas Shervey,63,1,no,no,no,no,no,no,no,no,no,no,no,no,no,no,no,no,no,no,no,no,no,no,no,no,no,no,no,no,no,no,no,no,no,no,14193,2,9310,3,3615,28430,9256,10682,5120,2204,58,41,1730,1575,2831,4847,2636,4804,8115,4560,56.19,12567,14686,17344,56.42,2239,no
Terrence Hayes,63,1,no,no,no,no,yes,no,yes,no,yes,yes,yes,no,no,no,no,yes,no,no,no,no,no,no,no,no,no,no,no,no,no,no,yes,no,no,no,14193,2,9310,3,3615,28430,9256,10682,5120,2204,58,41,1730,1575,2831,4847,2636,4804,8115,4560,56.19,12567,14686,17344,56.42,2239,no
Steph Routh,63,1,no,yes,no,yes,yes,yes,no,no,yes,no,no,yes,yes,no,no,no,no,yes,no,no,no,no,no,no,no,no,no,no,no,no,no,no,yes,no,14193,2,9310,3,3615,28430,9256,10682,5120,2204,58,41,1730,1575,2831,4847,2636,4804,8115,4560,56.19,12567,14686,17344,56.42,2239,no
Jamie Dunphy,63,1,no,yes,no,yes,no,no,no,yes,yes,no,no,yes,no,yes,no,no,no,yes,no,yes,yes,no,no,no,no,no,no,no,no,no,no,no,no,no,14193,2,9310,3,3615,28430,9256,10682,5120,2204,58,41,1730,1575,2831,4847,2636,4804,8115,4560,56.19,12567,14686,17344,56.42,2239,yes
Timur Ender,54,1,no,yes,no,yes,no,yes,no,yes,no,no,no,no,yes,yes,yes,no,no,no,no,no,no,yes,yes,yes,yes,no,yes,no,no,no,no,no,no,no,12530,2,7156,2,2231,23484,6431,7575,6328,3058,62,37,1511,1142,2399,4269,2778,4605,7407,4611,62.25,10579,11338,12687,63.81,1904,no
Noah Ernst,54,1,no,no,no,no,no,no,yes,no,no,yes,yes,no,no,no,no,no,no,no,yes,no,no,no,no,no,no,no,no,no,no,no,no,no,no,no,12530,2,7156,2,2231,23484,6431,7575,6328,3058,62,37,1511,1142,2399,4269,2778,4605,7407,4611,62.25,10579,11338,12687,63.81,1904,no
Candace Avalos,54,1,no,no,no,yes,no,no,no,yes,no,yes,no,yes,yes,no,yes,no,no,no,no,no,no,no,yes,no,no,no,no,yes,no,no,no,no,no,no,12530,2,7156,2,2231,23484,6431,7575,6328,3058,62,37,1511,1142,2399,4269,2778,4605,7407,4611,62.25,10579,11338,12687,63.81,1904,yes
Joe Allen,54,1,no,no,no,no,no,no,no,no,no,no,no,no,no,no,no,no,no,no,no,no,no,no,no,no,no,no,no,no,no,no,no,no,no,no,12530,2,7156,2,2231,23484,6431,7575,6328,3058,62,37,1511,1142,2399,4269,2778,4605,7407,4611,62.25,10579,11338,12687,63.81,1904,no
David Linn,54,1,no,yes,no,no,no,no,no,no,no,no,no,no,no,no,no,no,no,no,no,no,no,no,no,no,no,no,no,no,no,no,no,no,no,no,12530,2,7156,2,2231,23484,6431,7575,6328,3058,62,37,1511,1142,2399,4269,2778,4605,7407,4611,62.25,10579,11338,12687,63.81,1904,no
Cayle Tern,54,1,no,yes,no,no,no,yes,no,no,no,no,no,no,no,no,yes,no,no,no,no,no,no,no,no,no,no,no,no,no,no,no,no,no,no,no,12530,2,7156,2,2231,23484,6431,7575,6328,3058,62,37,1511,1142,2399,4269,2778,4605,7407,4611,62.25,10579,11338,12687,63.81,1904,no
Doug Clove,54,1,no,no,no,no,no,no,no,no,no,no,no,no,no,no,no,no,no,no,no,no,no,no,no,no,no,no,no,no,no,no,no,no,no,no,12530,2,7156,2,2231,23484,6431,7575,6328,3058,62,37,1511,1142,2399,4269,2778,4605,7407,4611,62.25,10579,11338,12687,63.81,1904,no
Joe Furi,54,1,no,no,no,no,no,no,no,no,no,no,no,no,no,no,no,no,no,no,no,no,no,no,no,no,no,no,no,no,no,no,no,no,no,no,12530,2,7156,2,2231,23484,6431,7575,6328,3058,62,37,1511,1142,2399,4269,2778,4605,7407,4611,62.25,10579,11338,12687,63.81,1904,no
Michael (Mike) Sands,54,1,no,no,no,no,no,no,no,no,no,no,no,no,no,no,no,no,no,no,no,no,no,no,no,no,no,no,no,no,no,no,no,no,no,no,12530,2,7156,2,2231,23484,6431,7575,6328,3058,62,37,1511,1142,2399,4269,2778,4605,7407,4611,62.25,10579,11338,12687,63.81,1904,no
Deian Salazar,54,1,no,no,no,no,no,no,no,no,no,no,no,no,no,no,no,no,no,no,no,no,no,no,no,no,no,no,no,no,no,no,no,no,no,no,12530,2,7156,2,2231,23484,6431,7575,6328,3058,62,37,1511,1142,2399,4269,2778,4605,7407,4611,62.25,10579,11338,12687,63.81,1904,no
Loretta Smith,54,1,no,no,no,no,yes,no,yes,no,yes,no,yes,no,no,no,no,yes,no,no,no,no,no,no,no,no,no,no,no,no,no,no,no,no,no,no,12530,2,7156,2,2231,23484,6431,7575,6328,3058,62,37,1511,1142,2399,4269,2778,4605,7407,4611,62.25,10579,11338,12687,63.81,1904,yes
Thomas Shervey,54,1,no,no,no,no,no,no,no,no,no,no,no,no,no,no,no,no,no,no,no,no,no,no,no,no,no,no,no,no,no,no,no,no,no,no,12530,2,7156,2,2231,23484,6431,7575,6328,3058,62,37,1511,1142,2399,4269,2778,4605,7407,4611,62.25,10579,11338,12687,63.81,1904,no
Terrence Hayes,54,1,no,no,no,no,yes,no,yes,no,yes,yes,yes,no,no,no,no,yes,no,no,no,no,no,no,no,no,no,no,no,no,no,no,yes,no,no,no,12530,2,7156,2,2231,23484,6431,7575,6328,3058,62,37,1511,1142,2399,4269,2778,4605,7407,4611,62.25,10579,11338,12687,63.81,1904,no
Steph Routh,54,1,no,yes,no,yes,yes,yes,no,no,yes,no,no,yes,yes,no,no,no,no,yes,no,no,no,no,no,no,no,no,no,no,no,no,no,no,yes,no,12530,2,7156,2,2231,23484,6431,7575,6328,3058,62,37,1511,1142,2399,4269,2778,4605,7407,4611,62.25,10579,11338,12687,63.81,1904,no
Jamie Dunphy,54,1,no,yes,no,yes,no,no,no,yes,yes,no,no,yes,no,yes,no,no,no,yes,no,yes,yes,no,no,no,no,no,no,no,no,no,no,no,no,no,12530,2,7156,2,2231,23484,6431,7575,6328,3058,62,37,1511,1142,2399,4269,2778,4605,7407,4611,62.25,10579,11338,12687,63.81,1904,yes
Timur Ender,48,1,no,yes,no,yes,no,yes,no,yes,no,no,no,no,yes,yes,yes,no,no,no,no,no,no,yes,yes,yes,yes,no,yes,no,no,no,no,no,no,no,2198,2,1411,3,296,4063,1466,1566,454,247,46,53,405,475,289,524,245,4709,1600,911,56.94,1303,1664,1913,63.24,321,no
Noah Ernst,48,1,no,no,no,no,no,no,yes,no,no,yes,yes,no,no,no,no,no,no,no,yes,no,no,no,no,no,no,no,no,no,no,no,no,no,no,no,2198,2,1411,3,296,4063,1466,1566,454,247,46,53,405,475,289,524,245,4709,1600,911,56.94,1303,1664,1913,63.24,321,no
Candace Avalos,48,1,no,no,no,yes,no,no,no,yes,no,yes,no,yes,yes,no,yes,no,no,no,no,no,no,no,yes,no,no,no,no,yes,no,no,no,no,no,no,2198,2,1411,3,296,4063,1466,1566,454,247,46,53,405,475,289,524,245,4709,1600,911,56.94,1303,1664,1913,63.24,321,yes
Joe Allen,48,1,no,no,no,no,no,no,no,no,no,no,no,no,no,no,no,no,no,no,no,no,no,no,no,no,no,no,no,no,no,no,no,no,no,no,2198,2,1411,3,296,4063,1466,1566,454,247,46,53,405,475,289,524,245,4709,1600,911,56.94,1303,1664,1913,63.24,321,no
David Linn,48,1,no,yes,no,no,no,no,no,no,no,no,no,no,no,no,no,no,no,no,no,no,no,no,no,no,no,no,no,no,no,no,no,no,no,no,2198,2,1411,3,296,4063,1466,1566,454,247,46,53,405,475,289,524,245,4709,1600,911,56.94,1303,1664,1913,63.24,321,no
Cayle Tern,48,1,no,yes,no,no,no,yes,no,no,no,no,no,no,no,no,yes,no,no,no,no,no,no,no,no,no,no,no,no,no,no,no,no,no,no,no,2198,2,1411,3,296,4063,1466,1566,454,247,46,53,405,475,289,524,245,4709,1600,911,56.94,1303,1664,1913,63.24,321,no
Doug Clove,48,1,no,no,no,no,no,no,no,no,no,no,no,no,no,no,no,no,no,no,no,no,no,no,no,no,no,no,no,no,no,no,no,no,no,no,2198,2,1411,3,296,4063,1466,1566,454,247,46,53,405,475,289,524,245,4709,1600,911,56.94,1303,1664,1913,63.24,321,no
Joe Furi,48,1,no,no,no,no,no,no,no,no,no,no,no,no,no,no,no,no,no,no,no,no,no,no,no,no,no,no,no,no,no,no,no,no,no,no,2198,2,1411,3,296,4063,1466,1566,454,247,46,53,405,475,289,524,245,4709,1600,911,56.94,1303,1664,1913,63.24,321,no
Michael (Mike) Sands,48,1,no,no,no,no,no,no,no,no,no,no,no,no,no,no,no,no,no,no,no,no,no,no,no,no,no,no,no,no,no,no,no,no,no,no,2198,2,1411,3,296,4063,1466,1566,454,247,46,53,405,475,289,524,245,4709,1600,911,56.94,1303,1664,1913,63.24,321,no
Deian Salazar,48,1,no,no,no,no,no,no,no,no,no,no,no,no,no,no,no,no,no,no,no,no,no,no,no,no,no,no,no,no,no,no,no,no,no,no,2198,2,1411,3,296,4063,1466,1566,454,247,46,53,405,475,289,524,245,4709,1600,911,56.94,1303,1664,1913,63.24,321,no
Loretta Smith,48,1,no,no,no,no,yes,no,yes,no,yes,no,yes,no,no,no,no,yes,no,no,no,no,no,no,no,no,no,no,no,no,no,no,no,no,no,no,2198,2,1411,3,296,4063,1466,1566,454,247,46,53,405,475,289,524,245,4709,1600,911,56.94,1303,1664,1913,63.24,321,yes
Thomas Shervey,48,1,no,no,no,no,no,no,no,no,no,no,no,no,no,no,no,no,no,no,no,no,no,no,no,no,no,no,no,no,no,no,no,no,no,no,2198,2,1411,3,296,4063,1466,1566,454,247,46,53,405,475,289,524,245,4709,1600,911,56.94,1303,1664,1913,63.24,321,no
Terrence Hayes,48,1,no,no,no,no,yes,no,yes,no,yes,yes,yes,no,no,no,no,yes,no,no,no,no,no,no,no,no,no,no,no,no,no,no,yes,no,no,no,2198,2,1411,3,296,4063,1466,1566,454,247,46,53,405,475,289,524,245,4709,1600,911,56.94,1303,1664,1913,63.24,321,no
Steph Routh,48,1,no,yes,no,yes,yes,yes,no,no,yes,no,no,yes,yes,no,no,no,no,yes,no,no,no,no,no,no,no,no,no,no,no,no,no,no,yes,no,2198,2,1411,3,296,4063,1466,1566,454,247,46,53,405,475,289,524,245,4709,1600,911,56.94,1303,1664,1913,63.24,321,no
Jamie Dunphy,48,1,no,yes,no,yes,no,no,no,yes,yes,no,no,yes,no,yes,no,no,no,yes,no,yes,yes,no,no,no,no,no,no,no,no,no,no,no,no,no,2198,2,1411,3,296,4063,1466,1566,454,247,46,53,405,475,289,524,245,4709,1600,911,56.94,1303,1664,1913,63.24,321,yes
Timur Ender,29,1,no,yes,no,yes,no,yes,no,yes,no,no,no,no,yes,yes,yes,no,no,no,no,no,no,yes,yes,yes,yes,no,yes,no,no,no,no,no,no,no,20994,2,13342,3,4970,40864,13344,15105,7348,3211,55,44,2718,2438,4206,6944,3499,4803,5015,2575,51.35,4227,4444,4987,60.46,1326,no
Noah Ernst,29,1,no,no,no,no,no,no,yes,no,no,yes,yes,no,no,no,no,no,no,no,yes,no,no,no,no,no,no,no,no,no,no,no,no,no,no,no,20994,2,13342,3,4970,40864,13344,15105,7348,3211,55,44,2718,2438,4206,6944,3499,4803,5015,2575,51.35,4227,4444,4987,60.46,1326,no
Candace Avalos,29,1,no,no,no,yes,no,no,no,yes,no,yes,no,yes,yes,no,yes,no,no,no,no,no,no,no,yes,no,no,no,no,yes,no,no,no,no,no,no,20994,2,13342,3,4970,40864,13344,15105,7348,3211,55,44,2718,2438,4206,6944,3499,4803,5015,2575,51.35,4227,4444,4987,60.46,1326,yes
Joe Allen,29,1,no,no,no,no,no,no,no,no,no,no,no,no,no,no,no,no,no,no,no,no,no,no,no,no,no,no,no,no,no,no,no,no,no,no,20994,2,13342,3,4970,40864,13344,15105,7348,3211,55,44,2718,2438,4206,6944,3499,4803,5015,2575,51.35,4227,4444,4987,60.46,1326,no
David Linn,29,1,no,yes,no,no,no,no,no,no,no,no,no,no,no,no,no,no,no,no,no,no,no,no,no,no,no,no,no,no,no,no,no,no,no,no,20994,2,13342,3,4970,40864,13344,15105,7348,3211,55,44,2718,2438,4206,6944,3499,4803,5015,2575,51.35,4227,4444,4987,60.46,1326,no
Cayle Tern,29,1,no,yes,no,no,no,yes,no,no,no,no,no,no,no,no,yes,no,no,no,no,no,no,no,no,no,no,no,no,no,no,no,no,no,no,no,20994,2,13342,3,4970,40864,13344,15105,7348,3211,55,44,2718,2438,4206,6944,3499,4803,5015,2575,51.35,4227,4444,4987,60.46,1326,no
Doug Clove,29,1,no,no,no,no,no,no,no,no,no,no,no,no,no,no,no,no,no,no,no,no,no,no,no,no,no,no,no,no,no,no,no,no,no,no,20994,2,13342,3,4970,40864,13344,15105,7348,3211,55,44,2718,2438,4206,6944,3499,4803,5015,2575,51.35,4227,4444,4987,60.46,1326,no
Joe Furi,29,1,no,no,no,no,no,no,no,no,no,no,no,no,no,no,no,no,no,no,no,no,no,no,no,no,no,no,no,no,no,no,no,no,no,no,20994,2,13342,3,4970,40864,13344,15105,7348,3211,55,44,2718,2438,4206,6944,3499,4803,5015,2575,51.35,4227,4444,4987,60.46,1326,no
Michael (Mike) Sands,29,1,no,no,no,no,no,no,no,no,no,no,no,no,no,no,no,no,no,no,no,no,no,no,no,no,no,no,no,no,no,no,no,no,no,no,20994,2,13342,3,4970,40864,13344,15105,7348,3211,55,44,2718,2438,4206,6944,3499,4803,5015,2575,51.35,4227,4444,4987,60.46,1326,no
Deian Salazar,29,1,no,no,no,no,no,no,no,no,no,no,no,no,no,no,no,no,no,no,no,no,no,no,no,no,no,no,no,no,no,no,no,no,no,no,20994,2,13342,3,4970,40864,13344,15105,7348,3211,55,44,2718,2438,4206,6944,3499,4803,5015,2575,51.35,4227,4444,4987,60.46,1326,no
Loretta Smith,29,1,no,no,no,no,yes,no,yes,no,yes,no,yes,no,no,no,no,yes,no,no,no,no,no,no,no,no,no,no,no,no,no,no,no,no,no,no,20994,2,13342,3,4970,40864,13344,15105,7348,3211,55,44,2718,2438,4206,6944,3499,4803,5015,2575,51.35,4227,4444,4987,60.46,1326,yes
Thomas Shervey,29,1,no,no,no,no,no,no,no,no,no,no,no,no,no,no,no,no,no,no,no,no,no,no,no,no,no,no,no,no,no,no,no,no,no,no,20994,2,13342,3,4970,40864,13344,15105,7348,3211,55,44,2718,2438,4206,6944,3499,4803,5015,2575,51.35,4227,4444,4987,60.46,1326,no
Terrence Hayes,29,1,no,no,no,no,yes,no,yes,no,yes,yes,yes,no,no,no,no,yes,no,no,no,no,no,no,no,no,no,no,no,no,no,no,yes,no,no,no,20994,2,13342,3,4970,40864,13344,15105,7348,3211,55,44,2718,2438,4206,6944,3499,4803,5015,2575,51.35,4227,4444,4987,60.46,1326,no
Steph Routh,29,1,no,yes,no,yes,yes,yes,no,no,yes,no,no,yes,yes,no,no,no,no,yes,no,no,no,no,no,no,no,no,no,no,no,no,no,no,yes,no,20994,2,13342,3,4970,40864,13344,15105,7348,3211,55,44,2718,2438,4206,6944,3499,4803,5015,2575,51.35,4227,4444,4987,60.46,1326,no
Jamie Dunphy,29,1,no,yes,no,yes,no,no,no,yes,yes,no,no,yes,no,yes,no,no,no,yes,no,yes,yes,no,no,no,no,no,no,no,no,no,no,no,no,no,20994,2,13342,3,4970,40864,13344,15105,7348,3211,55,44,2718,2438,4206,6944,3499,4803,5015,2575,51.35,4227,4444,4987,60.46,1326,yes
Timur Ender,18,1,no,yes,no,yes,no,yes,no,yes,no,no,no,no,yes,yes,yes,no,no,no,no,no,no,yes,yes,yes,yes,no,yes,no,no,no,no,no,no,no,11332,2,6017,2,1718,20570,5379,7399,5191,1877,65,34,1461,1624,2043,3334,2271,4705,4525,3048,67.36,3555,3932,4118,62.96,858,no
Noah Ernst,18,1,no,no,no,no,no,no,yes,no,no,yes,yes,no,no,no,no,no,no,no,yes,no,no,no,no,no,no,no,no,no,no,no,no,no,no,no,11332,2,6017,2,1718,20570,5379,7399,5191,1877,65,34,1461,1624,2043,3334,2271,4705,4525,3048,67.36,3555,3932,4118,62.96,858,no
Candace Avalos,18,1,no,no,no,yes,no,no,no,yes,no,yes,no,yes,yes,no,yes,no,no,no,no,no,no,no,yes,no,no,no,no,yes,no,no,no,no,no,no,11332,2,6017,2,1718,20570,5379,7399,5191,1877,65,34,1461,1624,2043,3334,2271,4705,4525,3048,67.36,3555,3932,4118,62.96,858,yes
Joe Allen,18,1,no,no,no,no,no,no,no,no,no,no,no,no,no,no,no,no,no,no,no,no,no,no,no,no,no,no,no,no,no,no,no,no,no,no,11332,2,6017,2,1718,20570,5379,7399,5191,1877,65,34,1461,1624,2043,3334,2271,4705,4525,3048,67.36,3555,3932,4118,62.96,858,no
David Linn,18,1,no,yes,no,no,no,no,no,no,no,no,no,no,no,no,no,no,no,no,no,no,no,no,no,no,no,no,no,no,no,no,no,no,no,no,11332,2,6017,2,1718,20570,5379,7399,5191,1877,65,34,1461,1624,2043,3334,2271,4705,4525,3048,67.36,3555,3932,4118,62.96,858,no
Cayle Tern,18,1,no,yes,no,no,no,yes,no,no,no,no,no,no,no,no,yes,no,no,no,no,no,no,no,no,no,no,no,no,no,no,no,no,no,no,no,11332,2,6017,2,1718,20570,5379,7399,5191,1877,65,34,1461,1624,2043,3334,2271,4705,4525,3048,67.36,3555,3932,4118,62.96,858,no
Doug Clove,18,1,no,no,no,no,no,no,no,no,no,no,no,no,no,no,no,no,no,no,no,no,no,no,no,no,no,no,no,no,no,no,no,no,no,no,11332,2,6017,2,1718,20570,5379,7399,5191,1877,65,34,1461,1624,2043,3334,2271,4705,4525,3048,67.36,3555,3932,4118,62.96,858,no
Joe Furi,18,1,no,no,no,no,no,no,no,no,no,no,no,no,no,no,no,no,no,no,no,no,no,no,no,no,no,no,no,no,no,no,no,no,no,no,11332,2,6017,2,1718,20570,5379,7399,5191,1877,65,34,1461,1624,2043,3334,2271,4705,4525,3048,67.36,3555,3932,4118,62.96,858,no
Michael (Mike) Sands,18,1,no,no,no,no,no,no,no,no,no,no,no,no,no,no,no,no,no,no,no,no,no,no,no,no,no,no,no,no,no,no,no,no,no,no,11332,2,6017,2,1718,20570,5379,7399,5191,1877,65,34,1461,1624,2043,3334,2271,4705,4525,3048,67.36,3555,3932,4118,62.96,858,no
Deian Salazar,18,1,no,no,no,no,no,no,no,no,no,no,no,no,no,no,no,no,no,no,no,no,no,no,no,no,no,no,no,no,no,no,no,no,no,no,11332,2,6017,2,1718,20570,5379,7399,5191,1877,65,34,1461,1624,2043,3334,2271,4705,4525,3048,67.36,3555,3932,4118,62.96,858,no
Loretta Smith,18,1,no,no,no,no,yes,no,yes,no,yes,no,yes,no,no,no,no,yes,no,no,no,no,no,no,no,no,no,no,no,no,no,no,no,no,no,no,11332,2,6017,2,1718,20570,5379,7399,5191,1877,65,34,1461,1624,2043,3334,2271,4705,4525,3048,67.36,3555,3932,4118,62.96,858,yes
Thomas Shervey,18,1,no,no,no,no,no,no,no,no,no,no,no,no,no,no,no,no,no,no,no,no,no,no,no,no,no,no,no,no,no,no,no,no,no,no,11332,2,6017,2,1718,20570,5379,7399,5191,1877,65,34,1461,1624,2043,3334,2271,4705,4525,3048,67.36,3555,3932,4118,62.96,858,no
Terrence Hayes,18,1,no,no,no,no,yes,no,yes,no,yes,yes,yes,no,no,no,no,yes,no,no,no,no,no,no,no,no,no,no,no,no,no,no,yes,no,no,no,11332,2,6017,2,1718,20570,5379,7399,5191,1877,65,34,1461,1624,2043,3334,2271,4705,4525,3048,67.36,3555,3932,4118,62.96,858,no
Steph Routh,18,1,no,yes,no,yes,yes,yes,no,no,yes,no,no,yes,yes,no,no,no,no,yes,no,no,no,no,no,no,no,no,no,no,no,no,no,no,yes,no,11332,2,6017,2,1718,20570,5379,7399,5191,1877,65,34,1461,1624,2043,3334,2271,4705,4525,3048,67.36,3555,3932,4118,62.96,858,no
Jamie Dunphy,18,1,no,yes,no,yes,no,no,no,yes,yes,no,no,yes,no,yes,no,no,no,yes,no,yes,yes,no,no,no,no,no,no,no,no,no,no,no,no,no,11332,2,6017,2,1718,20570,5379,7399,5191,1877,65,34,1461,1624,2043,3334,2271,4705,4525,3048,67.36,3555,3932,4118,62.96,858,yes
Timur Ender,15,1,no,yes,no,yes,no,yes,no,yes,no,no,no,no,yes,yes,yes,no,no,no,no,no,no,yes,yes,yes,yes,no,yes,no,no,no,no,no,no,no,12583,2,6432,3,1729,22776,6179,8647,4602,1882,50,49,2064,1807,2636,3418,1839,4702,2925,1886,64.48,3376,3573,4080,60.67,1059,no
Noah Ernst,15,1,no,no,no,no,no,no,yes,no,no,yes,yes,no,no,no,no,no,no,no,yes,no,no,no,no,no,no,no,no,no,no,no,no,no,no,no,12583,2,6432,3,1729,22776,6179,8647,4602,1882,50,49,2064,1807,2636,3418,1839,4702,2925,1886,64.48,3376,3573,4080,60.67,1059,no
Candace Avalos,15,1,no,no,no,yes,no,no,no,yes,no,yes,no,yes,yes,no,yes,no,no,no,no,no,no,no,yes,no,no,no,no,yes,no,no,no,no,no,no,12583,2,6432,3,1729,22776,6179,8647,4602,1882,50,49,2064,1807,2636,3418,1839,4702,2925,1886,64.48,3376,3573,4080,60.67,1059,yes
Joe Allen,15,1,no,no,no,no,no,no,no,no,no,no,no,no,no,no,no,no,no,no,no,no,no,no,no,no,no,no,no,no,no,no,no,no,no,no,12583,2,6432,3,1729,22776,6179,8647,4602,1882,50,49,2064,1807,2636,3418,1839,4702,2925,1886,64.48,3376,3573,4080,60.67,1059,no
David Linn,15,1,no,yes,no,no,no,no,no,no,no,no,no,no,no,no,no,no,no,no,no,no,no,no,no,no,no,no,no,no,no,no,no,no,no,no,12583,2,6432,3,1729,22776,6179,8647,4602,1882,50,49,2064,1807,2636,3418,1839,4702,2925,1886,64.48,3376,3573,4080,60.67,1059,no
Cayle Tern,15,1,no,yes,no,no,no,yes,no,no,no,no,no,no,no,no,yes,no,no,no,no,no,no,no,no,no,no,no,no,no,no,no,no,no,no,no,12583,2,6432,3,1729,22776,6179,8647,4602,1882,50,49,2064,1807,2636,3418,1839,4702,2925,1886,64.48,3376,3573,4080,60.67,1059,no
Doug Clove,15,1,no,no,no,no,no,no,no,no,no,no,no,no,no,no,no,no,no,no,no,no,no,no,no,no,no,no,no,no,no,no,no,no,no,no,12583,2,6432,3,1729,22776,6179,8647,4602,1882,50,49,2064,1807,2636,3418,1839,4702,2925,1886,64.48,3376,3573,4080,60.67,1059,no
Joe Furi,15,1,no,no,no,no,no,no,no,no,no,no,no,no,no,no,no,no,no,no,no,no,no,no,no,no,no,no,no,no,no,no,no,no,no,no,12583,2,6432,3,1729,22776,6179,8647,4602,1882,50,49,2064,1807,2636,3418,1839,4702,2925,1886,64.48,3376,3573,4080,60.67,1059,no
Michael (Mike) Sands,15,1,no,no,no,no,no,no,no,no,no,no,no,no,no,no,no,no,no,no,no,no,no,no,no,no,no,no,no,no,no,no,no,no,no,no,12583,2,6432,3,1729,22776,6179,8647,4602,1882,50,49,2064,1807,2636,3418,1839,4702,2925,1886,64.48,3376,3573,4080,60.67,1059,no
Deian Salazar,15,1,no,no,no,no,no,no,no,no,no,no,no,no,no,no,no,no,no,no,no,no,no,no,no,no,no,no,no,no,no,no,no,no,no,no,12583,2,6432,3,1729,22776,6179,8647,4602,1882,50,49,2064,1807,2636,3418,1839,4702,2925,1886,64.48,3376,3573,4080,60.67,1059,no
Loretta Smith,15,1,no,no,no,no,yes,no,yes,no,yes,no,yes,no,no,no,no,yes,no,no,no,no,no,no,no,no,no,no,no,no,no,no,no,no,no,no,12583,2,6432,3,1729,22776,6179,8647,4602,1882,50,49,2064,1807,2636,3418,1839,4702,2925,1886,64.48,3376,3573,4080,60.67,1059,yes
Thomas Shervey,15,1,no,no,no,no,no,no,no,no,no,no,no,no,no,no,no,no,no,no,no,no,no,no,no,no,no,no,no,no,no,no,no,no,no,no,12583,2,6432,3,1729,22776,6179,8647,4602,1882,50,49,2064,1807,2636,3418,1839,4702,2925,1886,64.48,3376,3573,4080,60.67,1059,no
Terrence Hayes,15,1,no,no,no,no,yes,no,yes,no,yes,yes,yes,no,no,no,no,yes,no,no,no,no,no,no,no,no,no,no,no,no,no,no,yes,no,no,no,12583,2,6432,3,1729,22776,6179,8647,4602,1882,50,49,2064,1807,2636,3418,1839,4702,2925,1886,64.48,3376,3573,4080,60.67,1059,no
Steph Routh,15,1,no,yes,no,yes,yes,yes,no,no,yes,no,no,yes,yes,no,no,no,no,yes,no,no,no,no,no,no,no,no,no,no,no,no,no,no,yes,no,12583,2,6432,3,1729,22776,6179,8647,4602,1882,50,49,2064,1807,2636,3418,1839,4702,2925,1886,64.48,3376,3573,4080,60.67,1059,no
Jamie Dunphy,15,1,no,yes,no,yes,no,no,no,yes,yes,no,no,yes,no,yes,no,no,no,yes,no,yes,yes,no,no,no,no,no,no,no,no,no,no,no,no,no,12583,2,6432,3,1729,22776,6179,8647,4602,1882,50,49,2064,1807,2636,3418,1839,4702,2925,1886,64.48,3376,3573,4080,60.67,1059,yes
Timur Ender,24,1,no,yes,no,yes,no,yes,no,yes,no,no,no,no,yes,yes,yes,no,no,no,no,no,no,yes,yes,yes,yes,no,yes,no,no,no,no,no,no,no,18161,2,12339,3,3704,37028,11801,13886,5427,3065,65,34,2193,1937,3491,6007,3404,4806,8335,4991,59.88,11340,12733,14987,65.32,3391,no
Noah Ernst,24,1,no,no,no,no,no,no,yes,no,no,yes,yes,no,no,no,no,no,no,no,yes,no,no,no,no,no,no,no,no,no,no,no,no,no,no,no,18161,2,12339,3,3704,37028,11801,13886,5427,3065,65,34,2193,1937,3491,6007,3404,4806,8335,4991,59.88,11340,12733,14987,65.32,3391,no
Candace Avalos,24,1,no,no,no,yes,no,no,no,yes,no,yes,no,yes,yes,no,yes,no,no,no,no,no,no,no,yes,no,no,no,no,yes,no,no,no,no,no,no,18161,2,12339,3,3704,37028,11801,13886,5427,3065,65,34,2193,1937,3491,6007,3404,4806,8335,4991,59.88,11340,12733,14987,65.32,3391,yes
Joe Allen,24,1,no,no,no,no,no,no,no,no,no,no,no,no,no,no,no,no,no,no,no,no,no,no,no,no,no,no,no,no,no,no,no,no,no,no,18161,2,12339,3,3704,37028,11801,13886,5427,3065,65,34,2193,1937,3491,6007,3404,4806,8335,4991,59.88,11340,12733,14987,65.32,3391,no
David Linn,24,1,no,yes,no,no,no,no,no,no,no,no,no,no,no,no,no,no,no,no,no,no,no,no,no,no,no,no,no,no,no,no,no,no,no,no,18161,2,12339,3,3704,37028,11801,13886,5427,3065,65,34,2193,1937,3491,6007,3404,4806,8335,4991,59.88,11340,12733,14987,65.32,3391,no
Cayle Tern,24,1,no,yes,no,no,no,yes,no,no,no,no,no,no,no,no,yes,no,no,no,no,no,no,no,no,no,no,no,no,no,no,no,no,no,no,no,18161,2,12339,3,3704,37028,11801,13886,5427,3065,65,34,2193,1937,3491,6007,3404,4806,8335,4991,59.88,11340,12733,14987,65.32,3391,no
Doug Clove,24,1,no,no,no,no,no,no,no,no,no,no,no,no,no,no,no,no,no,no,no,no,no,no,no,no,no,no,no,no,no,no,no,no,no,no,18161,2,12339,3,3704,37028,11801,13886,5427,3065,65,34,2193,1937,3491,6007,3404,4806,8335,4991,59.88,11340,12733,14987,65.32,3391,no
Joe Furi,24,1,no,no,no,no,no,no,no,no,no,no,no,no,no,no,no,no,no,no,no,no,no,no,no,no,no,no,no,no,no,no,no,no,no,no,18161,2,12339,3,3704,37028,11801,13886,5427,3065,65,34,2193,1937,3491,6007,3404,4806,8335,4991,59.88,11340,12733,14987,65.32,3391,no
Michael (Mike) Sands,24,1,no,no,no,no,no,no,no,no,no,no,no,no,no,no,no,no,no,no,no,no,no,no,no,no,no,no,no,no,no,no,no,no,no,no,18161,2,12339,3,3704,37028,11801,13886,5427,3065,65,34,2193,1937,3491,6007,3404,4806,8335,4991,59.88,11340,12733,14987,65.32,3391,no
Deian Salazar,24,1,no,no,no,no,no,no,no,no,no,no,no,no,no,no,no,no,no,no,no,no,no,no,no,no,no,no,no,no,no,no,no,no,no,no,18161,2,12339,3,3704,37028,11801,13886,5427,3065,65,34,2193,1937,3491,6007,3404,4806,8335,4991,59.88,11340,12733,14987,65.32,3391,no
Loretta Smith,24,1,no,no,no,no,yes,no,yes,no,yes,no,yes,no,no,no,no,yes,no,no,no,no,no,no,no,no,no,no,no,no,no,no,no,no,no,no,18161,2,12339,3,3704,37028,11801,13886,5427,3065,65,34,2193,1937,3491,6007,3404,4806,8335,4991,59.88,11340,12733,14987,65.32,3391,yes
Thomas Shervey,24,1,no,no,no,no,no,no,no,no,no,no,no,no,no,no,no,no,no,no,no,no,no,no,no,no,no,no,no,no,no,no,no,no,no,no,18161,2,12339,3,3704,37028,11801,13886,5427,3065,65,34,2193,1937,3491,6007,3404,4806,8335,4991,59.88,11340,12733,14987,65.32,3391,no
Terrence Hayes,24,1,no,no,no,no,yes,no,yes,no,yes,yes,yes,no,no,no,no,yes,no,no,no,no,no,no,no,no,no,no,no,no,no,no,yes,no,no,no,18161,2,12339,3,3704,37028,11801,13886,5427,3065,65,34,2193,1937,3491,6007,3404,4806,8335,4991,59.88,11340,12733,14987,65.32,3391,no
Steph Routh,24,1,no,yes,no,yes,yes,yes,no,no,yes,no,no,yes,yes,no,no,no,no,yes,no,no,no,no,no,no,no,no,no,no,no,no,no,no,yes,no,18161,2,12339,3,3704,37028,11801,13886,5427,3065,65,34,2193,1937,3491,6007,3404,4806,8335,4991,59.88,11340,12733,14987,65.32,3391,no
Jamie Dunphy,24,1,no,yes,no,yes,no,no,no,yes,yes,no,no,yes,no,yes,no,no,no,yes,no,yes,yes,no,no,no,no,no,no,no,no,no,no,no,no,no,18161,2,12339,3,3704,37028,11801,13886,5427,3065,65,34,2193,1937,3491,6007,3404,4806,8335,4991,59.88,11340,12733,14987,65.32,3391,yes
Timur Ender,11,1,no,yes,no,yes,no,yes,no,yes,no,no,no,no,yes,yes,yes,no,no,no,no,no,no,yes,yes,yes,yes,no,yes,no,no,no,no,no,no,no,27098,2,15782,2,5143,51201,11950,16711,14104,7552,58,41,3822,2333,4996,8612,6440,4606,7552,4563,60.42,6297,7696,8446,59.05,1630,no
Noah Ernst,11,1,no,no,no,no,no,no,yes,no,no,yes,yes,no,no,no,no,no,no,no,yes,no,no,no,no,no,no,no,no,no,no,no,no,no,no,no,27098,2,15782,2,5143,51201,11950,16711,14104,7552,58,41,3822,2333,4996,8612,6440,4606,7552,4563,60.42,6297,7696,8446,59.05,1630,no
Candace Avalos,11,1,no,no,no,yes,no,no,no,yes,no,yes,no,yes,yes,no,yes,no,no,no,no,no,no,no,yes,no,no,no,no,yes,no,no,no,no,no,no,27098,2,15782,2,5143,51201,11950,16711,14104,7552,58,41,3822,2333,4996,8612,6440,4606,7552,4563,60.42,6297,7696,8446,59.05,1630,yes
Joe Allen,11,1,no,no,no,no,no,no,no,no,no,no,no,no,no,no,no,no,no,no,no,no,no,no,no,no,no,no,no,no,no,no,no,no,no,no,27098,2,15782,2,5143,51201,11950,16711,14104,7552,58,41,3822,2333,4996,8612,6440,4606,7552,4563,60.42,6297,7696,8446,59.05,1630,no
David Linn,11,1,no,yes,no,no,no,no,no,no,no,no,no,no,no,no,no,no,no,no,no,no,no,no,no,no,no,no,no,no,no,no,no,no,no,no,27098,2,15782,2,5143,51201,11950,16711,14104,7552,58,41,3822,2333,4996,8612,6440,4606,7552,4563,60.42,6297,7696,8446,59.05,1630,no
Cayle Tern,11,1,no,yes,no,no,no,yes,no,no,no,no,no,no,no,no,yes,no,no,no,no,no,no,no,no,no,no,no,no,no,no,no,no,no,no,no,27098,2,15782,2,5143,51201,11950,16711,14104,7552,58,41,3822,2333,4996,8612,6440,4606,7552,4563,60.42,6297,7696,8446,59.05,1630,no
Doug Clove,11,1,no,no,no,no,no,no,no,no,no,no,no,no,no,no,no,no,no,no,no,no,no,no,no,no,no,no,no,no,no,no,no,no,no,no,27098,2,15782,2,5143,51201,11950,16711,14104,7552,58,41,3822,2333,4996,8612,6440,4606,7552,4563,60.42,6297,7696,8446,59.05,1630,no
Joe Furi,11,1,no,no,no,no,no,no,no,no,no,no,no,no,no,no,no,no,no,no,no,no,no,no,no,no,no,no,no,no,no,no,no,no,no,no,27098,2,15782,2,5143,51201,11950,16711,14104,7552,58,41,3822,2333,4996,8612,6440,4606,7552,4563,60.42,6297,7696,8446,59.05,1630,no
Michael (Mike) Sands,11,1,no,no,no,no,no,no,no,no,no,no,no,no,no,no,no,no,no,no,no,no,no,no,no,no,no,no,no,no,no,no,no,no,no,no,27098,2,15782,2,5143,51201,11950,16711,14104,7552,58,41,3822,2333,4996,8612,6440,4606,7552,4563,60.42,6297,7696,8446,59.05,1630,no
Deian Salazar,11,1,no,no,no,no,no,no,no,no,no,no,no,no,no,no,no,no,no,no,no,no,no,no,no,no,no,no,no,no,no,no,no,no,no,no,27098,2,15782,2,5143,51201,11950,16711,14104,7552,58,41,3822,2333,4996,8612,6440,4606,7552,4563,60.42,6297,7696,8446,59.05,1630,no
Loretta Smith,11,1,no,no,no,no,yes,no,yes,no,yes,no,yes,no,no,no,no,yes,no,no,no,no,no,no,no,no,no,no,no,no,no,no,no,no,no,no,27098,2,15782,2,5143,51201,11950,16711,14104,7552,58,41,3822,2333,4996,8612,6440,4606,7552,4563,60.42,6297,7696,8446,59.05,1630,yes
Thomas Shervey,11,1,no,no,no,no,no,no,no,no,no,no,no,no,no,no,no,no,no,no,no,no,no,no,no,no,no,no,no,no,no,no,no,no,no,no,27098,2,15782,2,5143,51201,11950,16711,14104,7552,58,41,3822,2333,4996,8612,6440,4606,7552,4563,60.42,6297,7696,8446,59.05,1630,no
Terrence Hayes,11,1,no,no,no,no,yes,no,yes,no,yes,yes,yes,no,no,no,no,yes,no,no,no,no,no,no,no,no,no,no,no,no,no,no,yes,no,no,no,27098,2,15782,2,5143,51201,11950,16711,14104,7552,58,41,3822,2333,4996,8612,6440,4606,7552,4563,60.42,6297,7696,8446,59.05,1630,no
Steph Routh,11,1,no,yes,no,yes,yes,yes,no,no,yes,no,no,yes,yes,no,no,no,no,yes,no,no,no,no,no,no,no,no,no,no,no,no,no,no,yes,no,27098,2,15782,2,5143,51201,11950,16711,14104,7552,58,41,3822,2333,4996,8612,6440,4606,7552,4563,60.42,6297,7696,8446,59.05,1630,no
Jamie Dunphy,11,1,no,yes,no,yes,no,no,no,yes,yes,no,no,yes,no,yes,no,no,no,yes,no,yes,yes,no,no,no,no,no,no,no,no,no,no,no,no,no,27098,2,15782,2,5143,51201,11950,16711,14104,7552,58,41,3822,2333,4996,8612,6440,4606,7552,4563,60.42,6297,7696,8446,59.05,1630,yes
Timur Ender,41,1,no,yes,no,yes,no,yes,no,yes,no,no,no,no,yes,yes,yes,no,no,no,no,no,no,yes,yes,yes,yes,no,yes,no,no,no,no,no,no,no,10282,2,6268,3,2373,19576,6348,7504,4020,1698,63,36,1647,1217,1636,3161,2129,4509,1257,844,67.14,1378,1433,1601,59.83,330,no
Noah Ernst,41,1,no,no,no,no,no,no,yes,no,no,yes,yes,no,no,no,no,no,no,no,yes,no,no,no,no,no,no,no,no,no,no,no,no,no,no,no,10282,2,6268,3,2373,19576,6348,7504,4020,1698,63,36,1647,1217,1636,3161,2129,4509,1257,844,67.14,1378,1433,1601,59.83,330,no
Candace Avalos,41,1,no,no,no,yes,no,no,no,yes,no,yes,no,yes,yes,no,yes,no,no,no,no,no,no,no,yes,no,no,no,no,yes,no,no,no,no,no,no,10282,2,6268,3,2373,19576,6348,7504,4020,1698,63,36,1647,1217,1636,3161,2129,4509,1257,844,67.14,1378,1433,1601,59.83,330,yes
Joe Allen,41,1,no,no,no,no,no,no,no,no,no,no,no,no,no,no,no,no,no,no,no,no,no,no,no,no,no,no,no,no,no,no,no,no,no,no,10282,2,6268,3,2373,19576,6348,7504,4020,1698,63,36,1647,1217,1636,3161,2129,4509,1257,844,67.14,1378,1433,1601,59.83,330,no
David Linn,41,1,no,yes,no,no,no,no,no,no,no,no,no,no,no,no,no,no,no,no,no,no,no,no,no,no,no,no,no,no,no,no,no,no,no,no,10282,2,6268,3,2373,19576,6348,7504,4020,1698,63,36,1647,1217,1636,3161,2129,4509,1257,844,67.14,1378,1433,1601,59.83,330,no
Cayle Tern,41,1,no,yes,no,no,no,yes,no,no,no,no,no,no,no,no,yes,no,no,no,no,no,no,no,no,no,no,no,no,no,no,no,no,no,no,no,10282,2,6268,3,2373,19576,6348,7504,4020,1698,63,36,1647,1217,1636,3161,2129,4509,1257,844,67.14,1378,1433,1601,59.83,330,no
Doug Clove,41,1,no,no,no,no,no,no,no,no,no,no,no,no,no,no,no,no,no,no,no,no,no,no,no,no,no,no,no,no,no,no,no,no,no,no,10282,2,6268,3,2373,19576,6348,7504,4020,1698,63,36,1647,1217,1636,3161,2129,4509,1257,844,67.14,1378,1433,1601,59.83,330,no
Joe Furi,41,1,no,no,no,no,no,no,no,no,no,no,no,no,no,no,no,no,no,no,no,no,no,no,no,no,no,no,no,no,no,no,no,no,no,no,10282,2,6268,3,2373,19576,6348,7504,4020,1698,63,36,1647,1217,1636,3161,2129,4509,1257,844,67.14,1378,1433,1601,59.83,330,no
Michael (Mike) Sands,41,1,no,no,no,no,no,no,no,no,no,no,no,no,no,no,no,no,no,no,no,no,no,no,no,no,no,no,no,no,no,no,no,no,no,no,10282,2,6268,3,2373,19576,6348,7504,4020,1698,63,36,1647,1217,1636,3161,2129,4509,1257,844,67.14,1378,1433,1601,59.83,330,no
Deian Salazar,41,1,no,no,no,no,no,no,no,no,no,no,no,no,no,no,no,no,no,no,no,no,no,no,no,no,no,no,no,no,no,no,no,no,no,no,10282,2,6268,3,2373,19576,6348,7504,4020,1698,63,36,1647,1217,1636,3161,2129,4509,1257,844,67.14,1378,1433,1601,59.83,330,no
Loretta Smith,41,1,no,no,no,no,yes,no,yes,no,yes,no,yes,no,no,no,no,yes,no,no,no,no,no,no,no,no,no,no,no,no,no,no,no,no,no,no,10282,2,6268,3,2373,19576,6348,7504,4020,1698,63,36,1647,1217,1636,3161,2129,4509,1257,844,67.14,1378,1433,1601,59.83,330,yes
Thomas Shervey,41,1,no,no,no,no,no,no,no,no,no,no,no,no,no,no,no,no,no,no,no,no,no,no,no,no,no,no,no,no,no,no,no,no,no,no,10282,2,6268,3,2373,19576,6348,7504,4020,1698,63,36,1647,1217,1636,3161,2129,4509,1257,844,67.14,1378,1433,1601,59.83,330,no
Terrence Hayes,41,1,no,no,no,no,yes,no,yes,no,yes,yes,yes,no,no,no,no,yes,no,no,no,no,no,no,no,no,no,no,no,no,no,no,yes,no,no,no,10282,2,6268,3,2373,19576,6348,7504,4020,1698,63,36,1647,1217,1636,3161,2129,4509,1257,844,67.14,1378,1433,1601,59.83,330,no
Steph Routh,41,1,no,yes,no,yes,yes,yes,no,no,yes,no,no,yes,yes,no,no,no,no,yes,no,no,no,no,no,no,no,no,no,no,no,no,no,no,yes,no,10282,2,6268,3,2373,19576,6348,7504,4020,1698,63,36,1647,1217,1636,3161,2129,4509,1257,844,67.14,1378,1433,1601,59.83,330,no
Jamie Dunphy,41,1,no,yes,no,yes,no,no,no,yes,yes,no,no,yes,no,yes,no,no,no,yes,no,yes,yes,no,no,no,no,no,no,no,no,no,no,no,no,no,10282,2,6268,3,2373,19576,6348,7504,4020,1698,63,36,1647,1217,1636,3161,2129,4509,1257,844,67.14,1378,1433,1601,59.83,330,yes
Timur Ender,13,1,no,yes,no,yes,no,yes,no,yes,no,no,no,no,yes,yes,yes,no,no,no,no,no,no,yes,yes,yes,yes,no,yes,no,no,no,no,no,no,no,17109,2,9600,3,3209,31711,9984,11626,5433,2317,47,52,2881,2387,3504,4606,2551,4708,8290,4757,57.38,6,7,7,66.68,1,no
Noah Ernst,13,1,no,no,no,no,no,no,yes,no,no,yes,yes,no,no,no,no,no,no,no,yes,no,no,no,no,no,no,no,no,no,no,no,no,no,no,no,17109,2,9600,3,3209,31711,9984,11626,5433,2317,47,52,2881,2387,3504,4606,2551,4708,8290,4757,57.38,6,7,7,66.68,1,no
Candace Avalos,13,1,no,no,no,yes,no,no,no,yes,no,yes,no,yes,yes,no,yes,no,no,no,no,no,no,no,yes,no,no,no,no,yes,no,no,no,no,no,no,17109,2,9600,3,3209,31711,9984,11626,5433,2317,47,52,2881,2387,3504,4606,2551,4708,8290,4757,57.38,6,7,7,66.68,1,yes
Joe Allen,13,1,no,no,no,no,no,no,no,no,no,no,no,no,no,no,no,no,no,no,no,no,no,no,no,no,no,no,no,no,no,no,no,no,no,no,17109,2,9600,3,3209,31711,9984,11626,5433,2317,47,52,2881,2387,3504,4606,2551,4708,8290,4757,57.38,6,7,7,66.68,1,no
David Linn,13,1,no,yes,no,no,no,no,no,no,no,no,no,no,no,no,no,no,no,no,no,no,no,no,no,no,no,no,no,no,no,no,no,no,no,no,17109,2,9600,3,3209,31711,9984,11626,5433,2317,47,52,2881,2387,3504,4606,2551,4708,8290,4757,57.38,6,7,7,66.68,1,no
Cayle Tern,13,1,no,yes,no,no,no,yes,no,no,no,no,no,no,no,no,yes,no,no,no,no,no,no,no,no,no,no,no,no,no,no,no,no,no,no,no,17109,2,9600,3,3209,31711,9984,11626,5433,2317,47,52,2881,2387,3504,4606,2551,4708,8290,4757,57.38,6,7,7,66.68,1,no
Doug Clove,13,1,no,no,no,no,no,no,no,no,no,no,no,no,no,no,no,no,no,no,no,no,no,no,no,no,no,no,no,no,no,no,no,no,no,no,17109,2,9600,3,3209,31711,9984,11626,5433,2317,47,52,2881,2387,3504,4606,2551,4708,8290,4757,57.38,6,7,7,66.68,1,no
Joe Furi,13,1,no,no,no,no,no,no,no,no,no,no,no,no,no,no,no,no,no,no,no,no,no,no,no,no,no,no,no,no,no,no,no,no,no,no,17109,2,9600,3,3209,31711,9984,11626,5433,2317,47,52,2881,2387,3504,4606,2551,4708,8290,4757,57.38,6,7,7,66.68,1,no
Michael (Mike) Sands,13,1,no,no,no,no,no,no,no,no,no,no,no,no,no,no,no,no,no,no,no,no,no,no,no,no,no,no,no,no,no,no,no,no,no,no,17109,2,9600,3,3209,31711,9984,11626,5433,2317,47,52,2881,2387,3504,4606,2551,4708,8290,4757,57.38,6,7,7,66.68,1,no
Deian Salazar,13,1,no,no,no,no,no,no,no,no,no,no,no,no,no,no,no,no,no,no,no,no,no,no,no,no,no,no,no,no,no,no,no,no,no,no,17109,2,9600,3,3209,31711,9984,11626,5433,2317,47,52,2881,2387,3504,4606,2551,4708,8290,4757,57.38,6,7,7,66.68,1,no
Loretta Smith,13,1,no,no,no,no,yes,no,yes,no,yes,no,yes,no,no,no,no,yes,no,no,no,no,no,no,no,no,no,no,no,no,no,no,no,no,no,no,17109,2,9600,3,3209,31711,9984,11626,5433,2317,47,52,2881,2387,3504,4606,2551,4708,8290,4757,57.38,6,7,7,66.68,1,yes
Thomas Shervey,13,1,no,no,no,no,no,no,no,no,no,no,no,no,no,no,no,no,no,no,no,no,no,no,no,no,no,no,no,no,no,no,no,no,no,no,17109,2,9600,3,3209,31711,9984,11626,5433,2317,47,52,2881,2387,3504,4606,2551,4708,8290,4757,57.38,6,7,7,66.68,1,no
Terrence Hayes,13,1,no,no,no,no,yes,no,yes,no,yes,yes,yes,no,no,no,no,yes,no,no,no,no,no,no,no,no,no,no,no,no,no,no,yes,no,no,no,17109,2,9600,3,3209,31711,9984,11626,5433,2317,47,52,2881,2387,3504,4606,2551,4708,8290,4757,57.38,6,7,7,66.68,1,no
Steph Routh,13,1,no,yes,no,yes,yes,yes,no,no,yes,no,no,yes,yes,no,no,no,no,yes,no,no,no,no,no,no,no,no,no,no,no,no,no,no,yes,no,17109,2,9600,3,3209,31711,9984,11626,5433,2317,47,52,2881,2387,3504,4606,2551,4708,8290,4757,57.38,6,7,7,66.68,1,no
Jamie Dunphy,13,1,no,yes,no,yes,no,no,no,yes,yes,no,no,yes,no,yes,no,no,no,yes,no,yes,yes,no,no,no,no,no,no,no,no,no,no,no,no,no,17109,2,9600,3,3209,31711,9984,11626,5433,2317,47,52,2881,2387,3504,4606,2551,4708,8290,4757,57.38,6,7,7,66.68,1,yes
Timur Ender,58,1,no,yes,no,yes,no,yes,no,yes,no,no,no,no,yes,yes,yes,no,no,no,no,no,no,yes,yes,yes,yes,no,yes,no,no,no,no,no,no,no,12761,2,7036,3,1868,23557,6951,7953,4963,2065,60,39,1866,1899,2676,2961,2485,4706,3953,2705,68.43,4145,4433,4792,69.78,899,no
Noah Ernst,58,1,no,no,no,no,no,no,yes,no,no,yes,yes,no,no,no,no,no,no,no,yes,no,no,no,no,no,no,no,no,no,no,no,no,no,no,no,12761,2,7036,3,1868,23557,6951,7953,4963,2065,60,39,1866,1899,2676,2961,2485,4706,3953,2705,68.43,4145,4433,4792,69.78,899,no
Candace Avalos,58,1,no,no,no,yes,no,no,no,yes,no,yes,no,yes,yes,no,yes,no,no,no,no,no,no,no,yes,no,no,no,no,yes,no,no,no,no,no,no,12761,2,7036,3,1868,23557,6951,7953,4963,2065,60,39,1866,1899,2676,2961,2485,4706,3953,2705,68.43,4145,4433,4792,69.78,899,yes
Joe Allen,58,1,no,no,no,no,no,no,no,no,no,no,no,no,no,no,no,no,no,no,no,no,no,no,no,no,no,no,no,no,no,no,no,no,no,no,12761,2,7036,3,1868,23557,6951,7953,4963,2065,60,39,1866,1899,2676,2961,2485,4706,3953,2705,68.43,4145,4433,4792,69.78,899,no
David Linn,58,1,no,yes,no,no,no,no,no,no,no,no,no,no,no,no,no,no,no,no,no,no,no,no,no,no,no,no,no,no,no,no,no,no,no,no,12761,2,7036,3,1868,23557,6951,7953,4963,2065,60,39,1866,1899,2676,2961,2485,4706,3953,2705,68.43,4145,4433,4792,69.78,899,no
Cayle Tern,58,1,no,yes,no,no,no,yes,no,no,no,no,no,no,no,no,yes,no,no,no,no,no,no,no,no,no,no,no,no,no,no,no,no,no,no,no,12761,2,7036,3,1868,23557,6951,7953,4963,2065,60,39,1866,1899,2676,2961,2485,4706,3953,2705,68.43,4145,4433,4792,69.78,899,no
Doug Clove,58,1,no,no,no,no,no,no,no,no,no,no,no,no,no,no,no,no,no,no,no,no,no,no,no,no,no,no,no,no,no,no,no,no,no,no,12761,2,7036,3,1868,23557,6951,7953,4963,2065,60,39,1866,1899,2676,2961,2485,4706,3953,2705,68.43,4145,4433,4792,69.78,899,no
Joe Furi,58,1,no,no,no,no,no,no,no,no,no,no,no,no,no,no,no,no,no,no,no,no,no,no,no,no,no,no,no,no,no,no,no,no,no,no,12761,2,7036,3,1868,23557,6951,7953,4963,2065,60,39,1866,1899,2676,2961,2485,4706,3953,2705,68.43,4145,4433,4792,69.78,899,no
Michael (Mike) Sands,58,1,no,no,no,no,no,no,no,no,no,no,no,no,no,no,no,no,no,no,no,no,no,no,no,no,no,no,no,no,no,no,no,no,no,no,12761,2,7036,3,1868,23557,6951,7953,4963,2065,60,39,1866,1899,2676,2961,2485,4706,3953,2705,68.43,4145,4433,4792,69.78,899,no
Deian Salazar,58,1,no,no,no,no,no,no,no,no,no,no,no,no,no,no,no,no,no,no,no,no,no,no,no,no,no,no,no,no,no,no,no,no,no,no,12761,2,7036,3,1868,23557,6951,7953,4963,2065,60,39,1866,1899,2676,2961,2485,4706,3953,2705,68.43,4145,4433,4792,69.78,899,no
Loretta Smith,58,1,no,no,no,no,yes,no,yes,no,yes,no,yes,no,no,no,no,yes,no,no,no,no,no,no,no,no,no,no,no,no,no,no,no,no,no,no,12761,2,7036,3,1868,23557,6951,7953,4963,2065,60,39,1866,1899,2676,2961,2485,4706,3953,2705,68.43,4145,4433,4792,69.78,899,yes
Thomas Shervey,58,1,no,no,no,no,no,no,no,no,no,no,no,no,no,no,no,no,no,no,no,no,no,no,no,no,no,no,no,no,no,no,no,no,no,no,12761,2,7036,3,1868,23557,6951,7953,4963,2065,60,39,1866,1899,2676,2961,2485,4706,3953,2705,68.43,4145,4433,4792,69.78,899,no
Terrence Hayes,58,1,no,no,no,no,yes,no,yes,no,yes,yes,yes,no,no,no,no,yes,no,no,no,no,no,no,no,no,no,no,no,no,no,no,yes,no,no,no,12761,2,7036,3,1868,23557,6951,7953,4963,2065,60,39,1866,1899,2676,2961,2485,4706,3953,2705,68.43,4145,4433,4792,69.78,899,no
Steph Routh,58,1,no,yes,no,yes,yes,yes,no,no,yes,no,no,yes,yes,no,no,no,no,yes,no,no,no,no,no,no,no,no,no,no,no,no,no,no,yes,no,12761,2,7036,3,1868,23557,6951,7953,4963,2065,60,39,1866,1899,2676,2961,2485,4706,3953,2705,68.43,4145,4433,4792,69.78,899,no
Jamie Dunphy,58,1,no,yes,no,yes,no,no,no,yes,yes,no,no,yes,no,yes,no,no,no,yes,no,yes,yes,no,no,no,no,no,no,no,no,no,no,no,no,no,12761,2,7036,3,1868,23557,6951,7953,4963,2065,60,39,1866,1899,2676,2961,2485,4706,3953,2705,68.43,4145,4433,4792,69.78,899,yes
Timur Ender,5,1,no,yes,no,yes,no,yes,no,yes,no,no,no,no,yes,yes,yes,no,no,no,no,no,no,yes,yes,yes,yes,no,yes,no,no,no,no,no,no,no,6938,2,4434,3,1427,13480,4095,5085,1543,659,57,42,1491,555,1698,1917,731,5003,627,356,56.78,496,508,616,68.17,114,no
Noah Ernst,5,1,no,no,no,no,no,no,yes,no,no,yes,yes,no,no,no,no,no,no,no,yes,no,no,no,no,no,no,no,no,no,no,no,no,no,no,no,6938,2,4434,3,1427,13480,4095,5085,1543,659,57,42,1491,555,1698,1917,731,5003,627,356,56.78,496,508,616,68.17,114,no
Candace Avalos,5,1,no,no,no,yes,no,no,no,yes,no,yes,no,yes,yes,no,yes,no,no,no,no,no,no,no,yes,no,no,no,no,yes,no,no,no,no,no,no,6938,2,4434,3,1427,13480,4095,5085,1543,659,57,42,1491,555,1698,1917,731,5003,627,356,56.78,496,508,616,68.17,114,yes
Joe Allen,5,1,no,no,no,no,no,no,no,no,no,no,no,no,no,no,no,no,no,no,no,no,no,no,no,no,no,no,no,no,no,no,no,no,no,no,6938,2,4434,3,1427,13480,4095,5085,1543,659,57,42,1491,555,1698,1917,731,5003,627,356,56.78,496,508,616,68.17,114,no
David Linn,5,1,no,yes,no,no,no,no,no,no,no,no,no,no,no,no,no,no,no,no,no,no,no,no,no,no,no,no,no,no,no,no,no,no,no,no,6938,2,4434,3,1427,13480,4095,5085,1543,659,57,42,1491,555,1698,1917,731,5003,627,356,56.78,496,508,616,68.17,114,no
Cayle Tern,5,1,no,yes,no,no,no,yes,no,no,no,no,no,no,no,no,yes,no,no,no,no,no,no,no,no,no,no,no,no,no,no,no,no,no,no,no,6938,2,4434,3,1427,13480,4095,5085,1543,659,57,42,1491,555,1698,1917,731,5003,627,356,56.78,496,508,616,68.17,114,no
Doug Clove,5,1,no,no,no,no,no,no,no,no,no,no,no,no,no,no,no,no,no,no,no,no,no,no,no,no,no,no,no,no,no,no,no,no,no,no,6938,2,4434,3,1427,13480,4095,5085,1543,659,57,42,1491,555,1698,1917,731,5003,627,356,56.78,496,508,616,68.17,114,no
Joe Furi,5,1,no,no,no,no,no,no,no,no,no,no,no,no,no,no,no,no,no,no,no,no,no,no,no,no,no,no,no,no,no,no,no,no,no,no,6938,2,4434,3,1427,13480,4095,5085,1543,659,57,42,1491,555,1698,1917,731,5003,627,356,56.78,496,508,616,68.17,114,no
Michael (Mike) Sands,5,1,no,no,no,no,no,no,no,no,no,no,no,no,no,no,no,no,no,no,no,no,no,no,no,no,no,no,no,no,no,no,no,no,no,no,6938,2,4434,3,1427,13480,4095,5085,1543,659,57,42,1491,555,1698,1917,731,5003,627,356,56.78,496,508,616,68.17,114,no
Deian Salazar,5,1,no,no,no,no,no,no,no,no,no,no,no,no,no,no,no,no,no,no,no,no,no,no,no,no,no,no,no,no,no,no,no,no,no,no,6938,2,4434,3,1427,13480,4095,5085,1543,659,57,42,1491,555,1698,1917,731,5003,627,356,56.78,496,508,616,68.17,114,no
Loretta Smith,5,1,no,no,no,no,yes,no,yes,no,yes,no,yes,no,no,no,no,yes,no,no,no,no,no,no,no,no,no,no,no,no,no,no,no,no,no,no,6938,2,4434,3,1427,13480,4095,5085,1543,659,57,42,1491,555,1698,1917,731,5003,627,356,56.78,496,508,616,68.17,114,yes
Thomas Shervey,5,1,no,no,no,no,no,no,no,no,no,no,no,no,no,no,no,no,no,no,no,no,no,no,no,no,no,no,no,no,no,no,no,no,no,no,6938,2,4434,3,1427,13480,4095,5085,1543,659,57,42,1491,555,1698,1917,731,5003,627,356,56.78,496,508,616,68.17,114,no
Terrence Hayes,5,1,no,no,no,no,yes,no,yes,no,yes,yes,yes,no,no,no,no,yes,no,no,no,no,no,no,no,no,no,no,no,no,no,no,yes,no,no,no,6938,2,4434,3,1427,13480,4095,5085,1543,659,57,42,1491,555,1698,1917,731,5003,627,356,56.78,496,508,616,68.17,114,no
Steph Routh,5,1,no,yes,no,yes,yes,yes,no,no,yes,no,no,yes,yes,no,no,no,no,yes,no,no,no,no,no,no,no,no,no,no,no,no,no,no,yes,no,6938,2,4434,3,1427,13480,4095,5085,1543,659,57,42,1491,555,1698,1917,731,5003,627,356,56.78,496,508,616,68.17,114,no
Jamie Dunphy,5,1,no,yes,no,yes,no,no,no,yes,yes,no,no,yes,no,yes,no,no,no,yes,no,yes,yes,no,no,no,no,no,no,no,no,no,no,no,no,no,6938,2,4434,3,1427,13480,4095,5085,1543,659,57,42,1491,555,1698,1917,731,5003,627,356,56.78,496,508,616,68.17,114,yes
Timur Ender,8,1,no,yes,no,yes,no,yes,no,yes,no,no,no,no,yes,yes,yes,no,no,no,no,no,no,yes,yes,yes,yes,no,yes,no,no,no,no,no,no,no,9955,2,5981,3,1601,19389,7231,6828,2501,1183,55,44,1533,1433,2199,2845,1269,4704,5670,3163,55.78,5554,5651,6547,74.42,1364,no
Noah Ernst,8,1,no,no,no,no,no,no,yes,no,no,yes,yes,no,no,no,no,no,no,no,yes,no,no,no,no,no,no,no,no,no,no,no,no,no,no,no,9955,2,5981,3,1601,19389,7231,6828,2501,1183,55,44,1533,1433,2199,2845,1269,4704,5670,3163,55.78,5554,5651,6547,74.42,1364,no
Candace Avalos,8,1,no,no,no,yes,no,no,no,yes,no,yes,no,yes,yes,no,yes,no,no,no,no,no,no,no,yes,no,no,no,no,yes,no,no,no,no,no,no,9955,2,5981,3,1601,19389,7231,6828,2501,1183,55,44,1533,1433,2199,2845,1269,4704,5670,3163,55.78,5554,5651,6547,74.42,1364,yes
Joe Allen,8,1,no,no,no,no,no,no,no,no,no,no,no,no,no,no,no,no,no,no,no,no,no,no,no,no,no,no,no,no,no,no,no,no,no,no,9955,2,5981,3,1601,19389,7231,6828,2501,1183,55,44,1533,1433,2199,2845,1269,4704,5670,3163,55.78,5554,5651,6547,74.42,1364,no
David Linn,8,1,no,yes,no,no,no,no,no,no,no,no,no,no,no,no,no,no,no,no,no,no,no,no,no,no,no,no,no,no,no,no,no,no,no,no,9955,2,5981,3,1601,19389,7231,6828,2501,1183,55,44,1533,1433,2199,2845,1269,4704,5670,3163,55.78,5554,5651,6547,74.42,1364,no
Cayle Tern,8,1,no,yes,no,no,no,yes,no,no,no,no,no,no,no,no,yes,no,no,no,no,no,no,no,no,no,no,no,no,no,no,no,no,no,no,no,9955,2,5981,3,1601,19389,7231,6828,2501,1183,55,44,1533,1433,2199,2845,1269,4704,5670,3163,55.78,5554,5651,6547,74.42,1364,no
Doug Clove,8,1,no,no,no,no,no,no,no,no,no,no,no,no,no,no,no,no,no,no,no,no,no,no,no,no,no,no,no,no,no,no,no,no,no,no,9955,2,5981,3,1601,19389,7231,6828,2501,1183,55,44,1533,1433,2199,2845,1269,4704,5670,3163,55.78,5554,5651,6547,74.42,1364,no
Joe Furi,8,1,no,no,no,no,no,no,no,no,no,no,no,no,no,no,no,no,no,no,no,no,no,no,no,no,no,no,no,no,no,no,no,no,no,no,9955,2,5981,3,1601,19389,7231,6828,2501,1183,55,44,1533,1433,2199,2845,1269,4704,5670,3163,55.78,5554,5651,6547,74.42,1364,no
Michael (Mike) Sands,8,1,no,no,no,no,no,no,no,no,no,no,no,no,no,no,no,no,no,no,no,no,no,no,no,no,no,no,no,no,no,no,no,no,no,no,9955,2,5981,3,1601,19389,7231,6828,2501,1183,55,44,1533,1433,2199,2845,1269,4704,5670,3163,55.78,5554,5651,6547,74.42,1364,no
Deian Salazar,8,1,no,no,no,no,no,no,no,no,no,no,no,no,no,no,no,no,no,no,no,no,no,no,no,no,no,no,no,no,no,no,no,no,no,no,9955,2,5981,3,1601,19389,7231,6828,2501,1183,55,44,1533,1433,2199,2845,1269,4704,5670,3163,55.78,5554,5651,6547,74.42,1364,no
Loretta Smith,8,1,no,no,no,no,yes,no,yes,no,yes,no,yes,no,no,no,no,yes,no,no,no,no,no,no,no,no,no,no,no,no,no,no,no,no,no,no,9955,2,5981,3,1601,19389,7231,6828,2501,1183,55,44,1533,1433,2199,2845,1269,4704,5670,3163,55.78,5554,5651,6547,74.42,1364,yes
Thomas Shervey,8,1,no,no,no,no,no,no,no,no,no,no,no,no,no,no,no,no,no,no,no,no,no,no,no,no,no,no,no,no,no,no,no,no,no,no,9955,2,5981,3,1601,19389,7231,6828,2501,1183,55,44,1533,1433,2199,2845,1269,4704,5670,3163,55.78,5554,5651,6547,74.42,1364,no
Terrence Hayes,8,1,no,no,no,no,yes,no,yes,no,yes,yes,yes,no,no,no,no,yes,no,no,no,no,no,no,no,no,no,no,no,no,no,no,yes,no,no,no,9955,2,5981,3,1601,19389,7231,6828,2501,1183,55,44,1533,1433,2199,2845,1269,4704,5670,3163,55.78,5554,5651,6547,74.42,1364,no
Steph Routh,8,1,no,yes,no,yes,yes,yes,no,no,yes,no,no,yes,yes,no,no,no,no,yes,no,no,no,no,no,no,no,no,no,no,no,no,no,no,yes,no,9955,2,5981,3,1601,19389,7231,6828,2501,1183,55,44,1533,1433,2199,2845,1269,4704,5670,3163,55.78,5554,5651,6547,74.42,1364,no
Jamie Dunphy,8,1,no,yes,no,yes,no,no,no,yes,yes,no,no,yes,no,yes,no,no,no,yes,no,yes,yes,no,no,no,no,no,no,no,no,no,no,no,no,no,9955,2,5981,3,1601,19389,7231,6828,2501,1183,55,44,1533,1433,2199,2845,1269,4704,5670,3163,55.78,5554,5651,6547,74.42,1364,yes
Timur Ender,1,1,no,yes,no,yes,no,yes,no,yes,no,no,no,no,yes,yes,yes,no,no,no,no,no,no,yes,yes,yes,yes,no,yes,no,no,no,no,no,no,no,15141,2,8963,3,3140,29073,7669,11000,6441,3437,55,44,2292,1460,2605,5163,3147,4607,5746,3329,57.94,7655,8011,8581,67.85,1445,no
Noah Ernst,1,1,no,no,no,no,no,no,yes,no,no,yes,yes,no,no,no,no,no,no,no,yes,no,no,no,no,no,no,no,no,no,no,no,no,no,no,no,15141,2,8963,3,3140,29073,7669,11000,6441,3437,55,44,2292,1460,2605,5163,3147,4607,5746,3329,57.94,7655,8011,8581,67.85,1445,no
Candace Avalos,1,1,no,no,no,yes,no,no,no,yes,no,yes,no,yes,yes,no,yes,no,no,no,no,no,no,no,yes,no,no,no,no,yes,no,no,no,no,no,no,15141,2,8963,3,3140,29073,7669,11000,6441,3437,55,44,2292,1460,2605,5163,3147,4607,5746,3329,57.94,7655,8011,8581,67.85,1445,yes
Joe Allen,1,1,no,no,no,no,no,no,no,no,no,no,no,no,no,no,no,no,no,no,no,no,no,no,no,no,no,no,no,no,no,no,no,no,no,no,15141,2,8963,3,3140,29073,7669,11000,6441,3437,55,44,2292,1460,2605,5163,3147,4607,5746,3329,57.94,7655,8011,8581,67.85,1445,no
David Linn,1,1,no,yes,no,no,no,no,no,no,no,no,no,no,no,no,no,no,no,no,no,no,no,no,no,no,no,no,no,no,no,no,no,no,no,no,15141,2,8963,3,3140,29073,7669,11000,6441,3437,55,44,2292,1460,2605,5163,3147,4607,5746,3329,57.94,7655,8011,8581,67.85,1445,no
Cayle Tern,1,1,no,yes,no,no,no,yes,no,no,no,no,no,no,no,no,yes,no,no,no,no,no,no,no,no,no,no,no,no,no,no,no,no,no,no,no,15141,2,8963,3,3140,29073,7669,11000,6441,3437,55,44,2292,1460,2605,5163,3147,4607,5746,3329,57.94,7655,8011,8581,67.85,1445,no
Doug Clove,1,1,no,no,no,no,no,no,no,no,no,no,no,no,no,no,no,no,no,no,no,no,no,no,no,no,no,no,no,no,no,no,no,no,no,no,15141,2,8963,3,3140,29073,7669,11000,6441,3437,55,44,2292,1460,2605,5163,3147,4607,5746,3329,57.94,7655,8011,8581,67.85,1445,no
Joe Furi,1,1,no,no,no,no,no,no,no,no,no,no,no,no,no,no,no,no,no,no,no,no,no,no,no,no,no,no,no,no,no,no,no,no,no,no,15141,2,8963,3,3140,29073,7669,11000,6441,3437,55,44,2292,1460,2605,5163,3147,4607,5746,3329,57.94,7655,8011,8581,67.85,1445,no
Michael (Mike) Sands,1,1,no,no,no,no,no,no,no,no,no,no,no,no,no,no,no,no,no,no,no,no,no,no,no,no,no,no,no,no,no,no,no,no,no,no,15141,2,8963,3,3140,29073,7669,11000,6441,3437,55,44,2292,1460,2605,5163,3147,4607,5746,3329,57.94,7655,8011,8581,67.85,1445,no
Deian Salazar,1,1,no,no,no,no,no,no,no,no,no,no,no,no,no,no,no,no,no,no,no,no,no,no,no,no,no,no,no,no,no,no,no,no,no,no,15141,2,8963,3,3140,29073,7669,11000,6441,3437,55,44,2292,1460,2605,5163,3147,4607,5746,3329,57.94,7655,8011,8581,67.85,1445,no
Loretta Smith,1,1,no,no,no,no,yes,no,yes,no,yes,no,yes,no,no,no,no,yes,no,no,no,no,no,no,no,no,no,no,no,no,no,no,no,no,no,no,15141,2,8963,3,3140,29073,7669,11000,6441,3437,55,44,2292,1460,2605,5163,3147,4607,5746,3329,57.94,7655,8011,8581,67.85,1445,yes
Thomas Shervey,1,1,no,no,no,no,no,no,no,no,no,no,no,no,no,no,no,no,no,no,no,no,no,no,no,no,no,no,no,no,no,no,no,no,no,no,15141,2,8963,3,3140,29073,7669,11000,6441,3437,55,44,2292,1460,2605,5163,3147,4607,5746,3329,57.94,7655,8011,8581,67.85,1445,no
Terrence Hayes,1,1,no,no,no,no,yes,no,yes,no,yes,yes,yes,no,no,no,no,yes,no,no,no,no,no,no,no,no,no,no,no,no,no,no,yes,no,no,no,15141,2,8963,3,3140,29073,7669,11000,6441,3437,55,44,2292,1460,2605,5163,3147,4607,5746,3329,57.94,7655,8011,8581,67.85,1445,no
Steph Routh,1,1,no,yes,no,yes,yes,yes,no,no,yes,no,no,yes,yes,no,no,no,no,yes,no,no,no,no,no,no,no,no,no,no,no,no,no,no,yes,no,15141,2,8963,3,3140,29073,7669,11000,6441,3437,55,44,2292,1460,2605,5163,3147,4607,5746,3329,57.94,7655,8011,8581,67.85,1445,no
Jamie Dunphy,1,1,no,yes,no,yes,no,no,no,yes,yes,no,no,yes,no,yes,no,no,no,yes,no,yes,yes,no,no,no,no,no,no,no,no,no,no,no,no,no,15141,2,8963,3,3140,29073,7669,11000,6441,3437,55,44,2292,1460,2605,5163,3147,4607,5746,3329,57.94,7655,8011,8581,67.85,1445,yes
Timur Ender,16,1,no,yes,no,yes,no,yes,no,yes,no,no,no,no,yes,yes,yes,no,no,no,no,no,no,yes,yes,yes,yes,no,yes,no,no,no,no,no,no,no,9511,2,5326,3,1304,17637,5524,6552,3341,1491,58,41,1534,1345,1809,2406,1832,4710,2103,1134,53.92,1850,2034,2221,67.82,417,no
Noah Ernst,16,1,no,no,no,no,no,no,yes,no,no,yes,yes,no,no,no,no,no,no,no,yes,no,no,no,no,no,no,no,no,no,no,no,no,no,no,no,9511,2,5326,3,1304,17637,5524,6552,3341,1491,58,41,1534,1345,1809,2406,1832,4710,2103,1134,53.92,1850,2034,2221,67.82,417,no
Candace Avalos,16,1,no,no,no,yes,no,no,no,yes,no,yes,no,yes,yes,no,yes,no,no,no,no,no,no,no,yes,no,no,no,no,yes,no,no,no,no,no,no,9511,2,5326,3,1304,17637,5524,6552,3341,1491,58,41,1534,1345,1809,2406,1832,4710,2103,1134,53.92,1850,2034,2221,67.82,417,yes
Joe Allen,16,1,no,no,no,no,no,no,no,no,no,no,no,no,no,no,no,no,no,no,no,no,no,no,no,no,no,no,no,no,no,no,no,no,no,no,9511,2,5326,3,1304,17637,5524,6552,3341,1491,58,41,1534,1345,1809,2406,1832,4710,2103,1134,53.92,1850,2034,2221,67.82,417,no
David Linn,16,1,no,yes,no,no,no,no,no,no,no,no,no,no,no,no,no,no,no,no,no,no,no,no,no,no,no,no,no,no,no,no,no,no,no,no,9511,2,5326,3,1304,17637,5524,6552,3341,1491,58,41,1534,1345,1809,2406,1832,4710,2103,1134,53.92,1850,2034,2221,67.82,417,no
Cayle Tern,16,1,no,yes,no,no,no,yes,no,no,no,no,no,no,no,no,yes,no,no,no,no,no,no,no,no,no,no,no,no,no,no,no,no,no,no,no,9511,2,5326,3,1304,17637,5524,6552,3341,1491,58,41,1534,1345,1809,2406,1832,4710,2103,1134,53.92,1850,2034,2221,67.82,417,no
Doug Clove,16,1,no,no,no,no,no,no,no,no,no,no,no,no,no,no,no,no,no,no,no,no,no,no,no,no,no,no,no,no,no,no,no,no,no,no,9511,2,5326,3,1304,17637,5524,6552,3341,1491,58,41,1534,1345,1809,2406,1832,4710,2103,1134,53.92,1850,2034,2221,67.82,417,no
Joe Furi,16,1,no,no,no,no,no,no,no,no,no,no,no,no,no,no,no,no,no,no,no,no,no,no,no,no,no,no,no,no,no,no,no,no,no,no,9511,2,5326,3,1304,17637,5524,6552,3341,1491,58,41,1534,1345,1809,2406,1832,4710,2103,1134,53.92,1850,2034,2221,67.82,417,no
Michael (Mike) Sands,16,1,no,no,no,no,no,no,no,no,no,no,no,no,no,no,no,no,no,no,no,no,no,no,no,no,no,no,no,no,no,no,no,no,no,no,9511,2,5326,3,1304,17637,5524,6552,3341,1491,58,41,1534,1345,1809,2406,1832,4710,2103,1134,53.92,1850,2034,2221,67.82,417,no
Deian Salazar,16,1,no,no,no,no,no,no,no,no,no,no,no,no,no,no,no,no,no,no,no,no,no,no,no,no,no,no,no,no,no,no,no,no,no,no,9511,2,5326,3,1304,17637,5524,6552,3341,1491,58,41,1534,1345,1809,2406,1832,4710,2103,1134,53.92,1850,2034,2221,67.82,417,no
Loretta Smith,16,1,no,no,no,no,yes,no,yes,no,yes,no,yes,no,no,no,no,yes,no,no,no,no,no,no,no,no,no,no,no,no,no,no,no,no,no,no,9511,2,5326,3,1304,17637,5524,6552,3341,1491,58,41,1534,1345,1809,2406,1832,4710,2103,1134,53.92,1850,2034,2221,67.82,417,yes
Thomas Shervey,16,1,no,no,no,no,no,no,no,no,no,no,no,no,no,no,no,no,no,no,no,no,no,no,no,no,no,no,no,no,no,no,no,no,no,no,9511,2,5326,3,1304,17637,5524,6552,3341,1491,58,41,1534,1345,1809,2406,1832,4710,2103,1134,53.92,1850,2034,2221,67.82,417,no
Terrence Hayes,16,1,no,no,no,no,yes,no,yes,no,yes,yes,yes,no,no,no,no,yes,no,no,no,no,no,no,no,no,no,no,no,no,no,no,yes,no,no,no,9511,2,5326,3,1304,17637,5524,6552,3341,1491,58,41,1534,1345,1809,2406,1832,4710,2103,1134,53.92,1850,2034,2221,67.82,417,no
Steph Routh,16,1,no,yes,no,yes,yes,yes,no,no,yes,no,no,yes,yes,no,no,no,no,yes,no,no,no,no,no,no,no,no,no,no,no,no,no,no,yes,no,9511,2,5326,3,1304,17637,5524,6552,3341,1491,58,41,1534,1345,1809,2406,1832,4710,2103,1134,53.92,1850,2034,2221,67.82,417,no
Jamie Dunphy,16,1,no,yes,no,yes,no,no,no,yes,yes,no,no,yes,no,yes,no,no,no,yes,no,yes,yes,no,no,no,no,no,no,no,no,no,no,no,no,no,9511,2,5326,3,1304,17637,5524,6552,3341,1491,58,41,1534,1345,1809,2406,1832,4710,2103,1134,53.92,1850,2034,2221,67.82,417,yes
Timur Ender,60,1,no,yes,no,yes,no,yes,no,yes,no,no,no,no,yes,yes,yes,no,no,no,no,no,no,yes,yes,yes,yes,no,yes,no,no,no,no,no,no,no,5291,2,3147,3,810,10353,2961,3765,1776,1107,60,39,906,409,1101,1537,1080,4801,991,581,58.63,1334,1402,1552,59.3,359,no
Noah Ernst,60,1,no,no,no,no,no,no,yes,no,no,yes,yes,no,no,no,no,no,no,no,yes,no,no,no,no,no,no,no,no,no,no,no,no,no,no,no,5291,2,3147,3,810,10353,2961,3765,1776,1107,60,39,906,409,1101,1537,1080,4801,991,581,58.63,1334,1402,1552,59.3,359,no
Candace Avalos,60,1,no,no,no,yes,no,no,no,yes,no,yes,no,yes,yes,no,yes,no,no,no,no,no,no,no,yes,no,no,no,no,yes,no,no,no,no,no,no,5291,2,3147,3,810,10353,2961,3765,1776,1107,60,39,906,409,1101,1537,1080,4801,991,581,58.63,1334,1402,1552,59.3,359,yes
Joe Allen,60,1,no,no,no,no,no,no,no,no,no,no,no,no,no,no,no,no,no,no,no,no,no,no,no,no,no,no,no,no,no,no,no,no,no,no,5291,2,3147,3,810,10353,2961,3765,1776,1107,60,39,906,409,1101,1537,1080,4801,991,581,58.63,1334,1402,1552,59.3,359,no
David Linn,60,1,no,yes,no,no,no,no,no,no,no,no,no,no,no,no,no,no,no,no,no,no,no,no,no,no,no,no,no,no,no,no,no,no,no,no,5291,2,3147,3,810,10353,2961,3765,1776,1107,60,39,906,409,1101,1537,1080,4801,991,581,58.63,1334,1402,1552,59.3,359,no
Cayle Tern,60,1,no,yes,no,no,no,yes,no,no,no,no,no,no,no,no,yes,no,no,no,no,no,no,no,no,no,no,no,no,no,no,no,no,no,no,no,5291,2,3147,3,810,10353,2961,3765,1776,1107,60,39,906,409,1101,1537,1080,4801,991,581,58.63,1334,1402,1552,59.3,359,no
Doug Clove,60,1,no,no,no,no,no,no,no,no,no,no,no,no,no,no,no,no,no,no,no,no,no,no,no,no,no,no,no,no,no,no,no,no,no,no,5291,2,3147,3,810,10353,2961,3765,1776,1107,60,39,906,409,1101,1537,1080,4801,991,581,58.63,1334,1402,1552,59.3,359,no
Joe Furi,60,1,no,no,no,no,no,no,no,no,no,no,no,no,no,no,no,no,no,no,no,no,no,no,no,no,no,no,no,no,no,no,no,no,no,no,5291,2,3147,3,810,10353,2961,3765,1776,1107,60,39,906,409,1101,1537,1080,4801,991,581,58.63,1334,1402,1552,59.3,359,no
Michael (Mike) Sands,60,1,no,no,no,no,no,no,no,no,no,no,no,no,no,no,no,no,no,no,no,no,no,no,no,no,no,no,no,no,no,no,no,no,no,no,5291,2,3147,3,810,10353,2961,3765,1776,1107,60,39,906,409,1101,1537,1080,4801,991,581,58.63,1334,1402,1552,59.3,359,no
Deian Salazar,60,1,no,no,no,no,no,no,no,no,no,no,no,no,no,no,no,no,no,no,no,no,no,no,no,no,no,no,no,no,no,no,no,no,no,no,5291,2,3147,3,810,10353,2961,3765,1776,1107,60,39,906,409,1101,1537,1080,4801,991,581,58.63,1334,1402,1552,59.3,359,no
Loretta Smith,60,1,no,no,no,no,yes,no,yes,no,yes,no,yes,no,no,no,no,yes,no,no,no,no,no,no,no,no,no,no,no,no,no,no,no,no,no,no,5291,2,3147,3,810,10353,2961,3765,1776,1107,60,39,906,409,1101,1537,1080,4801,991,581,58.63,1334,1402,1552,59.3,359,yes
Thomas Shervey,60,1,no,no,no,no,no,no,no,no,no,no,no,no,no,no,no,no,no,no,no,no,no,no,no,no,no,no,no,no,no,no,no,no,no,no,5291,2,3147,3,810,10353,2961,3765,1776,1107,60,39,906,409,1101,1537,1080,4801,991,581,58.63,1334,1402,1552,59.3,359,no
Terrence Hayes,60,1,no,no,no,no,yes,no,yes,no,yes,yes,yes,no,no,no,no,yes,no,no,no,no,no,no,no,no,no,no,no,no,no,no,yes,no,no,no,5291,2,3147,3,810,10353,2961,3765,1776,1107,60,39,906,409,1101,1537,1080,4801,991,581,58.63,1334,1402,1552,59.3,359,no
Steph Routh,60,1,no,yes,no,yes,yes,yes,no,no,yes,no,no,yes,yes,no,no,no,no,yes,no,no,no,no,no,no,no,no,no,no,no,no,no,no,yes,no,5291,2,3147,3,810,10353,2961,3765,1776,1107,60,39,906,409,1101,1537,1080,4801,991,581,58.63,1334,1402,1552,59.3,359,no
Jamie Dunphy,60,1,no,yes,no,yes,no,no,no,yes,yes,no,no,yes,no,yes,no,no,no,yes,no,yes,yes,no,no,no,no,no,no,no,no,no,no,no,no,no,5291,2,3147,3,810,10353,2961,3765,1776,1107,60,39,906,409,1101,1537,1080,4801,991,581,58.63,1334,1402,1552,59.3,359,yes
Timur Ender,62,1,no,yes,no,yes,no,yes,no,yes,no,no,no,no,yes,yes,yes,no,no,no,no,no,no,yes,yes,yes,yes,no,yes,no,no,no,no,no,no,no,5291,2,3147,3,810,10353,2961,3765,1776,1107,60,39,906,409,1101,1537,1080,4809,18,11,61.11,12,13,14,62.18,3,no
Noah Ernst,62,1,no,no,no,no,no,no,yes,no,no,yes,yes,no,no,no,no,no,no,no,yes,no,no,no,no,no,no,no,no,no,no,no,no,no,no,no,5291,2,3147,3,810,10353,2961,3765,1776,1107,60,39,906,409,1101,1537,1080,4809,18,11,61.11,12,13,14,62.18,3,no
Candace Avalos,62,1,no,no,no,yes,no,no,no,yes,no,yes,no,yes,yes,no,yes,no,no,no,no,no,no,no,yes,no,no,no,no,yes,no,no,no,no,no,no,5291,2,3147,3,810,10353,2961,3765,1776,1107,60,39,906,409,1101,1537,1080,4809,18,11,61.11,12,13,14,62.18,3,yes
Joe Allen,62,1,no,no,no,no,no,no,no,no,no,no,no,no,no,no,no,no,no,no,no,no,no,no,no,no,no,no,no,no,no,no,no,no,no,no,5291,2,3147,3,810,10353,2961,3765,1776,1107,60,39,906,409,1101,1537,1080,4809,18,11,61.11,12,13,14,62.18,3,no
David Linn,62,1,no,yes,no,no,no,no,no,no,no,no,no,no,no,no,no,no,no,no,no,no,no,no,no,no,no,no,no,no,no,no,no,no,no,no,5291,2,3147,3,810,10353,2961,3765,1776,1107,60,39,906,409,1101,1537,1080,4809,18,11,61.11,12,13,14,62.18,3,no
Cayle Tern,62,1,no,yes,no,no,no,yes,no,no,no,no,no,no,no,no,yes,no,no,no,no,no,no,no,no,no,no,no,no,no,no,no,no,no,no,no,5291,2,3147,3,810,10353,2961,3765,1776,1107,60,39,906,409,1101,1537,1080,4809,18,11,61.11,12,13,14,62.18,3,no
Doug Clove,62,1,no,no,no,no,no,no,no,no,no,no,no,no,no,no,no,no,no,no,no,no,no,no,no,no,no,no,no,no,no,no,no,no,no,no,5291,2,3147,3,810,10353,2961,3765,1776,1107,60,39,906,409,1101,1537,1080,4809,18,11,61.11,12,13,14,62.18,3,no
Joe Furi,62,1,no,no,no,no,no,no,no,no,no,no,no,no,no,no,no,no,no,no,no,no,no,no,no,no,no,no,no,no,no,no,no,no,no,no,5291,2,3147,3,810,10353,2961,3765,1776,1107,60,39,906,409,1101,1537,1080,4809,18,11,61.11,12,13,14,62.18,3,no
Michael (Mike) Sands,62,1,no,no,no,no,no,no,no,no,no,no,no,no,no,no,no,no,no,no,no,no,no,no,no,no,no,no,no,no,no,no,no,no,no,no,5291,2,3147,3,810,10353,2961,3765,1776,1107,60,39,906,409,1101,1537,1080,4809,18,11,61.11,12,13,14,62.18,3,no
Deian Salazar,62,1,no,no,no,no,no,no,no,no,no,no,no,no,no,no,no,no,no,no,no,no,no,no,no,no,no,no,no,no,no,no,no,no,no,no,5291,2,3147,3,810,10353,2961,3765,1776,1107,60,39,906,409,1101,1537,1080,4809,18,11,61.11,12,13,14,62.18,3,no
Loretta Smith,62,1,no,no,no,no,yes,no,yes,no,yes,no,yes,no,no,no,no,yes,no,no,no,no,no,no,no,no,no,no,no,no,no,no,no,no,no,no,5291,2,3147,3,810,10353,2961,3765,1776,1107,60,39,906,409,1101,1537,1080,4809,18,11,61.11,12,13,14,62.18,3,yes
Thomas Shervey,62,1,no,no,no,no,no,no,no,no,no,no,no,no,no,no,no,no,no,no,no,no,no,no,no,no,no,no,no,no,no,no,no,no,no,no,5291,2,3147,3,810,10353,2961,3765,1776,1107,60,39,906,409,1101,1537,1080,4809,18,11,61.11,12,13,14,62.18,3,no
Terrence Hayes,62,1,no,no,no,no,yes,no,yes,no,yes,yes,yes,no,no,no,no,yes,no,no,no,no,no,no,no,no,no,no,no,no,no,no,yes,no,no,no,5291,2,3147,3,810,10353,2961,3765,1776,1107,60,39,906,409,1101,1537,1080,4809,18,11,61.11,12,13,14,62.18,3,no
Steph Routh,62,1,no,yes,no,yes,yes,yes,no,no,yes,no,no,yes,yes,no,no,no,no,yes,no,no,no,no,no,no,no,no,no,no,no,no,no,no,yes,no,5291,2,3147,3,810,10353,2961,3765,1776,1107,60,39,906,409,1101,1537,1080,4809,18,11,61.11,12,13,14,62.18,3,no
Jamie Dunphy,62,1,no,yes,no,yes,no,no,no,yes,yes,no,no,yes,no,yes,no,no,no,yes,no,yes,yes,no,no,no,no,no,no,no,no,no,no,no,no,no,5291,2,3147,3,810,10353,2961,3765,1776,1107,60,39,906,409,1101,1537,1080,4809,18,11,61.11,12,13,14,62.18,3,yes
Timur Ender,36,1,no,yes,no,yes,no,yes,no,yes,no,no,no,no,yes,yes,yes,no,no,no,no,no,no,yes,yes,yes,yes,no,yes,no,no,no,no,no,no,no,8092,2,4679,3,1599,15194,4787,6386,2928,1235,66,33,1376,868,1382,2245,1792,4910,510,240,47.06,354,394,492,66.69,168,no
Noah Ernst,36,1,no,no,no,no,no,no,yes,no,no,yes,yes,no,no,no,no,no,no,no,yes,no,no,no,no,no,no,no,no,no,no,no,no,no,no,no,8092,2,4679,3,1599,15194,4787,6386,2928,1235,66,33,1376,868,1382,2245,1792,4910,510,240,47.06,354,394,492,66.69,168,no
Candace Avalos,36,1,no,no,no,yes,no,no,no,yes,no,yes,no,yes,yes,no,yes,no,no,no,no,no,no,no,yes,no,no,no,no,yes,no,no,no,no,no,no,8092,2,4679,3,1599,15194,4787,6386,2928,1235,66,33,1376,868,1382,2245,1792,4910,510,240,47.06,354,394,492,66.69,168,yes
Joe Allen,36,1,no,no,no,no,no,no,no,no,no,no,no,no,no,no,no,no,no,no,no,no,no,no,no,no,no,no,no,no,no,no,no,no,no,no,8092,2,4679,3,1599,15194,4787,6386,2928,1235,66,33,1376,868,1382,2245,1792,4910,510,240,47.06,354,394,492,66.69,168,no
David Linn,36,1,no,yes,no,no,no,no,no,no,no,no,no,no,no,no,no,no,no,no,no,no,no,no,no,no,no,no,no,no,no,no,no,no,no,no,8092,2,4679,3,1599,15194,4787,6386,2928,1235,66,33,1376,868,1382,2245,1792,4910,510,240,47.06,354,394,492,66.69,168,no
Cayle Tern,36,1,no,yes,no,no,no,yes,no,no,no,no,no,no,no,no,yes,no,no,no,no,no,no,no,no,no,no,no,no,no,no,no,no,no,no,no,8092,2,4679,3,1599,15194,4787,6386,2928,1235,66,33,1376,868,1382,2245,1792,4910,510,240,47.06,354,394,492,66.69,168,no
Doug Clove,36,1,no,no,no,no,no,no,no,no,no,no,no,no,no,no,no,no,no,no,no,no,no,no,no,no,no,no,no,no,no,no,no,no,no,no,8092,2,4679,3,1599,15194,4787,6386,2928,1235,66,33,1376,868,1382,2245,1792,4910,510,240,47.06,354,394,492,66.69,168,no
Joe Furi,36,1,no,no,no,no,no,no,no,no,no,no,no,no,no,no,no,no,no,no,no,no,no,no,no,no,no,no,no,no,no,no,no,no,no,no,8092,2,4679,3,1599,15194,4787,6386,2928,1235,66,33,1376,868,1382,2245,1792,4910,510,240,47.06,354,394,492,66.69,168,no
Michael (Mike) Sands,36,1,no,no,no,no,no,no,no,no,no,no,no,no,no,no,no,no,no,no,no,no,no,no,no,no,no,no,no,no,no,no,no,no,no,no,8092,2,4679,3,1599,15194,4787,6386,2928,1235,66,33,1376,868,1382,2245,1792,4910,510,240,47.06,354,394,492,66.69,168,no
Deian Salazar,36,1,no,no,no,no,no,no,no,no,no,no,no,no,no,no,no,no,no,no,no,no,no,no,no,no,no,no,no,no,no,no,no,no,no,no,8092,2,4679,3,1599,15194,4787,6386,2928,1235,66,33,1376,868,1382,2245,1792,4910,510,240,47.06,354,394,492,66.69,168,no
Loretta Smith,36,1,no,no,no,no,yes,no,yes,no,yes,no,yes,no,no,no,no,yes,no,no,no,no,no,no,no,no,no,no,no,no,no,no,no,no,no,no,8092,2,4679,3,1599,15194,4787,6386,2928,1235,66,33,1376,868,1382,2245,1792,4910,510,240,47.06,354,394,492,66.69,168,yes
Thomas Shervey,36,1,no,no,no,no,no,no,no,no,no,no,no,no,no,no,no,no,no,no,no,no,no,no,no,no,no,no,no,no,no,no,no,no,no,no,8092,2,4679,3,1599,15194,4787,6386,2928,1235,66,33,1376,868,1382,2245,1792,4910,510,240,47.06,354,394,492,66.69,168,no
Terrence Hayes,36,1,no,no,no,no,yes,no,yes,no,yes,yes,yes,no,no,no,no,yes,no,no,no,no,no,no,no,no,no,no,no,no,no,no,yes,no,no,no,8092,2,4679,3,1599,15194,4787,6386,2928,1235,66,33,1376,868,1382,2245,1792,4910,510,240,47.06,354,394,492,66.69,168,no
Steph Routh,36,1,no,yes,no,yes,yes,yes,no,no,yes,no,no,yes,yes,no,no,no,no,yes,no,no,no,no,no,no,no,no,no,no,no,no,no,no,yes,no,8092,2,4679,3,1599,15194,4787,6386,2928,1235,66,33,1376,868,1382,2245,1792,4910,510,240,47.06,354,394,492,66.69,168,no
Jamie Dunphy,36,1,no,yes,no,yes,no,no,no,yes,yes,no,no,yes,no,yes,no,no,no,yes,no,yes,yes,no,no,no,no,no,no,no,no,no,no,no,no,no,8092,2,4679,3,1599,15194,4787,6386,2928,1235,66,33,1376,868,1382,2245,1792,4910,510,240,47.06,354,394,492,66.69,168,yes
Timur Ender,52,1,no,yes,no,yes,no,yes,no,yes,no,no,no,no,yes,yes,yes,no,no,no,no,no,no,yes,yes,yes,yes,no,yes,no,no,no,no,no,no,no,3149,2,2130,3,598,6273,1817,2252,805,356,64,36,594,360,945,917,268,5001,196,94,47.96,138,147,200,68.31,29,no
Noah Ernst,52,1,no,no,no,no,no,no,yes,no,no,yes,yes,no,no,no,no,no,no,no,yes,no,no,no,no,no,no,no,no,no,no,no,no,no,no,no,3149,2,2130,3,598,6273,1817,2252,805,356,64,36,594,360,945,917,268,5001,196,94,47.96,138,147,200,68.31,29,no
Candace Avalos,52,1,no,no,no,yes,no,no,no,yes,no,yes,no,yes,yes,no,yes,no,no,no,no,no,no,no,yes,no,no,no,no,yes,no,no,no,no,no,no,3149,2,2130,3,598,6273,1817,2252,805,356,64,36,594,360,945,917,268,5001,196,94,47.96,138,147,200,68.31,29,yes
Joe Allen,52,1,no,no,no,no,no,no,no,no,no,no,no,no,no,no,no,no,no,no,no,no,no,no,no,no,no,no,no,no,no,no,no,no,no,no,3149,2,2130,3,598,6273,1817,2252,805,356,64,36,594,360,945,917,268,5001,196,94,47.96,138,147,200,68.31,29,no
David Linn,52,1,no,yes,no,no,no,no,no,no,no,no,no,no,no,no,no,no,no,no,no,no,no,no,no,no,no,no,no,no,no,no,no,no,no,no,3149,2,2130,3,598,6273,1817,2252,805,356,64,36,594,360,945,917,268,5001,196,94,47.96,138,147,200,68.31,29,no
Cayle Tern,52,1,no,yes,no,no,no,yes,no,no,no,no,no,no,no,no,yes,no,no,no,no,no,no,no,no,no,no,no,no,no,no,no,no,no,no,no,3149,2,2130,3,598,6273,1817,2252,805,356,64,36,594,360,945,917,268,5001,196,94,47.96,138,147,200,68.31,29,no
Doug Clove,52,1,no,no,no,no,no,no,no,no,no,no,no,no,no,no,no,no,no,no,no,no,no,no,no,no,no,no,no,no,no,no,no,no,no,no,3149,2,2130,3,598,6273,1817,2252,805,356,64,36,594,360,945,917,268,5001,196,94,47.96,138,147,200,68.31,29,no
Joe Furi,52,1,no,no,no,no,no,no,no,no,no,no,no,no,no,no,no,no,no,no,no,no,no,no,no,no,no,no,no,no,no,no,no,no,no,no,3149,2,2130,3,598,6273,1817,2252,805,356,64,36,594,360,945,917,268,5001,196,94,47.96,138,147,200,68.31,29,no
Michael (Mike) Sands,52,1,no,no,no,no,no,no,no,no,no,no,no,no,no,no,no,no,no,no,no,no,no,no,no,no,no,no,no,no,no,no,no,no,no,no,3149,2,2130,3,598,6273,1817,2252,805,356,64,36,594,360,945,917,268,5001,196,94,47.96,138,147,200,68.31,29,no
Deian Salazar,52,1,no,no,no,no,no,no,no,no,no,no,no,no,no,no,no,no,no,no,no,no,no,no,no,no,no,no,no,no,no,no,no,no,no,no,3149,2,2130,3,598,6273,1817,2252,805,356,64,36,594,360,945,917,268,5001,196,94,47.96,138,147,200,68.31,29,no
Loretta Smith,52,1,no,no,no,no,yes,no,yes,no,yes,no,yes,no,no,no,no,yes,no,no,no,no,no,no,no,no,no,no,no,no,no,no,no,no,no,no,3149,2,2130,3,598,6273,1817,2252,805,356,64,36,594,360,945,917,268,5001,196,94,47.96,138,147,200,68.31,29,yes
Thomas Shervey,52,1,no,no,no,no,no,no,no,no,no,no,no,no,no,no,no,no,no,no,no,no,no,no,no,no,no,no,no,no,no,no,no,no,no,no,3149,2,2130,3,598,6273,1817,2252,805,356,64,36,594,360,945,917,268,5001,196,94,47.96,138,147,200,68.31,29,no
Terrence Hayes,52,1,no,no,no,no,yes,no,yes,no,yes,yes,yes,no,no,no,no,yes,no,no,no,no,no,no,no,no,no,no,no,no,no,no,yes,no,no,no,3149,2,2130,3,598,6273,1817,2252,805,356,64,36,594,360,945,917,268,5001,196,94,47.96,138,147,200,68.31,29,no
Steph Routh,52,1,no,yes,no,yes,yes,yes,no,no,yes,no,no,yes,yes,no,no,no,no,yes,no,no,no,no,no,no,no,no,no,no,no,no,no,no,yes,no,3149,2,2130,3,598,6273,1817,2252,805,356,64,36,594,360,945,917,268,5001,196,94,47.96,138,147,200,68.31,29,no
Jamie Dunphy,52,1,no,yes,no,yes,no,no,no,yes,yes,no,no,yes,no,yes,no,no,no,yes,no,yes,yes,no,no,no,no,no,no,no,no,no,no,no,no,no,3149,2,2130,3,598,6273,1817,2252,805,356,64,36,594,360,945,917,268,5001,196,94,47.96,138,147,200,68.31,29,yes
Timur Ender,27,1,no,yes,no,yes,no,yes,no,yes,no,no,no,no,yes,yes,yes,no,no,no,no,no,no,yes,yes,yes,yes,no,yes,no,no,no,no,no,no,no,4094,2,2668,3,744,8091,2871,2870,1202,461,52,47,628,776,629,1125,594,4805,558,221,39.61,641,716,846,68.65,204,no
Noah Ernst,27,1,no,no,no,no,no,no,yes,no,no,yes,yes,no,no,no,no,no,no,no,yes,no,no,no,no,no,no,no,no,no,no,no,no,no,no,no,4094,2,2668,3,744,8091,2871,2870,1202,461,52,47,628,776,629,1125,594,4805,558,221,39.61,641,716,846,68.65,204,no
Candace Avalos,27,1,no,no,no,yes,no,no,no,yes,no,yes,no,yes,yes,no,yes,no,no,no,no,no,no,no,yes,no,no,no,no,yes,no,no,no,no,no,no,4094,2,2668,3,744,8091,2871,2870,1202,461,52,47,628,776,629,1125,594,4805,558,221,39.61,641,716,846,68.65,204,yes
Joe Allen,27,1,no,no,no,no,no,no,no,no,no,no,no,no,no,no,no,no,no,no,no,no,no,no,no,no,no,no,no,no,no,no,no,no,no,no,4094,2,2668,3,744,8091,2871,2870,1202,461,52,47,628,776,629,1125,594,4805,558,221,39.61,641,716,846,68.65,204,no
David Linn,27,1,no,yes,no,no,no,no,no,no,no,no,no,no,no,no,no,no,no,no,no,no,no,no,no,no,no,no,no,no,no,no,no,no,no,no,4094,2,2668,3,744,8091,2871,2870,1202,461,52,47,628,776,629,1125,594,4805,558,221,39.61,641,716,846,68.65,204,no
Cayle Tern,27,1,no,yes,no,no,no,yes,no,no,no,no,no,no,no,no,yes,no,no,no,no,no,no,no,no,no,no,no,no,no,no,no,no,no,no,no,4094,2,2668,3,744,8091,2871,2870,1202,461,52,47,628,776,629,1125,594,4805,558,221,39.61,641,716,846,68.65,204,no
Doug Clove,27,1,no,no,no,no,no,no,no,no,no,no,no,no,no,no,no,no,no,no,no,no,no,no,no,no,no,no,no,no,no,no,no,no,no,no,4094,2,2668,3,744,8091,2871,2870,1202,461,52,47,628,776,629,1125,594,4805,558,221,39.61,641,716,846,68.65,204,no
Joe Furi,27,1,no,no,no,no,no,no,no,no,no,no,no,no,no,no,no,no,no,no,no,no,no,no,no,no,no,no,no,no,no,no,no,no,no,no,4094,2,2668,3,744,8091,2871,2870,1202,461,52,47,628,776,629,1125,594,4805,558,221,39.61,641,716,846,68.65,204,no
Michael (Mike) Sands,27,1,no,no,no,no,no,no,no,no,no,no,no,no,no,no,no,no,no,no,no,no,no,no,no,no,no,no,no,no,no,no,no,no,no,no,4094,2,2668,3,744,8091,2871,2870,1202,461,52,47,628,776,629,1125,594,4805,558,221,39.61,641,716,846,68.65,204,no
Deian Salazar,27,1,no,no,no,no,no,no,no,no,no,no,no,no,no,no,no,no,no,no,no,no,no,no,no,no,no,no,no,no,no,no,no,no,no,no,4094,2,2668,3,744,8091,2871,2870,1202,461,52,47,628,776,629,1125,594,4805,558,221,39.61,641,716,846,68.65,204,no
Loretta Smith,27,1,no,no,no,no,yes,no,yes,no,yes,no,yes,no,no,no,no,yes,no,no,no,no,no,no,no,no,no,no,no,no,no,no,no,no,no,no,4094,2,2668,3,744,8091,2871,2870,1202,461,52,47,628,776,629,1125,594,4805,558,221,39.61,641,716,846,68.65,204,yes
Thomas Shervey,27,1,no,no,no,no,no,no,no,no,no,no,no,no,no,no,no,no,no,no,no,no,no,no,no,no,no,no,no,no,no,no,no,no,no,no,4094,2,2668,3,744,8091,2871,2870,1202,461,52,47,628,776,629,1125,594,4805,558,221,39.61,641,716,846,68.65,204,no
Terrence Hayes,27,1,no,no,no,no,yes,no,yes,no,yes,yes,yes,no,no,no,no,yes,no,no,no,no,no,no,no,no,no,no,no,no,no,no,yes,no,no,no,4094,2,2668,3,744,8091,2871,2870,1202,461,52,47,628,776,629,1125,594,4805,558,221,39.61,641,716,846,68.65,204,no
Steph Routh,27,1,no,yes,no,yes,yes,yes,no,no,yes,no,no,yes,yes,no,no,no,no,yes,no,no,no,no,no,no,no,no,no,no,no,no,no,no,yes,no,4094,2,2668,3,744,8091,2871,2870,1202,461,52,47,628,776,629,1125,594,4805,558,221,39.61,641,716,846,68.65,204,no
Jamie Dunphy,27,1,no,yes,no,yes,no,no,no,yes,yes,no,no,yes,no,yes,no,no,no,yes,no,yes,yes,no,no,no,no,no,no,no,no,no,no,no,no,no,4094,2,2668,3,744,8091,2871,2870,1202,461,52,47,628,776,629,1125,594,4805,558,221,39.61,641,716,846,68.65,204,yes
Timur Ender,4,1,no,yes,no,yes,no,yes,no,yes,no,no,no,no,yes,yes,yes,no,no,no,no,no,no,yes,yes,yes,yes,no,yes,no,no,no,no,no,no,no,17716,2,8670,3,2778,31684,5560,10605,10016,5450,59,40,2688,1336,2766,6026,4259,4406,8810,5614,63.72,8006,7892,8468,68.94,1198,no
Noah Ernst,4,1,no,no,no,no,no,no,yes,no,no,yes,yes,no,no,no,no,no,no,no,yes,no,no,no,no,no,no,no,no,no,no,no,no,no,no,no,17716,2,8670,3,2778,31684,5560,10605,10016,5450,59,40,2688,1336,2766,6026,4259,4406,8810,5614,63.72,8006,7892,8468,68.94,1198,no
Candace Avalos,4,1,no,no,no,yes,no,no,no,yes,no,yes,no,yes,yes,no,yes,no,no,no,no,no,no,no,yes,no,no,no,no,yes,no,no,no,no,no,no,17716,2,8670,3,2778,31684,5560,10605,10016,5450,59,40,2688,1336,2766,6026,4259,4406,8810,5614,63.72,8006,7892,8468,68.94,1198,yes
Joe Allen,4,1,no,no,no,no,no,no,no,no,no,no,no,no,no,no,no,no,no,no,no,no,no,no,no,no,no,no,no,no,no,no,no,no,no,no,17716,2,8670,3,2778,31684,5560,10605,10016,5450,59,40,2688,1336,2766,6026,4259,4406,8810,5614,63.72,8006,7892,8468,68.94,1198,no
David Linn,4,1,no,yes,no,no,no,no,no,no,no,no,no,no,no,no,no,no,no,no,no,no,no,no,no,no,no,no,no,no,no,no,no,no,no,no,17716,2,8670,3,2778,31684,5560,10605,10016,5450,59,40,2688,1336,2766,6026,4259,4406,8810,5614,63.72,8006,7892,8468,68.94,1198,no
Cayle Tern,4,1,no,yes,no,no,no,yes,no,no,no,no,no,no,no,no,yes,no,no,no,no,no,no,no,no,no,no,no,no,no,no,no,no,no,no,no,17716,2,8670,3,2778,31684,5560,10605,10016,5450,59,40,2688,1336,2766,6026,4259,4406,8810,5614,63.72,8006,7892,8468,68.94,1198,no
Doug Clove,4,1,no,no,no,no,no,no,no,no,no,no,no,no,no,no,no,no,no,no,no,no,no,no,no,no,no,no,no,no,no,no,no,no,no,no,17716,2,8670,3,2778,31684,5560,10605,10016,5450,59,40,2688,1336,2766,6026,4259,4406,8810,5614,63.72,8006,7892,8468,68.94,1198,no
Joe Furi,4,1,no,no,no,no,no,no,no,no,no,no,no,no,no,no,no,no,no,no,no,no,no,no,no,no,no,no,no,no,no,no,no,no,no,no,17716,2,8670,3,2778,31684,5560,10605,10016,5450,59,40,2688,1336,2766,6026,4259,4406,8810,5614,63.72,8006,7892,8468,68.94,1198,no
Michael (Mike) Sands,4,1,no,no,no,no,no,no,no,no,no,no,no,no,no,no,no,no,no,no,no,no,no,no,no,no,no,no,no,no,no,no,no,no,no,no,17716,2,8670,3,2778,31684,5560,10605,10016,5450,59,40,2688,1336,2766,6026,4259,4406,8810,5614,63.72,8006,7892,8468,68.94,1198,no
Deian Salazar,4,1,no,no,no,no,no,no,no,no,no,no,no,no,no,no,no,no,no,no,no,no,no,no,no,no,no,no,no,no,no,no,no,no,no,no,17716,2,8670,3,2778,31684,5560,10605,10016,5450,59,40,2688,1336,2766,6026,4259,4406,8810,5614,63.72,8006,7892,8468,68.94,1198,no
Loretta Smith,4,1,no,no,no,no,yes,no,yes,no,yes,no,yes,no,no,no,no,yes,no,no,no,no,no,no,no,no,no,no,no,no,no,no,no,no,no,no,17716,2,8670,3,2778,31684,5560,10605,10016,5450,59,40,2688,1336,2766,6026,4259,4406,8810,5614,63.72,8006,7892,8468,68.94,1198,yes
Thomas Shervey,4,1,no,no,no,no,no,no,no,no,no,no,no,no,no,no,no,no,no,no,no,no,no,no,no,no,no,no,no,no,no,no,no,no,no,no,17716,2,8670,3,2778,31684,5560,10605,10016,5450,59,40,2688,1336,2766,6026,4259,4406,8810,5614,63.72,8006,7892,8468,68.94,1198,no
Terrence Hayes,4,1,no,no,no,no,yes,no,yes,no,yes,yes,yes,no,no,no,no,yes,no,no,no,no,no,no,no,no,no,no,no,no,no,no,yes,no,no,no,17716,2,8670,3,2778,31684,5560,10605,10016,5450,59,40,2688,1336,2766,6026,4259,4406,8810,5614,63.72,8006,7892,8468,68.94,1198,no
Steph Routh,4,1,no,yes,no,yes,yes,yes,no,no,yes,no,no,yes,yes,no,no,no,no,yes,no,no,no,no,no,no,no,no,no,no,no,no,no,no,yes,no,17716,2,8670,3,2778,31684,5560,10605,10016,5450,59,40,2688,1336,2766,6026,4259,4406,8810,5614,63.72,8006,7892,8468,68.94,1198,no
Jamie Dunphy,4,1,no,yes,no,yes,no,no,no,yes,yes,no,no,yes,no,yes,no,no,no,yes,no,yes,yes,no,no,no,no,no,no,no,no,no,no,no,no,no,17716,2,8670,3,2778,31684,5560,10605,10016,5450,59,40,2688,1336,2766,6026,4259,4406,8810,5614,63.72,8006,7892,8468,68.94,1198,yes
Timur Ender,33,1,no,yes,no,yes,no,yes,no,yes,no,no,no,no,yes,yes,yes,no,no,no,no,no,no,yes,yes,yes,yes,no,yes,no,no,no,no,no,no,no,4012,2,2378,3,1118,8332,2721,3586,1525,526,68,31,706,395,617,1178,871,4407,51,29,56.86,516,562,256,75.52,90,no
Noah Ernst,33,1,no,no,no,no,no,no,yes,no,no,yes,yes,no,no,no,no,no,no,no,yes,no,no,no,no,no,no,no,no,no,no,no,no,no,no,no,4012,2,2378,3,1118,8332,2721,3586,1525,526,68,31,706,395,617,1178,871,4407,51,29,56.86,516,562,256,75.52,90,no
Candace Avalos,33,1,no,no,no,yes,no,no,no,yes,no,yes,no,yes,yes,no,yes,no,no,no,no,no,no,no,yes,no,no,no,no,yes,no,no,no,no,no,no,4012,2,2378,3,1118,8332,2721,3586,1525,526,68,31,706,395,617,1178,871,4407,51,29,56.86,516,562,256,75.52,90,yes
Joe Allen,33,1,no,no,no,no,no,no,no,no,no,no,no,no,no,no,no,no,no,no,no,no,no,no,no,no,no,no,no,no,no,no,no,no,no,no,4012,2,2378,3,1118,8332,2721,3586,1525,526,68,31,706,395,617,1178,871,4407,51,29,56.86,516,562,256,75.52,90,no
David Linn,33,1,no,yes,no,no,no,no,no,no,no,no,no,no,no,no,no,no,no,no,no,no,no,no,no,no,no,no,no,no,no,no,no,no,no,no,4012,2,2378,3,1118,8332,2721,3586,1525,526,68,31,706,395,617,1178,871,4407,51,29,56.86,516,562,256,75.52,90,no
Cayle Tern,33,1,no,yes,no,no,no,yes,no,no,no,no,no,no,no,no,yes,no,no,no,no,no,no,no,no,no,no,no,no,no,no,no,no,no,no,no,4012,2,2378,3,1118,8332,2721,3586,1525,526,68,31,706,395,617,1178,871,4407,51,29,56.86,516,562,256,75.52,90,no
Doug Clove,33,1,no,no,no,no,no,no,no,no,no,no,no,no,no,no,no,no,no,no,no,no,no,no,no,no,no,no,no,no,no,no,no,no,no,no,4012,2,2378,3,1118,8332,2721,3586,1525,526,68,31,706,395,617,1178,871,4407,51,29,56.86,516,562,256,75.52,90,no
Joe Furi,33,1,no,no,no,no,no,no,no,no,no,no,no,no,no,no,no,no,no,no,no,no,no,no,no,no,no,no,no,no,no,no,no,no,no,no,4012,2,2378,3,1118,8332,2721,3586,1525,526,68,31,706,395,617,1178,871,4407,51,29,56.86,516,562,256,75.52,90,no
Michael (Mike) Sands,33,1,no,no,no,no,no,no,no,no,no,no,no,no,no,no,no,no,no,no,no,no,no,no,no,no,no,no,no,no,no,no,no,no,no,no,4012,2,2378,3,1118,8332,2721,3586,1525,526,68,31,706,395,617,1178,871,4407,51,29,56.86,516,562,256,75.52,90,no
Deian Salazar,33,1,no,no,no,no,no,no,no,no,no,no,no,no,no,no,no,no,no,no,no,no,no,no,no,no,no,no,no,no,no,no,no,no,no,no,4012,2,2378,3,1118,8332,2721,3586,1525,526,68,31,706,395,617,1178,871,4407,51,29,56.86,516,562,256,75.52,90,no
Loretta Smith,33,1,no,no,no,no,yes,no,yes,no,yes,no,yes,no,no,no,no,yes,no,no,no,no,no,no,no,no,no,no,no,no,no,no,no,no,no,no,4012,2,2378,3,1118,8332,2721,3586,1525,526,68,31,706,395,617,1178,871,4407,51,29,56.86,516,562,256,75.52,90,yes
Thomas Shervey,33,1,no,no,no,no,no,no,no,no,no,no,no,no,no,no,no,no,no,no,no,no,no,no,no,no,no,no,no,no,no,no,no,no,no,no,4012,2,2378,3,1118,8332,2721,3586,1525,526,68,31,706,395,617,1178,871,4407,51,29,56.86,516,562,256,75.52,90,no
Terrence Hayes,33,1,no,no,no,no,yes,no,yes,no,yes,yes,yes,no,no,no,no,yes,no,no,no,no,no,no,no,no,no,no,no,no,no,no,yes,no,no,no,4012,2,2378,3,1118,8332,2721,3586,1525,526,68,31,706,395,617,1178,871,4407,51,29,56.86,516,562,256,75.52,90,no
Steph Routh,33,1,no,yes,no,yes,yes,yes,no,no,yes,no,no,yes,yes,no,no,no,no,yes,no,no,no,no,no,no,no,no,no,no,no,no,no,no,yes,no,4012,2,2378,3,1118,8332,2721,3586,1525,526,68,31,706,395,617,1178,871,4407,51,29,56.86,516,562,256,75.52,90,no
Jamie Dunphy,33,1,no,yes,no,yes,no,no,no,yes,yes,no,no,yes,no,yes,no,no,no,yes,no,yes,yes,no,no,no,no,no,no,no,no,no,no,no,no,no,4012,2,2378,3,1118,8332,2721,3586,1525,526,68,31,706,395,617,1178,871,4407,51,29,56.86,516,562,256,75.52,90,yes
Timur Ender,89,1,no,yes,no,yes,no,yes,no,yes,no,no,no,no,yes,yes,yes,no,no,no,no,no,no,yes,yes,yes,yes,no,yes,no,no,no,no,no,no,no,12018,2,7425,2,2439,22324,6006,8911,5657,2467,58,41,883,1101,2383,4765,2464,CLACK-114,NA,NA,NA,NA,NA,NA,NA,NA,no
Noah Ernst,89,1,no,no,no,no,no,no,yes,no,no,yes,yes,no,no,no,no,no,no,no,yes,no,no,no,no,no,no,no,no,no,no,no,no,no,no,no,12018,2,7425,2,2439,22324,6006,8911,5657,2467,58,41,883,1101,2383,4765,2464,CLACK-114,NA,NA,NA,NA,NA,NA,NA,NA,no
Candace Avalos,89,1,no,no,no,yes,no,no,no,yes,no,yes,no,yes,yes,no,yes,no,no,no,no,no,no,no,yes,no,no,no,no,yes,no,no,no,no,no,no,12018,2,7425,2,2439,22324,6006,8911,5657,2467,58,41,883,1101,2383,4765,2464,CLACK-114,NA,NA,NA,NA,NA,NA,NA,NA,yes
Joe Allen,89,1,no,no,no,no,no,no,no,no,no,no,no,no,no,no,no,no,no,no,no,no,no,no,no,no,no,no,no,no,no,no,no,no,no,no,12018,2,7425,2,2439,22324,6006,8911,5657,2467,58,41,883,1101,2383,4765,2464,CLACK-114,NA,NA,NA,NA,NA,NA,NA,NA,no
David Linn,89,1,no,yes,no,no,no,no,no,no,no,no,no,no,no,no,no,no,no,no,no,no,no,no,no,no,no,no,no,no,no,no,no,no,no,no,12018,2,7425,2,2439,22324,6006,8911,5657,2467,58,41,883,1101,2383,4765,2464,CLACK-114,NA,NA,NA,NA,NA,NA,NA,NA,no
Cayle Tern,89,1,no,yes,no,no,no,yes,no,no,no,no,no,no,no,no,yes,no,no,no,no,no,no,no,no,no,no,no,no,no,no,no,no,no,no,no,12018,2,7425,2,2439,22324,6006,8911,5657,2467,58,41,883,1101,2383,4765,2464,CLACK-114,NA,NA,NA,NA,NA,NA,NA,NA,no
Doug Clove,89,1,no,no,no,no,no,no,no,no,no,no,no,no,no,no,no,no,no,no,no,no,no,no,no,no,no,no,no,no,no,no,no,no,no,no,12018,2,7425,2,2439,22324,6006,8911,5657,2467,58,41,883,1101,2383,4765,2464,CLACK-114,NA,NA,NA,NA,NA,NA,NA,NA,no
Joe Furi,89,1,no,no,no,no,no,no,no,no,no,no,no,no,no,no,no,no,no,no,no,no,no,no,no,no,no,no,no,no,no,no,no,no,no,no,12018,2,7425,2,2439,22324,6006,8911,5657,2467,58,41,883,1101,2383,4765,2464,CLACK-114,NA,NA,NA,NA,NA,NA,NA,NA,no
Michael (Mike) Sands,89,1,no,no,no,no,no,no,no,no,no,no,no,no,no,no,no,no,no,no,no,no,no,no,no,no,no,no,no,no,no,no,no,no,no,no,12018,2,7425,2,2439,22324,6006,8911,5657,2467,58,41,883,1101,2383,4765,2464,CLACK-114,NA,NA,NA,NA,NA,NA,NA,NA,no
Deian Salazar,89,1,no,no,no,no,no,no,no,no,no,no,no,no,no,no,no,no,no,no,no,no,no,no,no,no,no,no,no,no,no,no,no,no,no,no,12018,2,7425,2,2439,22324,6006,8911,5657,2467,58,41,883,1101,2383,4765,2464,CLACK-114,NA,NA,NA,NA,NA,NA,NA,NA,no
Loretta Smith,89,1,no,no,no,no,yes,no,yes,no,yes,no,yes,no,no,no,no,yes,no,no,no,no,no,no,no,no,no,no,no,no,no,no,no,no,no,no,12018,2,7425,2,2439,22324,6006,8911,5657,2467,58,41,883,1101,2383,4765,2464,CLACK-114,NA,NA,NA,NA,NA,NA,NA,NA,yes
Thomas Shervey,89,1,no,no,no,no,no,no,no,no,no,no,no,no,no,no,no,no,no,no,no,no,no,no,no,no,no,no,no,no,no,no,no,no,no,no,12018,2,7425,2,2439,22324,6006,8911,5657,2467,58,41,883,1101,2383,4765,2464,CLACK-114,NA,NA,NA,NA,NA,NA,NA,NA,no
Terrence Hayes,89,1,no,no,no,no,yes,no,yes,no,yes,yes,yes,no,no,no,no,yes,no,no,no,no,no,no,no,no,no,no,no,no,no,no,yes,no,no,no,12018,2,7425,2,2439,22324,6006,8911,5657,2467,58,41,883,1101,2383,4765,2464,CLACK-114,NA,NA,NA,NA,NA,NA,NA,NA,no
Steph Routh,89,1,no,yes,no,yes,yes,yes,no,no,yes,no,no,yes,yes,no,no,no,no,yes,no,no,no,no,no,no,no,no,no,no,no,no,no,no,yes,no,12018,2,7425,2,2439,22324,6006,8911,5657,2467,58,41,883,1101,2383,4765,2464,CLACK-114,NA,NA,NA,NA,NA,NA,NA,NA,no
Jamie Dunphy,89,1,no,yes,no,yes,no,no,no,yes,yes,no,no,yes,no,yes,no,no,no,yes,no,yes,yes,no,no,no,no,no,no,no,no,no,no,no,no,no,12018,2,7425,2,2439,22324,6006,8911,5657,2467,58,41,883,1101,2383,4765,2464,CLACK-114,NA,NA,NA,NA,NA,NA,NA,NA,yes
Timur Ender,88,1,no,yes,no,yes,no,yes,no,yes,no,no,no,no,yes,yes,yes,no,no,no,no,no,no,yes,yes,yes,yes,no,yes,no,no,no,no,no,no,no,9294,2,6977,3,2360,18861,3700,7745,5161,2745,72,27,629,707,1350,3557,2925,CLACK-113,NA,NA,NA,NA,NA,NA,NA,NA,no
Noah Ernst,88,1,no,no,no,no,no,no,yes,no,no,yes,yes,no,no,no,no,no,no,no,yes,no,no,no,no,no,no,no,no,no,no,no,no,no,no,no,9294,2,6977,3,2360,18861,3700,7745,5161,2745,72,27,629,707,1350,3557,2925,CLACK-113,NA,NA,NA,NA,NA,NA,NA,NA,no
Candace Avalos,88,1,no,no,no,yes,no,no,no,yes,no,yes,no,yes,yes,no,yes,no,no,no,no,no,no,no,yes,no,no,no,no,yes,no,no,no,no,no,no,9294,2,6977,3,2360,18861,3700,7745,5161,2745,72,27,629,707,1350,3557,2925,CLACK-113,NA,NA,NA,NA,NA,NA,NA,NA,yes
Joe Allen,88,1,no,no,no,no,no,no,no,no,no,no,no,no,no,no,no,no,no,no,no,no,no,no,no,no,no,no,no,no,no,no,no,no,no,no,9294,2,6977,3,2360,18861,3700,7745,5161,2745,72,27,629,707,1350,3557,2925,CLACK-113,NA,NA,NA,NA,NA,NA,NA,NA,no
David Linn,88,1,no,yes,no,no,no,no,no,no,no,no,no,no,no,no,no,no,no,no,no,no,no,no,no,no,no,no,no,no,no,no,no,no,no,no,9294,2,6977,3,2360,18861,3700,7745,5161,2745,72,27,629,707,1350,3557,2925,CLACK-113,NA,NA,NA,NA,NA,NA,NA,NA,no
Cayle Tern,88,1,no,yes,no,no,no,yes,no,no,no,no,no,no,no,no,yes,no,no,no,no,no,no,no,no,no,no,no,no,no,no,no,no,no,no,no,9294,2,6977,3,2360,18861,3700,7745,5161,2745,72,27,629,707,1350,3557,2925,CLACK-113,NA,NA,NA,NA,NA,NA,NA,NA,no
Doug Clove,88,1,no,no,no,no,no,no,no,no,no,no,no,no,no,no,no,no,no,no,no,no,no,no,no,no,no,no,no,no,no,no,no,no,no,no,9294,2,6977,3,2360,18861,3700,7745,5161,2745,72,27,629,707,1350,3557,2925,CLACK-113,NA,NA,NA,NA,NA,NA,NA,NA,no
Joe Furi,88,1,no,no,no,no,no,no,no,no,no,no,no,no,no,no,no,no,no,no,no,no,no,no,no,no,no,no,no,no,no,no,no,no,no,no,9294,2,6977,3,2360,18861,3700,7745,5161,2745,72,27,629,707,1350,3557,2925,CLACK-113,NA,NA,NA,NA,NA,NA,NA,NA,no
Michael (Mike) Sands,88,1,no,no,no,no,no,no,no,no,no,no,no,no,no,no,no,no,no,no,no,no,no,no,no,no,no,no,no,no,no,no,no,no,no,no,9294,2,6977,3,2360,18861,3700,7745,5161,2745,72,27,629,707,1350,3557,2925,CLACK-113,NA,NA,NA,NA,NA,NA,NA,NA,no
Deian Salazar,88,1,no,no,no,no,no,no,no,no,no,no,no,no,no,no,no,no,no,no,no,no,no,no,no,no,no,no,no,no,no,no,no,no,no,no,9294,2,6977,3,2360,18861,3700,7745,5161,2745,72,27,629,707,1350,3557,2925,CLACK-113,NA,NA,NA,NA,NA,NA,NA,NA,no
Loretta Smith,88,1,no,no,no,no,yes,no,yes,no,yes,no,yes,no,no,no,no,yes,no,no,no,no,no,no,no,no,no,no,no,no,no,no,no,no,no,no,9294,2,6977,3,2360,18861,3700,7745,5161,2745,72,27,629,707,1350,3557,2925,CLACK-113,NA,NA,NA,NA,NA,NA,NA,NA,yes
Thomas Shervey,88,1,no,no,no,no,no,no,no,no,no,no,no,no,no,no,no,no,no,no,no,no,no,no,no,no,no,no,no,no,no,no,no,no,no,no,9294,2,6977,3,2360,18861,3700,7745,5161,2745,72,27,629,707,1350,3557,2925,CLACK-113,NA,NA,NA,NA,NA,NA,NA,NA,no
Terrence Hayes,88,1,no,no,no,no,yes,no,yes,no,yes,yes,yes,no,no,no,no,yes,no,no,no,no,no,no,no,no,no,no,no,no,no,no,yes,no,no,no,9294,2,6977,3,2360,18861,3700,7745,5161,2745,72,27,629,707,1350,3557,2925,CLACK-113,NA,NA,NA,NA,NA,NA,NA,NA,no
Steph Routh,88,1,no,yes,no,yes,yes,yes,no,no,yes,no,no,yes,yes,no,no,no,no,yes,no,no,no,no,no,no,no,no,no,no,no,no,no,no,yes,no,9294,2,6977,3,2360,18861,3700,7745,5161,2745,72,27,629,707,1350,3557,2925,CLACK-113,NA,NA,NA,NA,NA,NA,NA,NA,no
Jamie Dunphy,88,1,no,yes,no,yes,no,no,no,yes,yes,no,no,yes,no,yes,no,no,no,yes,no,yes,yes,no,no,no,no,no,no,no,no,no,no,no,no,no,9294,2,6977,3,2360,18861,3700,7745,5161,2745,72,27,629,707,1350,3557,2925,CLACK-113,NA,NA,NA,NA,NA,NA,NA,NA,yes
Sameer Kanal,37,2,no,yes,no,no,no,yes,no,yes,no,no,no,no,no,no,yes,no,no,no,no,no,no,yes,yes,yes,yes,yes,yes,no,no,no,no,no,no,no,18634,2,10058,2,2138,31506,2932,8442,12946,8549,64,35,1429,1176,2899,5690,6875,2806,9620,7798,81.06,12441,11594,12136,81.31,1205,yes
Debbi Kitchin,37,2,no,no,no,no,no,no,no,no,no,no,yes,no,no,no,no,no,no,no,no,no,yes,no,yes,no,yes,no,no,no,no,no,no,no,no,no,18634,2,10058,2,2138,31506,2932,8442,12946,8549,64,35,1429,1176,2899,5690,6875,2806,9620,7798,81.06,12441,11594,12136,81.31,1205,no
Nat West,37,2,no,yes,no,no,no,no,no,no,no,yes,no,no,yes,no,no,no,no,yes,no,yes,no,yes,yes,no,yes,no,yes,no,no,no,no,no,no,no,18634,2,10058,2,2138,31506,2932,8442,12946,8549,64,35,1429,1176,2899,5690,6875,2806,9620,7798,81.06,12441,11594,12136,81.31,1205,no
Reuben Berlin,37,2,no,no,no,no,no,no,no,no,no,no,no,no,no,no,no,no,no,no,no,no,no,no,no,no,no,no,no,no,no,no,no,no,no,no,18634,2,10058,2,2138,31506,2932,8442,12946,8549,64,35,1429,1176,2899,5690,6875,2806,9620,7798,81.06,12441,11594,12136,81.31,1205,no
Chris Olson,37,2,no,yes,no,no,no,yes,no,no,no,no,no,no,no,no,no,no,no,no,no,yes,no,no,no,no,no,no,no,no,no,no,no,no,no,no,18634,2,10058,2,2138,31506,2932,8442,12946,8549,64,35,1429,1176,2899,5690,6875,2806,9620,7798,81.06,12441,11594,12136,81.31,1205,no
Marnie Glickman,37,2,no,yes,no,no,no,no,no,yes,no,no,yes,no,no,no,no,no,no,yes,no,yes,no,yes,no,yes,yes,no,yes,no,yes,yes,no,no,no,no,18634,2,10058,2,2138,31506,2932,8442,12946,8549,64,35,1429,1176,2899,5690,6875,2806,9620,7798,81.06,12441,11594,12136,81.31,1205,no
James Armstrong,37,2,no,no,no,no,no,no,yes,no,no,no,yes,no,no,no,no,no,no,no,no,no,no,no,no,no,no,no,no,no,no,no,no,no,no,no,18634,2,10058,2,2138,31506,2932,8442,12946,8549,64,35,1429,1176,2899,5690,6875,2806,9620,7798,81.06,12441,11594,12136,81.31,1205,no
Tiffani Penson,37,2,no,no,no,no,no,yes,no,no,yes,yes,yes,no,no,no,no,yes,yes,no,yes,no,yes,no,no,no,no,no,no,no,yes,no,no,no,no,no,18634,2,10058,2,2138,31506,2932,8442,12946,8549,64,35,1429,1176,2899,5690,6875,2806,9620,7798,81.06,12441,11594,12136,81.31,1205,no
Jennifer Park,37,2,no,yes,no,no,no,no,no,yes,no,no,no,no,no,no,no,no,no,no,no,yes,no,yes,no,no,no,no,no,no,no,no,no,no,no,no,18634,2,10058,2,2138,31506,2932,8442,12946,8549,64,35,1429,1176,2899,5690,6875,2806,9620,7798,81.06,12441,11594,12136,81.31,1205,no
Elana Pirtle-Guiney,37,2,no,no,no,no,no,no,no,no,no,no,no,no,no,no,no,no,no,no,no,no,no,no,no,no,no,no,no,no,no,no,no,no,no,no,18634,2,10058,2,2138,31506,2932,8442,12946,8549,64,35,1429,1176,2899,5690,6875,2806,9620,7798,81.06,12441,11594,12136,81.31,1205,no
Will Mespelt,37,2,no,no,no,no,no,no,no,no,no,no,yes,no,no,no,no,no,no,no,no,no,no,no,no,no,no,no,no,no,no,no,no,no,no,no,18634,2,10058,2,2138,31506,2932,8442,12946,8549,64,35,1429,1176,2899,5690,6875,2806,9620,7798,81.06,12441,11594,12136,81.31,1205,no
MIchelle DePass,37,2,no,no,no,no,no,no,no,no,no,no,yes,yes,no,no,yes,no,no,no,no,no,no,yes,no,no,no,no,no,no,no,no,no,yes,no,no,18634,2,10058,2,2138,31506,2932,8442,12946,8549,64,35,1429,1176,2899,5690,6875,2806,9620,7798,81.06,12441,11594,12136,81.31,1205,no
Liz Taylor,37,2,no,no,no,no,no,no,no,no,no,no,no,no,no,no,no,no,no,no,no,no,no,no,no,no,no,no,no,no,no,no,no,no,no,no,18634,2,10058,2,2138,31506,2932,8442,12946,8549,64,35,1429,1176,2899,5690,6875,2806,9620,7798,81.06,12441,11594,12136,81.31,1205,no
Jonathan Tasini,37,2,no,yes,no,yes,yes,no,no,no,no,no,no,no,no,yes,yes,no,no,no,no,yes,no,yes,no,no,no,yes,no,yes,yes,no,no,no,yes,no,18634,2,10058,2,2138,31506,2932,8442,12946,8549,64,35,1429,1176,2899,5690,6875,2806,9620,7798,81.06,12441,11594,12136,81.31,1205,no
Sam Sachs,37,2,no,no,no,no,no,no,no,no,no,no,no,no,no,no,no,no,no,no,no,no,no,no,no,no,no,no,no,no,no,no,no,no,no,no,18634,2,10058,2,2138,31506,2932,8442,12946,8549,64,35,1429,1176,2899,5690,6875,2806,9620,7798,81.06,12441,11594,12136,81.31,1205,no
Bob Simril,37,2,no,no,yes,no,no,no,no,no,no,no,no,no,no,no,no,yes,yes,no,yes,no,no,no,no,no,no,no,no,no,no,no,no,no,no,no,18634,2,10058,2,2138,31506,2932,8442,12946,8549,64,35,1429,1176,2899,5690,6875,2806,9620,7798,81.06,12441,11594,12136,81.31,1205,no
Laura Streib,37,2,no,no,no,no,no,no,no,no,no,no,no,no,no,no,no,no,no,no,no,no,no,no,no,no,no,no,no,no,no,no,no,no,no,no,18634,2,10058,2,2138,31506,2932,8442,12946,8549,64,35,1429,1176,2899,5690,6875,2806,9620,7798,81.06,12441,11594,12136,81.31,1205,no
Mariah Hudson,37,2,no,no,yes,yes,yes,no,no,no,no,no,no,no,no,no,no,no,no,no,no,no,no,no,no,no,no,no,no,no,no,no,no,no,no,no,18634,2,10058,2,2138,31506,2932,8442,12946,8549,64,35,1429,1176,2899,5690,6875,2806,9620,7798,81.06,12441,11594,12136,81.31,1205,no
Dan Ryan,37,2,no,no,yes,no,yes,no,yes,no,yes,yes,yes,yes,no,no,no,yes,yes,no,yes,no,no,no,no,no,no,no,no,yes,no,no,yes,no,no,yes,18634,2,10058,2,2138,31506,2932,8442,12946,8549,64,35,1429,1176,2899,5690,6875,2806,9620,7798,81.06,12441,11594,12136,81.31,1205,yes
Nabil Zaghoul,37,2,no,no,no,no,no,no,no,no,no,no,no,no,no,no,no,no,no,no,no,no,no,yes,no,no,no,no,no,no,no,no,no,no,no,no,18634,2,10058,2,2138,31506,2932,8442,12946,8549,64,35,1429,1176,2899,5690,6875,2806,9620,7798,81.06,12441,11594,12136,81.31,1205,no
Michelle DePass,37,2,no,no,no,no,no,no,no,no,no,no,yes,yes,no,no,yes,no,no,no,no,no,no,yes,no,no,no,no,no,no,no,no,no,yes,no,no,18634,2,10058,2,2138,31506,2932,8442,12946,8549,64,35,1429,1176,2899,5690,6875,2806,9620,7798,81.06,12441,11594,12136,81.31,1205,no
Sameer Kanal,69,2,no,yes,no,no,no,yes,no,yes,no,no,no,no,no,no,yes,no,no,no,no,no,no,yes,yes,yes,yes,yes,yes,no,no,no,no,no,no,no,8137,2,3644,2,3543,13072,3541,5137,4446,2550,60,39,1048,931,1386,2508,1833,3308,4129,3142,76.1,5521,5467,5720,85.56,896,yes
Debbi Kitchin,69,2,no,no,no,no,no,no,no,no,no,no,yes,no,no,no,no,no,no,no,no,no,yes,no,yes,no,yes,no,no,no,no,no,no,no,no,no,8137,2,3644,2,3543,13072,3541,5137,4446,2550,60,39,1048,931,1386,2508,1833,3308,4129,3142,76.1,5521,5467,5720,85.56,896,no
Nat West,69,2,no,yes,no,no,no,no,no,no,no,yes,no,no,yes,no,no,no,no,yes,no,yes,no,yes,yes,no,yes,no,yes,no,no,no,no,no,no,no,8137,2,3644,2,3543,13072,3541,5137,4446,2550,60,39,1048,931,1386,2508,1833,3308,4129,3142,76.1,5521,5467,5720,85.56,896,no
Reuben Berlin,69,2,no,no,no,no,no,no,no,no,no,no,no,no,no,no,no,no,no,no,no,no,no,no,no,no,no,no,no,no,no,no,no,no,no,no,8137,2,3644,2,3543,13072,3541,5137,4446,2550,60,39,1048,931,1386,2508,1833,3308,4129,3142,76.1,5521,5467,5720,85.56,896,no
Chris Olson,69,2,no,yes,no,no,no,yes,no,no,no,no,no,no,no,no,no,no,no,no,no,yes,no,no,no,no,no,no,no,no,no,no,no,no,no,no,8137,2,3644,2,3543,13072,3541,5137,4446,2550,60,39,1048,931,1386,2508,1833,3308,4129,3142,76.1,5521,5467,5720,85.56,896,no
Marnie Glickman,69,2,no,yes,no,no,no,no,no,yes,no,no,yes,no,no,no,no,no,no,yes,no,yes,no,yes,no,yes,yes,no,yes,no,yes,yes,no,no,no,no,8137,2,3644,2,3543,13072,3541,5137,4446,2550,60,39,1048,931,1386,2508,1833,3308,4129,3142,76.1,5521,5467,5720,85.56,896,no
James Armstrong,69,2,no,no,no,no,no,no,yes,no,no,no,yes,no,no,no,no,no,no,no,no,no,no,no,no,no,no,no,no,no,no,no,no,no,no,no,8137,2,3644,2,3543,13072,3541,5137,4446,2550,60,39,1048,931,1386,2508,1833,3308,4129,3142,76.1,5521,5467,5720,85.56,896,no
Tiffani Penson,69,2,no,no,no,no,no,yes,no,no,yes,yes,yes,no,no,no,no,yes,yes,no,yes,no,yes,no,no,no,no,no,no,no,yes,no,no,no,no,no,8137,2,3644,2,3543,13072,3541,5137,4446,2550,60,39,1048,931,1386,2508,1833,3308,4129,3142,76.1,5521,5467,5720,85.56,896,no
Jennifer Park,69,2,no,yes,no,no,no,no,no,yes,no,no,no,no,no,no,no,no,no,no,no,yes,no,yes,no,no,no,no,no,no,no,no,no,no,no,no,8137,2,3644,2,3543,13072,3541,5137,4446,2550,60,39,1048,931,1386,2508,1833,3308,4129,3142,76.1,5521,5467,5720,85.56,896,no
Elana Pirtle-Guiney,69,2,no,no,no,no,no,no,no,no,no,no,no,no,no,no,no,no,no,no,no,no,no,no,no,no,no,no,no,no,no,no,no,no,no,no,8137,2,3644,2,3543,13072,3541,5137,4446,2550,60,39,1048,931,1386,2508,1833,3308,4129,3142,76.1,5521,5467,5720,85.56,896,no
Will Mespelt,69,2,no,no,no,no,no,no,no,no,no,no,yes,no,no,no,no,no,no,no,no,no,no,no,no,no,no,no,no,no,no,no,no,no,no,no,8137,2,3644,2,3543,13072,3541,5137,4446,2550,60,39,1048,931,1386,2508,1833,3308,4129,3142,76.1,5521,5467,5720,85.56,896,no
MIchelle DePass,69,2,no,no,no,no,no,no,no,no,no,no,yes,yes,no,no,yes,no,no,no,no,no,no,yes,no,no,no,no,no,no,no,no,no,yes,no,no,8137,2,3644,2,3543,13072,3541,5137,4446,2550,60,39,1048,931,1386,2508,1833,3308,4129,3142,76.1,5521,5467,5720,85.56,896,no
Liz Taylor,69,2,no,no,no,no,no,no,no,no,no,no,no,no,no,no,no,no,no,no,no,no,no,no,no,no,no,no,no,no,no,no,no,no,no,no,8137,2,3644,2,3543,13072,3541,5137,4446,2550,60,39,1048,931,1386,2508,1833,3308,4129,3142,76.1,5521,5467,5720,85.56,896,no
Jonathan Tasini,69,2,no,yes,no,yes,yes,no,no,no,no,no,no,no,no,yes,yes,no,no,no,no,yes,no,yes,no,no,no,yes,no,yes,yes,no,no,no,yes,no,8137,2,3644,2,3543,13072,3541,5137,4446,2550,60,39,1048,931,1386,2508,1833,3308,4129,3142,76.1,5521,5467,5720,85.56,896,no
Sam Sachs,69,2,no,no,no,no,no,no,no,no,no,no,no,no,no,no,no,no,no,no,no,no,no,no,no,no,no,no,no,no,no,no,no,no,no,no,8137,2,3644,2,3543,13072,3541,5137,4446,2550,60,39,1048,931,1386,2508,1833,3308,4129,3142,76.1,5521,5467,5720,85.56,896,no
Bob Simril,69,2,no,no,yes,no,no,no,no,no,no,no,no,no,no,no,no,yes,yes,no,yes,no,no,no,no,no,no,no,no,no,no,no,no,no,no,no,8137,2,3644,2,3543,13072,3541,5137,4446,2550,60,39,1048,931,1386,2508,1833,3308,4129,3142,76.1,5521,5467,5720,85.56,896,no
Laura Streib,69,2,no,no,no,no,no,no,no,no,no,no,no,no,no,no,no,no,no,no,no,no,no,no,no,no,no,no,no,no,no,no,no,no,no,no,8137,2,3644,2,3543,13072,3541,5137,4446,2550,60,39,1048,931,1386,2508,1833,3308,4129,3142,76.1,5521,5467,5720,85.56,896,no
Mariah Hudson,69,2,no,no,yes,yes,yes,no,no,no,no,no,no,no,no,no,no,no,no,no,no,no,no,no,no,no,no,no,no,no,no,no,no,no,no,no,8137,2,3644,2,3543,13072,3541,5137,4446,2550,60,39,1048,931,1386,2508,1833,3308,4129,3142,76.1,5521,5467,5720,85.56,896,no
Dan Ryan,69,2,no,no,yes,no,yes,no,yes,no,yes,yes,yes,yes,no,no,no,yes,yes,no,yes,no,no,no,no,no,no,no,no,yes,no,no,yes,no,no,yes,8137,2,3644,2,3543,13072,3541,5137,4446,2550,60,39,1048,931,1386,2508,1833,3308,4129,3142,76.1,5521,5467,5720,85.56,896,yes
Nabil Zaghoul,69,2,no,no,no,no,no,no,no,no,no,no,no,no,no,no,no,no,no,no,no,no,no,yes,no,no,no,no,no,no,no,no,no,no,no,no,8137,2,3644,2,3543,13072,3541,5137,4446,2550,60,39,1048,931,1386,2508,1833,3308,4129,3142,76.1,5521,5467,5720,85.56,896,no
Michelle DePass,69,2,no,no,no,no,no,no,no,no,no,no,yes,yes,no,no,yes,no,no,no,no,no,no,yes,no,no,no,no,no,no,no,no,no,yes,no,no,8137,2,3644,2,3543,13072,3541,5137,4446,2550,60,39,1048,931,1386,2508,1833,3308,4129,3142,76.1,5521,5467,5720,85.56,896,no
Sameer Kanal,2,2,no,yes,no,no,no,yes,no,yes,no,no,no,no,no,no,yes,no,no,no,no,no,no,yes,yes,yes,yes,yes,yes,no,no,no,no,no,no,no,19093,2,11304,2,1822,34023,3284,8086,13146,10024,68,31,1647,1237,2331,5710,7675,4501,9555,8354,87.43,10682,9910,10192,82.47,1037,yes
Debbi Kitchin,2,2,no,no,no,no,no,no,no,no,no,no,yes,no,no,no,no,no,no,no,no,no,yes,no,yes,no,yes,no,no,no,no,no,no,no,no,no,19093,2,11304,2,1822,34023,3284,8086,13146,10024,68,31,1647,1237,2331,5710,7675,4501,9555,8354,87.43,10682,9910,10192,82.47,1037,no
Nat West,2,2,no,yes,no,no,no,no,no,no,no,yes,no,no,yes,no,no,no,no,yes,no,yes,no,yes,yes,no,yes,no,yes,no,no,no,no,no,no,no,19093,2,11304,2,1822,34023,3284,8086,13146,10024,68,31,1647,1237,2331,5710,7675,4501,9555,8354,87.43,10682,9910,10192,82.47,1037,no
Reuben Berlin,2,2,no,no,no,no,no,no,no,no,no,no,no,no,no,no,no,no,no,no,no,no,no,no,no,no,no,no,no,no,no,no,no,no,no,no,19093,2,11304,2,1822,34023,3284,8086,13146,10024,68,31,1647,1237,2331,5710,7675,4501,9555,8354,87.43,10682,9910,10192,82.47,1037,no
Chris Olson,2,2,no,yes,no,no,no,yes,no,no,no,no,no,no,no,no,no,no,no,no,no,yes,no,no,no,no,no,no,no,no,no,no,no,no,no,no,19093,2,11304,2,1822,34023,3284,8086,13146,10024,68,31,1647,1237,2331,5710,7675,4501,9555,8354,87.43,10682,9910,10192,82.47,1037,no
Marnie Glickman,2,2,no,yes,no,no,no,no,no,yes,no,no,yes,no,no,no,no,no,no,yes,no,yes,no,yes,no,yes,yes,no,yes,no,yes,yes,no,no,no,no,19093,2,11304,2,1822,34023,3284,8086,13146,10024,68,31,1647,1237,2331,5710,7675,4501,9555,8354,87.43,10682,9910,10192,82.47,1037,no
James Armstrong,2,2,no,no,no,no,no,no,yes,no,no,no,yes,no,no,no,no,no,no,no,no,no,no,no,no,no,no,no,no,no,no,no,no,no,no,no,19093,2,11304,2,1822,34023,3284,8086,13146,10024,68,31,1647,1237,2331,5710,7675,4501,9555,8354,87.43,10682,9910,10192,82.47,1037,no
Tiffani Penson,2,2,no,no,no,no,no,yes,no,no,yes,yes,yes,no,no,no,no,yes,yes,no,yes,no,yes,no,no,no,no,no,no,no,yes,no,no,no,no,no,19093,2,11304,2,1822,34023,3284,8086,13146,10024,68,31,1647,1237,2331,5710,7675,4501,9555,8354,87.43,10682,9910,10192,82.47,1037,no
Jennifer Park,2,2,no,yes,no,no,no,no,no,yes,no,no,no,no,no,no,no,no,no,no,no,yes,no,yes,no,no,no,no,no,no,no,no,no,no,no,no,19093,2,11304,2,1822,34023,3284,8086,13146,10024,68,31,1647,1237,2331,5710,7675,4501,9555,8354,87.43,10682,9910,10192,82.47,1037,no
Elana Pirtle-Guiney,2,2,no,no,no,no,no,no,no,no,no,no,no,no,no,no,no,no,no,no,no,no,no,no,no,no,no,no,no,no,no,no,no,no,no,no,19093,2,11304,2,1822,34023,3284,8086,13146,10024,68,31,1647,1237,2331,5710,7675,4501,9555,8354,87.43,10682,9910,10192,82.47,1037,no
Will Mespelt,2,2,no,no,no,no,no,no,no,no,no,no,yes,no,no,no,no,no,no,no,no,no,no,no,no,no,no,no,no,no,no,no,no,no,no,no,19093,2,11304,2,1822,34023,3284,8086,13146,10024,68,31,1647,1237,2331,5710,7675,4501,9555,8354,87.43,10682,9910,10192,82.47,1037,no
MIchelle DePass,2,2,no,no,no,no,no,no,no,no,no,no,yes,yes,no,no,yes,no,no,no,no,no,no,yes,no,no,no,no,no,no,no,no,no,yes,no,no,19093,2,11304,2,1822,34023,3284,8086,13146,10024,68,31,1647,1237,2331,5710,7675,4501,9555,8354,87.43,10682,9910,10192,82.47,1037,no
Liz Taylor,2,2,no,no,no,no,no,no,no,no,no,no,no,no,no,no,no,no,no,no,no,no,no,no,no,no,no,no,no,no,no,no,no,no,no,no,19093,2,11304,2,1822,34023,3284,8086,13146,10024,68,31,1647,1237,2331,5710,7675,4501,9555,8354,87.43,10682,9910,10192,82.47,1037,no
Jonathan Tasini,2,2,no,yes,no,yes,yes,no,no,no,no,no,no,no,no,yes,yes,no,no,no,no,yes,no,yes,no,no,no,yes,no,yes,yes,no,no,no,yes,no,19093,2,11304,2,1822,34023,3284,8086,13146,10024,68,31,1647,1237,2331,5710,7675,4501,9555,8354,87.43,10682,9910,10192,82.47,1037,no
Sam Sachs,2,2,no,no,no,no,no,no,no,no,no,no,no,no,no,no,no,no,no,no,no,no,no,no,no,no,no,no,no,no,no,no,no,no,no,no,19093,2,11304,2,1822,34023,3284,8086,13146,10024,68,31,1647,1237,2331,5710,7675,4501,9555,8354,87.43,10682,9910,10192,82.47,1037,no
Bob Simril,2,2,no,no,yes,no,no,no,no,no,no,no,no,no,no,no,no,yes,yes,no,yes,no,no,no,no,no,no,no,no,no,no,no,no,no,no,no,19093,2,11304,2,1822,34023,3284,8086,13146,10024,68,31,1647,1237,2331,5710,7675,4501,9555,8354,87.43,10682,9910,10192,82.47,1037,no
Laura Streib,2,2,no,no,no,no,no,no,no,no,no,no,no,no,no,no,no,no,no,no,no,no,no,no,no,no,no,no,no,no,no,no,no,no,no,no,19093,2,11304,2,1822,34023,3284,8086,13146,10024,68,31,1647,1237,2331,5710,7675,4501,9555,8354,87.43,10682,9910,10192,82.47,1037,no
Mariah Hudson,2,2,no,no,yes,yes,yes,no,no,no,no,no,no,no,no,no,no,no,no,no,no,no,no,no,no,no,no,no,no,no,no,no,no,no,no,no,19093,2,11304,2,1822,34023,3284,8086,13146,10024,68,31,1647,1237,2331,5710,7675,4501,9555,8354,87.43,10682,9910,10192,82.47,1037,no
Dan Ryan,2,2,no,no,yes,no,yes,no,yes,no,yes,yes,yes,yes,no,no,no,yes,yes,no,yes,no,no,no,no,no,no,no,no,yes,no,no,yes,no,no,yes,19093,2,11304,2,1822,34023,3284,8086,13146,10024,68,31,1647,1237,2331,5710,7675,4501,9555,8354,87.43,10682,9910,10192,82.47,1037,yes
Nabil Zaghoul,2,2,no,no,no,no,no,no,no,no,no,no,no,no,no,no,no,no,no,no,no,no,no,yes,no,no,no,no,no,no,no,no,no,no,no,no,19093,2,11304,2,1822,34023,3284,8086,13146,10024,68,31,1647,1237,2331,5710,7675,4501,9555,8354,87.43,10682,9910,10192,82.47,1037,no
Michelle DePass,2,2,no,no,no,no,no,no,no,no,no,no,yes,yes,no,no,yes,no,no,no,no,no,no,yes,no,no,no,no,no,no,no,no,no,yes,no,no,19093,2,11304,2,1822,34023,3284,8086,13146,10024,68,31,1647,1237,2331,5710,7675,4501,9555,8354,87.43,10682,9910,10192,82.47,1037,no
Sameer Kanal,28,2,no,yes,no,no,no,yes,no,yes,no,no,no,no,no,no,yes,no,no,no,no,no,no,yes,yes,yes,yes,yes,yes,no,no,no,no,no,no,no,19403,1,6203,2,2495,29717,4432,6916,11652,7939,32,67,2070,1625,3403,5262,5318,4304,8250,6408,77.67,7948,7690,7859,77.54,1064,yes
Debbi Kitchin,28,2,no,no,no,no,no,no,no,no,no,no,yes,no,no,no,no,no,no,no,no,no,yes,no,yes,no,yes,no,no,no,no,no,no,no,no,no,19403,1,6203,2,2495,29717,4432,6916,11652,7939,32,67,2070,1625,3403,5262,5318,4304,8250,6408,77.67,7948,7690,7859,77.54,1064,no
Nat West,28,2,no,yes,no,no,no,no,no,no,no,yes,no,no,yes,no,no,no,no,yes,no,yes,no,yes,yes,no,yes,no,yes,no,no,no,no,no,no,no,19403,1,6203,2,2495,29717,4432,6916,11652,7939,32,67,2070,1625,3403,5262,5318,4304,8250,6408,77.67,7948,7690,7859,77.54,1064,no
Reuben Berlin,28,2,no,no,no,no,no,no,no,no,no,no,no,no,no,no,no,no,no,no,no,no,no,no,no,no,no,no,no,no,no,no,no,no,no,no,19403,1,6203,2,2495,29717,4432,6916,11652,7939,32,67,2070,1625,3403,5262,5318,4304,8250,6408,77.67,7948,7690,7859,77.54,1064,no
Chris Olson,28,2,no,yes,no,no,no,yes,no,no,no,no,no,no,no,no,no,no,no,no,no,yes,no,no,no,no,no,no,no,no,no,no,no,no,no,no,19403,1,6203,2,2495,29717,4432,6916,11652,7939,32,67,2070,1625,3403,5262,5318,4304,8250,6408,77.67,7948,7690,7859,77.54,1064,no
Marnie Glickman,28,2,no,yes,no,no,no,no,no,yes,no,no,yes,no,no,no,no,no,no,yes,no,yes,no,yes,no,yes,yes,no,yes,no,yes,yes,no,no,no,no,19403,1,6203,2,2495,29717,4432,6916,11652,7939,32,67,2070,1625,3403,5262,5318,4304,8250,6408,77.67,7948,7690,7859,77.54,1064,no
James Armstrong,28,2,no,no,no,no,no,no,yes,no,no,no,yes,no,no,no,no,no,no,no,no,no,no,no,no,no,no,no,no,no,no,no,no,no,no,no,19403,1,6203,2,2495,29717,4432,6916,11652,7939,32,67,2070,1625,3403,5262,5318,4304,8250,6408,77.67,7948,7690,7859,77.54,1064,no
Tiffani Penson,28,2,no,no,no,no,no,yes,no,no,yes,yes,yes,no,no,no,no,yes,yes,no,yes,no,yes,no,no,no,no,no,no,no,yes,no,no,no,no,no,19403,1,6203,2,2495,29717,4432,6916,11652,7939,32,67,2070,1625,3403,5262,5318,4304,8250,6408,77.67,7948,7690,7859,77.54,1064,no
Jennifer Park,28,2,no,yes,no,no,no,no,no,yes,no,no,no,no,no,no,no,no,no,no,no,yes,no,yes,no,no,no,no,no,no,no,no,no,no,no,no,19403,1,6203,2,2495,29717,4432,6916,11652,7939,32,67,2070,1625,3403,5262,5318,4304,8250,6408,77.67,7948,7690,7859,77.54,1064,no
Elana Pirtle-Guiney,28,2,no,no,no,no,no,no,no,no,no,no,no,no,no,no,no,no,no,no,no,no,no,no,no,no,no,no,no,no,no,no,no,no,no,no,19403,1,6203,2,2495,29717,4432,6916,11652,7939,32,67,2070,1625,3403,5262,5318,4304,8250,6408,77.67,7948,7690,7859,77.54,1064,no
Will Mespelt,28,2,no,no,no,no,no,no,no,no,no,no,yes,no,no,no,no,no,no,no,no,no,no,no,no,no,no,no,no,no,no,no,no,no,no,no,19403,1,6203,2,2495,29717,4432,6916,11652,7939,32,67,2070,1625,3403,5262,5318,4304,8250,6408,77.67,7948,7690,7859,77.54,1064,no
MIchelle DePass,28,2,no,no,no,no,no,no,no,no,no,no,yes,yes,no,no,yes,no,no,no,no,no,no,yes,no,no,no,no,no,no,no,no,no,yes,no,no,19403,1,6203,2,2495,29717,4432,6916,11652,7939,32,67,2070,1625,3403,5262,5318,4304,8250,6408,77.67,7948,7690,7859,77.54,1064,no
Liz Taylor,28,2,no,no,no,no,no,no,no,no,no,no,no,no,no,no,no,no,no,no,no,no,no,no,no,no,no,no,no,no,no,no,no,no,no,no,19403,1,6203,2,2495,29717,4432,6916,11652,7939,32,67,2070,1625,3403,5262,5318,4304,8250,6408,77.67,7948,7690,7859,77.54,1064,no
Jonathan Tasini,28,2,no,yes,no,yes,yes,no,no,no,no,no,no,no,no,yes,yes,no,no,no,no,yes,no,yes,no,no,no,yes,no,yes,yes,no,no,no,yes,no,19403,1,6203,2,2495,29717,4432,6916,11652,7939,32,67,2070,1625,3403,5262,5318,4304,8250,6408,77.67,7948,7690,7859,77.54,1064,no
Sam Sachs,28,2,no,no,no,no,no,no,no,no,no,no,no,no,no,no,no,no,no,no,no,no,no,no,no,no,no,no,no,no,no,no,no,no,no,no,19403,1,6203,2,2495,29717,4432,6916,11652,7939,32,67,2070,1625,3403,5262,5318,4304,8250,6408,77.67,7948,7690,7859,77.54,1064,no
Bob Simril,28,2,no,no,yes,no,no,no,no,no,no,no,no,no,no,no,no,yes,yes,no,yes,no,no,no,no,no,no,no,no,no,no,no,no,no,no,no,19403,1,6203,2,2495,29717,4432,6916,11652,7939,32,67,2070,1625,3403,5262,5318,4304,8250,6408,77.67,7948,7690,7859,77.54,1064,no
Laura Streib,28,2,no,no,no,no,no,no,no,no,no,no,no,no,no,no,no,no,no,no,no,no,no,no,no,no,no,no,no,no,no,no,no,no,no,no,19403,1,6203,2,2495,29717,4432,6916,11652,7939,32,67,2070,1625,3403,5262,5318,4304,8250,6408,77.67,7948,7690,7859,77.54,1064,no
Mariah Hudson,28,2,no,no,yes,yes,yes,no,no,no,no,no,no,no,no,no,no,no,no,no,no,no,no,no,no,no,no,no,no,no,no,no,no,no,no,no,19403,1,6203,2,2495,29717,4432,6916,11652,7939,32,67,2070,1625,3403,5262,5318,4304,8250,6408,77.67,7948,7690,7859,77.54,1064,no
Dan Ryan,28,2,no,no,yes,no,yes,no,yes,no,yes,yes,yes,yes,no,no,no,yes,yes,no,yes,no,no,no,no,no,no,no,no,yes,no,no,yes,no,no,yes,19403,1,6203,2,2495,29717,4432,6916,11652,7939,32,67,2070,1625,3403,5262,5318,4304,8250,6408,77.67,7948,7690,7859,77.54,1064,yes
Nabil Zaghoul,28,2,no,no,no,no,no,no,no,no,no,no,no,no,no,no,no,no,no,no,no,no,no,yes,no,no,no,no,no,no,no,no,no,no,no,no,19403,1,6203,2,2495,29717,4432,6916,11652,7939,32,67,2070,1625,3403,5262,5318,4304,8250,6408,77.67,7948,7690,7859,77.54,1064,no
Michelle DePass,28,2,no,no,no,no,no,no,no,no,no,no,yes,yes,no,no,yes,no,no,no,no,no,no,yes,no,no,no,no,no,no,no,no,no,yes,no,no,19403,1,6203,2,2495,29717,4432,6916,11652,7939,32,67,2070,1625,3403,5262,5318,4304,8250,6408,77.67,7948,7690,7859,77.54,1064,no
Sameer Kanal,79,2,no,yes,no,no,no,yes,no,yes,no,no,no,no,no,no,yes,no,no,no,no,no,no,yes,yes,yes,yes,yes,yes,no,no,no,no,no,no,no,18990,1,6818,2,2685,29785,4089,8133,11787,7108,48,51,2284,1518,2939,6146,4884,4405,9796,7443,75.98,9132,9149,9612,74.07,1258,yes
Debbi Kitchin,79,2,no,no,no,no,no,no,no,no,no,no,yes,no,no,no,no,no,no,no,no,no,yes,no,yes,no,yes,no,no,no,no,no,no,no,no,no,18990,1,6818,2,2685,29785,4089,8133,11787,7108,48,51,2284,1518,2939,6146,4884,4405,9796,7443,75.98,9132,9149,9612,74.07,1258,no
Nat West,79,2,no,yes,no,no,no,no,no,no,no,yes,no,no,yes,no,no,no,no,yes,no,yes,no,yes,yes,no,yes,no,yes,no,no,no,no,no,no,no,18990,1,6818,2,2685,29785,4089,8133,11787,7108,48,51,2284,1518,2939,6146,4884,4405,9796,7443,75.98,9132,9149,9612,74.07,1258,no
Reuben Berlin,79,2,no,no,no,no,no,no,no,no,no,no,no,no,no,no,no,no,no,no,no,no,no,no,no,no,no,no,no,no,no,no,no,no,no,no,18990,1,6818,2,2685,29785,4089,8133,11787,7108,48,51,2284,1518,2939,6146,4884,4405,9796,7443,75.98,9132,9149,9612,74.07,1258,no
Chris Olson,79,2,no,yes,no,no,no,yes,no,no,no,no,no,no,no,no,no,no,no,no,no,yes,no,no,no,no,no,no,no,no,no,no,no,no,no,no,18990,1,6818,2,2685,29785,4089,8133,11787,7108,48,51,2284,1518,2939,6146,4884,4405,9796,7443,75.98,9132,9149,9612,74.07,1258,no
Marnie Glickman,79,2,no,yes,no,no,no,no,no,yes,no,no,yes,no,no,no,no,no,no,yes,no,yes,no,yes,no,yes,yes,no,yes,no,yes,yes,no,no,no,no,18990,1,6818,2,2685,29785,4089,8133,11787,7108,48,51,2284,1518,2939,6146,4884,4405,9796,7443,75.98,9132,9149,9612,74.07,1258,no
James Armstrong,79,2,no,no,no,no,no,no,yes,no,no,no,yes,no,no,no,no,no,no,no,no,no,no,no,no,no,no,no,no,no,no,no,no,no,no,no,18990,1,6818,2,2685,29785,4089,8133,11787,7108,48,51,2284,1518,2939,6146,4884,4405,9796,7443,75.98,9132,9149,9612,74.07,1258,no
Tiffani Penson,79,2,no,no,no,no,no,yes,no,no,yes,yes,yes,no,no,no,no,yes,yes,no,yes,no,yes,no,no,no,no,no,no,no,yes,no,no,no,no,no,18990,1,6818,2,2685,29785,4089,8133,11787,7108,48,51,2284,1518,2939,6146,4884,4405,9796,7443,75.98,9132,9149,9612,74.07,1258,no
Jennifer Park,79,2,no,yes,no,no,no,no,no,yes,no,no,no,no,no,no,no,no,no,no,no,yes,no,yes,no,no,no,no,no,no,no,no,no,no,no,no,18990,1,6818,2,2685,29785,4089,8133,11787,7108,48,51,2284,1518,2939,6146,4884,4405,9796,7443,75.98,9132,9149,9612,74.07,1258,no
Elana Pirtle-Guiney,79,2,no,no,no,no,no,no,no,no,no,no,no,no,no,no,no,no,no,no,no,no,no,no,no,no,no,no,no,no,no,no,no,no,no,no,18990,1,6818,2,2685,29785,4089,8133,11787,7108,48,51,2284,1518,2939,6146,4884,4405,9796,7443,75.98,9132,9149,9612,74.07,1258,no
Will Mespelt,79,2,no,no,no,no,no,no,no,no,no,no,yes,no,no,no,no,no,no,no,no,no,no,no,no,no,no,no,no,no,no,no,no,no,no,no,18990,1,6818,2,2685,29785,4089,8133,11787,7108,48,51,2284,1518,2939,6146,4884,4405,9796,7443,75.98,9132,9149,9612,74.07,1258,no
MIchelle DePass,79,2,no,no,no,no,no,no,no,no,no,no,yes,yes,no,no,yes,no,no,no,no,no,no,yes,no,no,no,no,no,no,no,no,no,yes,no,no,18990,1,6818,2,2685,29785,4089,8133,11787,7108,48,51,2284,1518,2939,6146,4884,4405,9796,7443,75.98,9132,9149,9612,74.07,1258,no
Liz Taylor,79,2,no,no,no,no,no,no,no,no,no,no,no,no,no,no,no,no,no,no,no,no,no,no,no,no,no,no,no,no,no,no,no,no,no,no,18990,1,6818,2,2685,29785,4089,8133,11787,7108,48,51,2284,1518,2939,6146,4884,4405,9796,7443,75.98,9132,9149,9612,74.07,1258,no
Jonathan Tasini,79,2,no,yes,no,yes,yes,no,no,no,no,no,no,no,no,yes,yes,no,no,no,no,yes,no,yes,no,no,no,yes,no,yes,yes,no,no,no,yes,no,18990,1,6818,2,2685,29785,4089,8133,11787,7108,48,51,2284,1518,2939,6146,4884,4405,9796,7443,75.98,9132,9149,9612,74.07,1258,no
Sam Sachs,79,2,no,no,no,no,no,no,no,no,no,no,no,no,no,no,no,no,no,no,no,no,no,no,no,no,no,no,no,no,no,no,no,no,no,no,18990,1,6818,2,2685,29785,4089,8133,11787,7108,48,51,2284,1518,2939,6146,4884,4405,9796,7443,75.98,9132,9149,9612,74.07,1258,no
Bob Simril,79,2,no,no,yes,no,no,no,no,no,no,no,no,no,no,no,no,yes,yes,no,yes,no,no,no,no,no,no,no,no,no,no,no,no,no,no,no,18990,1,6818,2,2685,29785,4089,8133,11787,7108,48,51,2284,1518,2939,6146,4884,4405,9796,7443,75.98,9132,9149,9612,74.07,1258,no
Laura Streib,79,2,no,no,no,no,no,no,no,no,no,no,no,no,no,no,no,no,no,no,no,no,no,no,no,no,no,no,no,no,no,no,no,no,no,no,18990,1,6818,2,2685,29785,4089,8133,11787,7108,48,51,2284,1518,2939,6146,4884,4405,9796,7443,75.98,9132,9149,9612,74.07,1258,no
Mariah Hudson,79,2,no,no,yes,yes,yes,no,no,no,no,no,no,no,no,no,no,no,no,no,no,no,no,no,no,no,no,no,no,no,no,no,no,no,no,no,18990,1,6818,2,2685,29785,4089,8133,11787,7108,48,51,2284,1518,2939,6146,4884,4405,9796,7443,75.98,9132,9149,9612,74.07,1258,no
Dan Ryan,79,2,no,no,yes,no,yes,no,yes,no,yes,yes,yes,yes,no,no,no,yes,yes,no,yes,no,no,no,no,no,no,no,no,yes,no,no,yes,no,no,yes,18990,1,6818,2,2685,29785,4089,8133,11787,7108,48,51,2284,1518,2939,6146,4884,4405,9796,7443,75.98,9132,9149,9612,74.07,1258,yes
Nabil Zaghoul,79,2,no,no,no,no,no,no,no,no,no,no,no,no,no,no,no,no,no,no,no,no,no,yes,no,no,no,no,no,no,no,no,no,no,no,no,18990,1,6818,2,2685,29785,4089,8133,11787,7108,48,51,2284,1518,2939,6146,4884,4405,9796,7443,75.98,9132,9149,9612,74.07,1258,no
Michelle DePass,79,2,no,no,no,no,no,no,no,no,no,no,yes,yes,no,no,yes,no,no,no,no,no,no,yes,no,no,no,no,no,no,no,no,no,yes,no,no,18990,1,6818,2,2685,29785,4089,8133,11787,7108,48,51,2284,1518,2939,6146,4884,4405,9796,7443,75.98,9132,9149,9612,74.07,1258,no
Sameer Kanal,4,2,no,yes,no,no,no,yes,no,yes,no,no,no,no,no,no,yes,no,no,no,no,no,no,yes,yes,yes,yes,yes,yes,no,no,no,no,no,no,no,17716,2,8670,3,2778,31684,5560,10605,10016,5450,59,40,2688,1336,2766,6026,4259,4406,8810,5614,63.72,8006,7892,8468,68.94,1198,yes
Debbi Kitchin,4,2,no,no,no,no,no,no,no,no,no,no,yes,no,no,no,no,no,no,no,no,no,yes,no,yes,no,yes,no,no,no,no,no,no,no,no,no,17716,2,8670,3,2778,31684,5560,10605,10016,5450,59,40,2688,1336,2766,6026,4259,4406,8810,5614,63.72,8006,7892,8468,68.94,1198,no
Nat West,4,2,no,yes,no,no,no,no,no,no,no,yes,no,no,yes,no,no,no,no,yes,no,yes,no,yes,yes,no,yes,no,yes,no,no,no,no,no,no,no,17716,2,8670,3,2778,31684,5560,10605,10016,5450,59,40,2688,1336,2766,6026,4259,4406,8810,5614,63.72,8006,7892,8468,68.94,1198,no
Reuben Berlin,4,2,no,no,no,no,no,no,no,no,no,no,no,no,no,no,no,no,no,no,no,no,no,no,no,no,no,no,no,no,no,no,no,no,no,no,17716,2,8670,3,2778,31684,5560,10605,10016,5450,59,40,2688,1336,2766,6026,4259,4406,8810,5614,63.72,8006,7892,8468,68.94,1198,no
Chris Olson,4,2,no,yes,no,no,no,yes,no,no,no,no,no,no,no,no,no,no,no,no,no,yes,no,no,no,no,no,no,no,no,no,no,no,no,no,no,17716,2,8670,3,2778,31684,5560,10605,10016,5450,59,40,2688,1336,2766,6026,4259,4406,8810,5614,63.72,8006,7892,8468,68.94,1198,no
Marnie Glickman,4,2,no,yes,no,no,no,no,no,yes,no,no,yes,no,no,no,no,no,no,yes,no,yes,no,yes,no,yes,yes,no,yes,no,yes,yes,no,no,no,no,17716,2,8670,3,2778,31684,5560,10605,10016,5450,59,40,2688,1336,2766,6026,4259,4406,8810,5614,63.72,8006,7892,8468,68.94,1198,no
James Armstrong,4,2,no,no,no,no,no,no,yes,no,no,no,yes,no,no,no,no,no,no,no,no,no,no,no,no,no,no,no,no,no,no,no,no,no,no,no,17716,2,8670,3,2778,31684,5560,10605,10016,5450,59,40,2688,1336,2766,6026,4259,4406,8810,5614,63.72,8006,7892,8468,68.94,1198,no
Tiffani Penson,4,2,no,no,no,no,no,yes,no,no,yes,yes,yes,no,no,no,no,yes,yes,no,yes,no,yes,no,no,no,no,no,no,no,yes,no,no,no,no,no,17716,2,8670,3,2778,31684,5560,10605,10016,5450,59,40,2688,1336,2766,6026,4259,4406,8810,5614,63.72,8006,7892,8468,68.94,1198,no
Jennifer Park,4,2,no,yes,no,no,no,no,no,yes,no,no,no,no,no,no,no,no,no,no,no,yes,no,yes,no,no,no,no,no,no,no,no,no,no,no,no,17716,2,8670,3,2778,31684,5560,10605,10016,5450,59,40,2688,1336,2766,6026,4259,4406,8810,5614,63.72,8006,7892,8468,68.94,1198,no
Elana Pirtle-Guiney,4,2,no,no,no,no,no,no,no,no,no,no,no,no,no,no,no,no,no,no,no,no,no,no,no,no,no,no,no,no,no,no,no,no,no,no,17716,2,8670,3,2778,31684,5560,10605,10016,5450,59,40,2688,1336,2766,6026,4259,4406,8810,5614,63.72,8006,7892,8468,68.94,1198,no
Will Mespelt,4,2,no,no,no,no,no,no,no,no,no,no,yes,no,no,no,no,no,no,no,no,no,no,no,no,no,no,no,no,no,no,no,no,no,no,no,17716,2,8670,3,2778,31684,5560,10605,10016,5450,59,40,2688,1336,2766,6026,4259,4406,8810,5614,63.72,8006,7892,8468,68.94,1198,no
MIchelle DePass,4,2,no,no,no,no,no,no,no,no,no,no,yes,yes,no,no,yes,no,no,no,no,no,no,yes,no,no,no,no,no,no,no,no,no,yes,no,no,17716,2,8670,3,2778,31684,5560,10605,10016,5450,59,40,2688,1336,2766,6026,4259,4406,8810,5614,63.72,8006,7892,8468,68.94,1198,no
Liz Taylor,4,2,no,no,no,no,no,no,no,no,no,no,no,no,no,no,no,no,no,no,no,no,no,no,no,no,no,no,no,no,no,no,no,no,no,no,17716,2,8670,3,2778,31684,5560,10605,10016,5450,59,40,2688,1336,2766,6026,4259,4406,8810,5614,63.72,8006,7892,8468,68.94,1198,no
Jonathan Tasini,4,2,no,yes,no,yes,yes,no,no,no,no,no,no,no,no,yes,yes,no,no,no,no,yes,no,yes,no,no,no,yes,no,yes,yes,no,no,no,yes,no,17716,2,8670,3,2778,31684,5560,10605,10016,5450,59,40,2688,1336,2766,6026,4259,4406,8810,5614,63.72,8006,7892,8468,68.94,1198,no
Sam Sachs,4,2,no,no,no,no,no,no,no,no,no,no,no,no,no,no,no,no,no,no,no,no,no,no,no,no,no,no,no,no,no,no,no,no,no,no,17716,2,8670,3,2778,31684,5560,10605,10016,5450,59,40,2688,1336,2766,6026,4259,4406,8810,5614,63.72,8006,7892,8468,68.94,1198,no
Bob Simril,4,2,no,no,yes,no,no,no,no,no,no,no,no,no,no,no,no,yes,yes,no,yes,no,no,no,no,no,no,no,no,no,no,no,no,no,no,no,17716,2,8670,3,2778,31684,5560,10605,10016,5450,59,40,2688,1336,2766,6026,4259,4406,8810,5614,63.72,8006,7892,8468,68.94,1198,no
Laura Streib,4,2,no,no,no,no,no,no,no,no,no,no,no,no,no,no,no,no,no,no,no,no,no,no,no,no,no,no,no,no,no,no,no,no,no,no,17716,2,8670,3,2778,31684,5560,10605,10016,5450,59,40,2688,1336,2766,6026,4259,4406,8810,5614,63.72,8006,7892,8468,68.94,1198,no
Mariah Hudson,4,2,no,no,yes,yes,yes,no,no,no,no,no,no,no,no,no,no,no,no,no,no,no,no,no,no,no,no,no,no,no,no,no,no,no,no,no,17716,2,8670,3,2778,31684,5560,10605,10016,5450,59,40,2688,1336,2766,6026,4259,4406,8810,5614,63.72,8006,7892,8468,68.94,1198,no
Dan Ryan,4,2,no,no,yes,no,yes,no,yes,no,yes,yes,yes,yes,no,no,no,yes,yes,no,yes,no,no,no,no,no,no,no,no,yes,no,no,yes,no,no,yes,17716,2,8670,3,2778,31684,5560,10605,10016,5450,59,40,2688,1336,2766,6026,4259,4406,8810,5614,63.72,8006,7892,8468,68.94,1198,yes
Nabil Zaghoul,4,2,no,no,no,no,no,no,no,no,no,no,no,no,no,no,no,no,no,no,no,no,no,yes,no,no,no,no,no,no,no,no,no,no,no,no,17716,2,8670,3,2778,31684,5560,10605,10016,5450,59,40,2688,1336,2766,6026,4259,4406,8810,5614,63.72,8006,7892,8468,68.94,1198,no
Michelle DePass,4,2,no,no,no,no,no,no,no,no,no,no,yes,yes,no,no,yes,no,no,no,no,no,no,yes,no,no,no,no,no,no,no,no,no,yes,no,no,17716,2,8670,3,2778,31684,5560,10605,10016,5450,59,40,2688,1336,2766,6026,4259,4406,8810,5614,63.72,8006,7892,8468,68.94,1198,no
Sameer Kanal,7,2,no,yes,no,no,no,yes,no,yes,no,no,no,no,no,no,yes,no,no,no,no,no,no,yes,yes,yes,yes,yes,yes,no,no,no,no,no,no,no,16855,2,6752,2,1703,27026,2712,5948,11086,8309,47,52,1581,1308,3082,4346,5897,4306,7784,6672,85.71,8763,8001,8340,86.62,583,yes
Debbi Kitchin,7,2,no,no,no,no,no,no,no,no,no,no,yes,no,no,no,no,no,no,no,no,no,yes,no,yes,no,yes,no,no,no,no,no,no,no,no,no,16855,2,6752,2,1703,27026,2712,5948,11086,8309,47,52,1581,1308,3082,4346,5897,4306,7784,6672,85.71,8763,8001,8340,86.62,583,no
Nat West,7,2,no,yes,no,no,no,no,no,no,no,yes,no,no,yes,no,no,no,no,yes,no,yes,no,yes,yes,no,yes,no,yes,no,no,no,no,no,no,no,16855,2,6752,2,1703,27026,2712,5948,11086,8309,47,52,1581,1308,3082,4346,5897,4306,7784,6672,85.71,8763,8001,8340,86.62,583,no
Reuben Berlin,7,2,no,no,no,no,no,no,no,no,no,no,no,no,no,no,no,no,no,no,no,no,no,no,no,no,no,no,no,no,no,no,no,no,no,no,16855,2,6752,2,1703,27026,2712,5948,11086,8309,47,52,1581,1308,3082,4346,5897,4306,7784,6672,85.71,8763,8001,8340,86.62,583,no
Chris Olson,7,2,no,yes,no,no,no,yes,no,no,no,no,no,no,no,no,no,no,no,no,no,yes,no,no,no,no,no,no,no,no,no,no,no,no,no,no,16855,2,6752,2,1703,27026,2712,5948,11086,8309,47,52,1581,1308,3082,4346,5897,4306,7784,6672,85.71,8763,8001,8340,86.62,583,no
Marnie Glickman,7,2,no,yes,no,no,no,no,no,yes,no,no,yes,no,no,no,no,no,no,yes,no,yes,no,yes,no,yes,yes,no,yes,no,yes,yes,no,no,no,no,16855,2,6752,2,1703,27026,2712,5948,11086,8309,47,52,1581,1308,3082,4346,5897,4306,7784,6672,85.71,8763,8001,8340,86.62,583,no
James Armstrong,7,2,no,no,no,no,no,no,yes,no,no,no,yes,no,no,no,no,no,no,no,no,no,no,no,no,no,no,no,no,no,no,no,no,no,no,no,16855,2,6752,2,1703,27026,2712,5948,11086,8309,47,52,1581,1308,3082,4346,5897,4306,7784,6672,85.71,8763,8001,8340,86.62,583,no
Tiffani Penson,7,2,no,no,no,no,no,yes,no,no,yes,yes,yes,no,no,no,no,yes,yes,no,yes,no,yes,no,no,no,no,no,no,no,yes,no,no,no,no,no,16855,2,6752,2,1703,27026,2712,5948,11086,8309,47,52,1581,1308,3082,4346,5897,4306,7784,6672,85.71,8763,8001,8340,86.62,583,no
Jennifer Park,7,2,no,yes,no,no,no,no,no,yes,no,no,no,no,no,no,no,no,no,no,no,yes,no,yes,no,no,no,no,no,no,no,no,no,no,no,no,16855,2,6752,2,1703,27026,2712,5948,11086,8309,47,52,1581,1308,3082,4346,5897,4306,7784,6672,85.71,8763,8001,8340,86.62,583,no
Elana Pirtle-Guiney,7,2,no,no,no,no,no,no,no,no,no,no,no,no,no,no,no,no,no,no,no,no,no,no,no,no,no,no,no,no,no,no,no,no,no,no,16855,2,6752,2,1703,27026,2712,5948,11086,8309,47,52,1581,1308,3082,4346,5897,4306,7784,6672,85.71,8763,8001,8340,86.62,583,no
Will Mespelt,7,2,no,no,no,no,no,no,no,no,no,no,yes,no,no,no,no,no,no,no,no,no,no,no,no,no,no,no,no,no,no,no,no,no,no,no,16855,2,6752,2,1703,27026,2712,5948,11086,8309,47,52,1581,1308,3082,4346,5897,4306,7784,6672,85.71,8763,8001,8340,86.62,583,no
MIchelle DePass,7,2,no,no,no,no,no,no,no,no,no,no,yes,yes,no,no,yes,no,no,no,no,no,no,yes,no,no,no,no,no,no,no,no,no,yes,no,no,16855,2,6752,2,1703,27026,2712,5948,11086,8309,47,52,1581,1308,3082,4346,5897,4306,7784,6672,85.71,8763,8001,8340,86.62,583,no
Liz Taylor,7,2,no,no,no,no,no,no,no,no,no,no,no,no,no,no,no,no,no,no,no,no,no,no,no,no,no,no,no,no,no,no,no,no,no,no,16855,2,6752,2,1703,27026,2712,5948,11086,8309,47,52,1581,1308,3082,4346,5897,4306,7784,6672,85.71,8763,8001,8340,86.62,583,no
Jonathan Tasini,7,2,no,yes,no,yes,yes,no,no,no,no,no,no,no,no,yes,yes,no,no,no,no,yes,no,yes,no,no,no,yes,no,yes,yes,no,no,no,yes,no,16855,2,6752,2,1703,27026,2712,5948,11086,8309,47,52,1581,1308,3082,4346,5897,4306,7784,6672,85.71,8763,8001,8340,86.62,583,no
Sam Sachs,7,2,no,no,no,no,no,no,no,no,no,no,no,no,no,no,no,no,no,no,no,no,no,no,no,no,no,no,no,no,no,no,no,no,no,no,16855,2,6752,2,1703,27026,2712,5948,11086,8309,47,52,1581,1308,3082,4346,5897,4306,7784,6672,85.71,8763,8001,8340,86.62,583,no
Bob Simril,7,2,no,no,yes,no,no,no,no,no,no,no,no,no,no,no,no,yes,yes,no,yes,no,no,no,no,no,no,no,no,no,no,no,no,no,no,no,16855,2,6752,2,1703,27026,2712,5948,11086,8309,47,52,1581,1308,3082,4346,5897,4306,7784,6672,85.71,8763,8001,8340,86.62,583,no
Laura Streib,7,2,no,no,no,no,no,no,no,no,no,no,no,no,no,no,no,no,no,no,no,no,no,no,no,no,no,no,no,no,no,no,no,no,no,no,16855,2,6752,2,1703,27026,2712,5948,11086,8309,47,52,1581,1308,3082,4346,5897,4306,7784,6672,85.71,8763,8001,8340,86.62,583,no
Mariah Hudson,7,2,no,no,yes,yes,yes,no,no,no,no,no,no,no,no,no,no,no,no,no,no,no,no,no,no,no,no,no,no,no,no,no,no,no,no,no,16855,2,6752,2,1703,27026,2712,5948,11086,8309,47,52,1581,1308,3082,4346,5897,4306,7784,6672,85.71,8763,8001,8340,86.62,583,no
Dan Ryan,7,2,no,no,yes,no,yes,no,yes,no,yes,yes,yes,yes,no,no,no,yes,yes,no,yes,no,no,no,no,no,no,no,no,yes,no,no,yes,no,no,yes,16855,2,6752,2,1703,27026,2712,5948,11086,8309,47,52,1581,1308,3082,4346,5897,4306,7784,6672,85.71,8763,8001,8340,86.62,583,yes
Nabil Zaghoul,7,2,no,no,no,no,no,no,no,no,no,no,no,no,no,no,no,no,no,no,no,no,no,yes,no,no,no,no,no,no,no,no,no,no,no,no,16855,2,6752,2,1703,27026,2712,5948,11086,8309,47,52,1581,1308,3082,4346,5897,4306,7784,6672,85.71,8763,8001,8340,86.62,583,no
Michelle DePass,7,2,no,no,no,no,no,no,no,no,no,no,yes,yes,no,no,yes,no,no,no,no,no,no,yes,no,no,no,no,no,no,no,no,no,yes,no,no,16855,2,6752,2,1703,27026,2712,5948,11086,8309,47,52,1581,1308,3082,4346,5897,4306,7784,6672,85.71,8763,8001,8340,86.62,583,no
Sameer Kanal,25,2,no,yes,no,no,no,yes,no,yes,no,no,no,no,no,no,yes,no,no,no,no,no,no,yes,yes,yes,yes,yes,yes,no,no,no,no,no,no,no,12118,2,6142,2,4529,21033,4735,7571,6617,4333,66,33,1545,1192,1746,3547,3543,4403,9545,6751,70.73,12007,12125,11010,64.99,2012,yes
Debbi Kitchin,25,2,no,no,no,no,no,no,no,no,no,no,yes,no,no,no,no,no,no,no,no,no,yes,no,yes,no,yes,no,no,no,no,no,no,no,no,no,12118,2,6142,2,4529,21033,4735,7571,6617,4333,66,33,1545,1192,1746,3547,3543,4403,9545,6751,70.73,12007,12125,11010,64.99,2012,no
Nat West,25,2,no,yes,no,no,no,no,no,no,no,yes,no,no,yes,no,no,no,no,yes,no,yes,no,yes,yes,no,yes,no,yes,no,no,no,no,no,no,no,12118,2,6142,2,4529,21033,4735,7571,6617,4333,66,33,1545,1192,1746,3547,3543,4403,9545,6751,70.73,12007,12125,11010,64.99,2012,no
Reuben Berlin,25,2,no,no,no,no,no,no,no,no,no,no,no,no,no,no,no,no,no,no,no,no,no,no,no,no,no,no,no,no,no,no,no,no,no,no,12118,2,6142,2,4529,21033,4735,7571,6617,4333,66,33,1545,1192,1746,3547,3543,4403,9545,6751,70.73,12007,12125,11010,64.99,2012,no
Chris Olson,25,2,no,yes,no,no,no,yes,no,no,no,no,no,no,no,no,no,no,no,no,no,yes,no,no,no,no,no,no,no,no,no,no,no,no,no,no,12118,2,6142,2,4529,21033,4735,7571,6617,4333,66,33,1545,1192,1746,3547,3543,4403,9545,6751,70.73,12007,12125,11010,64.99,2012,no
Marnie Glickman,25,2,no,yes,no,no,no,no,no,yes,no,no,yes,no,no,no,no,no,no,yes,no,yes,no,yes,no,yes,yes,no,yes,no,yes,yes,no,no,no,no,12118,2,6142,2,4529,21033,4735,7571,6617,4333,66,33,1545,1192,1746,3547,3543,4403,9545,6751,70.73,12007,12125,11010,64.99,2012,no
James Armstrong,25,2,no,no,no,no,no,no,yes,no,no,no,yes,no,no,no,no,no,no,no,no,no,no,no,no,no,no,no,no,no,no,no,no,no,no,no,12118,2,6142,2,4529,21033,4735,7571,6617,4333,66,33,1545,1192,1746,3547,3543,4403,9545,6751,70.73,12007,12125,11010,64.99,2012,no
Tiffani Penson,25,2,no,no,no,no,no,yes,no,no,yes,yes,yes,no,no,no,no,yes,yes,no,yes,no,yes,no,no,no,no,no,no,no,yes,no,no,no,no,no,12118,2,6142,2,4529,21033,4735,7571,6617,4333,66,33,1545,1192,1746,3547,3543,4403,9545,6751,70.73,12007,12125,11010,64.99,2012,no
Jennifer Park,25,2,no,yes,no,no,no,no,no,yes,no,no,no,no,no,no,no,no,no,no,no,yes,no,yes,no,no,no,no,no,no,no,no,no,no,no,no,12118,2,6142,2,4529,21033,4735,7571,6617,4333,66,33,1545,1192,1746,3547,3543,4403,9545,6751,70.73,12007,12125,11010,64.99,2012,no
Elana Pirtle-Guiney,25,2,no,no,no,no,no,no,no,no,no,no,no,no,no,no,no,no,no,no,no,no,no,no,no,no,no,no,no,no,no,no,no,no,no,no,12118,2,6142,2,4529,21033,4735,7571,6617,4333,66,33,1545,1192,1746,3547,3543,4403,9545,6751,70.73,12007,12125,11010,64.99,2012,no
Will Mespelt,25,2,no,no,no,no,no,no,no,no,no,no,yes,no,no,no,no,no,no,no,no,no,no,no,no,no,no,no,no,no,no,no,no,no,no,no,12118,2,6142,2,4529,21033,4735,7571,6617,4333,66,33,1545,1192,1746,3547,3543,4403,9545,6751,70.73,12007,12125,11010,64.99,2012,no
MIchelle DePass,25,2,no,no,no,no,no,no,no,no,no,no,yes,yes,no,no,yes,no,no,no,no,no,no,yes,no,no,no,no,no,no,no,no,no,yes,no,no,12118,2,6142,2,4529,21033,4735,7571,6617,4333,66,33,1545,1192,1746,3547,3543,4403,9545,6751,70.73,12007,12125,11010,64.99,2012,no
Liz Taylor,25,2,no,no,no,no,no,no,no,no,no,no,no,no,no,no,no,no,no,no,no,no,no,no,no,no,no,no,no,no,no,no,no,no,no,no,12118,2,6142,2,4529,21033,4735,7571,6617,4333,66,33,1545,1192,1746,3547,3543,4403,9545,6751,70.73,12007,12125,11010,64.99,2012,no
Jonathan Tasini,25,2,no,yes,no,yes,yes,no,no,no,no,no,no,no,no,yes,yes,no,no,no,no,yes,no,yes,no,no,no,yes,no,yes,yes,no,no,no,yes,no,12118,2,6142,2,4529,21033,4735,7571,6617,4333,66,33,1545,1192,1746,3547,3543,4403,9545,6751,70.73,12007,12125,11010,64.99,2012,no
Sam Sachs,25,2,no,no,no,no,no,no,no,no,no,no,no,no,no,no,no,no,no,no,no,no,no,no,no,no,no,no,no,no,no,no,no,no,no,no,12118,2,6142,2,4529,21033,4735,7571,6617,4333,66,33,1545,1192,1746,3547,3543,4403,9545,6751,70.73,12007,12125,11010,64.99,2012,no
Bob Simril,25,2,no,no,yes,no,no,no,no,no,no,no,no,no,no,no,no,yes,yes,no,yes,no,no,no,no,no,no,no,no,no,no,no,no,no,no,no,12118,2,6142,2,4529,21033,4735,7571,6617,4333,66,33,1545,1192,1746,3547,3543,4403,9545,6751,70.73,12007,12125,11010,64.99,2012,no
Laura Streib,25,2,no,no,no,no,no,no,no,no,no,no,no,no,no,no,no,no,no,no,no,no,no,no,no,no,no,no,no,no,no,no,no,no,no,no,12118,2,6142,2,4529,21033,4735,7571,6617,4333,66,33,1545,1192,1746,3547,3543,4403,9545,6751,70.73,12007,12125,11010,64.99,2012,no
Mariah Hudson,25,2,no,no,yes,yes,yes,no,no,no,no,no,no,no,no,no,no,no,no,no,no,no,no,no,no,no,no,no,no,no,no,no,no,no,no,no,12118,2,6142,2,4529,21033,4735,7571,6617,4333,66,33,1545,1192,1746,3547,3543,4403,9545,6751,70.73,12007,12125,11010,64.99,2012,no
Dan Ryan,25,2,no,no,yes,no,yes,no,yes,no,yes,yes,yes,yes,no,no,no,yes,yes,no,yes,no,no,no,no,no,no,no,no,yes,no,no,yes,no,no,yes,12118,2,6142,2,4529,21033,4735,7571,6617,4333,66,33,1545,1192,1746,3547,3543,4403,9545,6751,70.73,12007,12125,11010,64.99,2012,yes
Nabil Zaghoul,25,2,no,no,no,no,no,no,no,no,no,no,no,no,no,no,no,no,no,no,no,no,no,yes,no,no,no,no,no,no,no,no,no,no,no,no,12118,2,6142,2,4529,21033,4735,7571,6617,4333,66,33,1545,1192,1746,3547,3543,4403,9545,6751,70.73,12007,12125,11010,64.99,2012,no
Michelle DePass,25,2,no,no,no,no,no,no,no,no,no,no,yes,yes,no,no,yes,no,no,no,no,no,no,yes,no,no,no,no,no,no,no,no,no,yes,no,no,12118,2,6142,2,4529,21033,4735,7571,6617,4333,66,33,1545,1192,1746,3547,3543,4403,9545,6751,70.73,12007,12125,11010,64.99,2012,no
Sameer Kanal,56,2,no,yes,no,no,no,yes,no,yes,no,no,no,no,no,no,yes,no,no,no,no,no,no,yes,yes,yes,yes,yes,yes,no,no,no,no,no,no,no,13174,2,7665,3,2298,25123,3728,8274,8529,4925,65,34,1568,640,1998,4368,4299,4307,8767,6931,79.06,9359,8658,8982,73.36,989,yes
Debbi Kitchin,56,2,no,no,no,no,no,no,no,no,no,no,yes,no,no,no,no,no,no,no,no,no,yes,no,yes,no,yes,no,no,no,no,no,no,no,no,no,13174,2,7665,3,2298,25123,3728,8274,8529,4925,65,34,1568,640,1998,4368,4299,4307,8767,6931,79.06,9359,8658,8982,73.36,989,no
Nat West,56,2,no,yes,no,no,no,no,no,no,no,yes,no,no,yes,no,no,no,no,yes,no,yes,no,yes,yes,no,yes,no,yes,no,no,no,no,no,no,no,13174,2,7665,3,2298,25123,3728,8274,8529,4925,65,34,1568,640,1998,4368,4299,4307,8767,6931,79.06,9359,8658,8982,73.36,989,no
Reuben Berlin,56,2,no,no,no,no,no,no,no,no,no,no,no,no,no,no,no,no,no,no,no,no,no,no,no,no,no,no,no,no,no,no,no,no,no,no,13174,2,7665,3,2298,25123,3728,8274,8529,4925,65,34,1568,640,1998,4368,4299,4307,8767,6931,79.06,9359,8658,8982,73.36,989,no
Chris Olson,56,2,no,yes,no,no,no,yes,no,no,no,no,no,no,no,no,no,no,no,no,no,yes,no,no,no,no,no,no,no,no,no,no,no,no,no,no,13174,2,7665,3,2298,25123,3728,8274,8529,4925,65,34,1568,640,1998,4368,4299,4307,8767,6931,79.06,9359,8658,8982,73.36,989,no
Marnie Glickman,56,2,no,yes,no,no,no,no,no,yes,no,no,yes,no,no,no,no,no,no,yes,no,yes,no,yes,no,yes,yes,no,yes,no,yes,yes,no,no,no,no,13174,2,7665,3,2298,25123,3728,8274,8529,4925,65,34,1568,640,1998,4368,4299,4307,8767,6931,79.06,9359,8658,8982,73.36,989,no
James Armstrong,56,2,no,no,no,no,no,no,yes,no,no,no,yes,no,no,no,no,no,no,no,no,no,no,no,no,no,no,no,no,no,no,no,no,no,no,no,13174,2,7665,3,2298,25123,3728,8274,8529,4925,65,34,1568,640,1998,4368,4299,4307,8767,6931,79.06,9359,8658,8982,73.36,989,no
Tiffani Penson,56,2,no,no,no,no,no,yes,no,no,yes,yes,yes,no,no,no,no,yes,yes,no,yes,no,yes,no,no,no,no,no,no,no,yes,no,no,no,no,no,13174,2,7665,3,2298,25123,3728,8274,8529,4925,65,34,1568,640,1998,4368,4299,4307,8767,6931,79.06,9359,8658,8982,73.36,989,no
Jennifer Park,56,2,no,yes,no,no,no,no,no,yes,no,no,no,no,no,no,no,no,no,no,no,yes,no,yes,no,no,no,no,no,no,no,no,no,no,no,no,13174,2,7665,3,2298,25123,3728,8274,8529,4925,65,34,1568,640,1998,4368,4299,4307,8767,6931,79.06,9359,8658,8982,73.36,989,no
Elana Pirtle-Guiney,56,2,no,no,no,no,no,no,no,no,no,no,no,no,no,no,no,no,no,no,no,no,no,no,no,no,no,no,no,no,no,no,no,no,no,no,13174,2,7665,3,2298,25123,3728,8274,8529,4925,65,34,1568,640,1998,4368,4299,4307,8767,6931,79.06,9359,8658,8982,73.36,989,no
Will Mespelt,56,2,no,no,no,no,no,no,no,no,no,no,yes,no,no,no,no,no,no,no,no,no,no,no,no,no,no,no,no,no,no,no,no,no,no,no,13174,2,7665,3,2298,25123,3728,8274,8529,4925,65,34,1568,640,1998,4368,4299,4307,8767,6931,79.06,9359,8658,8982,73.36,989,no
MIchelle DePass,56,2,no,no,no,no,no,no,no,no,no,no,yes,yes,no,no,yes,no,no,no,no,no,no,yes,no,no,no,no,no,no,no,no,no,yes,no,no,13174,2,7665,3,2298,25123,3728,8274,8529,4925,65,34,1568,640,1998,4368,4299,4307,8767,6931,79.06,9359,8658,8982,73.36,989,no
Liz Taylor,56,2,no,no,no,no,no,no,no,no,no,no,no,no,no,no,no,no,no,no,no,no,no,no,no,no,no,no,no,no,no,no,no,no,no,no,13174,2,7665,3,2298,25123,3728,8274,8529,4925,65,34,1568,640,1998,4368,4299,4307,8767,6931,79.06,9359,8658,8982,73.36,989,no
Jonathan Tasini,56,2,no,yes,no,yes,yes,no,no,no,no,no,no,no,no,yes,yes,no,no,no,no,yes,no,yes,no,no,no,yes,no,yes,yes,no,no,no,yes,no,13174,2,7665,3,2298,25123,3728,8274,8529,4925,65,34,1568,640,1998,4368,4299,4307,8767,6931,79.06,9359,8658,8982,73.36,989,no
Sam Sachs,56,2,no,no,no,no,no,no,no,no,no,no,no,no,no,no,no,no,no,no,no,no,no,no,no,no,no,no,no,no,no,no,no,no,no,no,13174,2,7665,3,2298,25123,3728,8274,8529,4925,65,34,1568,640,1998,4368,4299,4307,8767,6931,79.06,9359,8658,8982,73.36,989,no
Bob Simril,56,2,no,no,yes,no,no,no,no,no,no,no,no,no,no,no,no,yes,yes,no,yes,no,no,no,no,no,no,no,no,no,no,no,no,no,no,no,13174,2,7665,3,2298,25123,3728,8274,8529,4925,65,34,1568,640,1998,4368,4299,4307,8767,6931,79.06,9359,8658,8982,73.36,989,no
Laura Streib,56,2,no,no,no,no,no,no,no,no,no,no,no,no,no,no,no,no,no,no,no,no,no,no,no,no,no,no,no,no,no,no,no,no,no,no,13174,2,7665,3,2298,25123,3728,8274,8529,4925,65,34,1568,640,1998,4368,4299,4307,8767,6931,79.06,9359,8658,8982,73.36,989,no
Mariah Hudson,56,2,no,no,yes,yes,yes,no,no,no,no,no,no,no,no,no,no,no,no,no,no,no,no,no,no,no,no,no,no,no,no,no,no,no,no,no,13174,2,7665,3,2298,25123,3728,8274,8529,4925,65,34,1568,640,1998,4368,4299,4307,8767,6931,79.06,9359,8658,8982,73.36,989,no
Dan Ryan,56,2,no,no,yes,no,yes,no,yes,no,yes,yes,yes,yes,no,no,no,yes,yes,no,yes,no,no,no,no,no,no,no,no,yes,no,no,yes,no,no,yes,13174,2,7665,3,2298,25123,3728,8274,8529,4925,65,34,1568,640,1998,4368,4299,4307,8767,6931,79.06,9359,8658,8982,73.36,989,yes
Nabil Zaghoul,56,2,no,no,no,no,no,no,no,no,no,no,no,no,no,no,no,no,no,no,no,no,no,yes,no,no,no,no,no,no,no,no,no,no,no,no,13174,2,7665,3,2298,25123,3728,8274,8529,4925,65,34,1568,640,1998,4368,4299,4307,8767,6931,79.06,9359,8658,8982,73.36,989,no
Michelle DePass,56,2,no,no,no,no,no,no,no,no,no,no,yes,yes,no,no,yes,no,no,no,no,no,no,yes,no,no,no,no,no,no,no,no,no,yes,no,no,13174,2,7665,3,2298,25123,3728,8274,8529,4925,65,34,1568,640,1998,4368,4299,4307,8767,6931,79.06,9359,8658,8982,73.36,989,no
Sameer Kanal,17,2,no,yes,no,no,no,yes,no,yes,no,no,no,no,no,no,yes,no,no,no,no,no,no,yes,yes,yes,yes,yes,yes,no,no,no,no,no,no,no,15134,2,7257,2,4904,25931,4549,8880,10584,5495,63,36,1568,1002,1895,5205,4900,4404,7815,6419,82.14,9938,9699,9880,77.51,36,yes
Debbi Kitchin,17,2,no,no,no,no,no,no,no,no,no,no,yes,no,no,no,no,no,no,no,no,no,yes,no,yes,no,yes,no,no,no,no,no,no,no,no,no,15134,2,7257,2,4904,25931,4549,8880,10584,5495,63,36,1568,1002,1895,5205,4900,4404,7815,6419,82.14,9938,9699,9880,77.51,36,no
Nat West,17,2,no,yes,no,no,no,no,no,no,no,yes,no,no,yes,no,no,no,no,yes,no,yes,no,yes,yes,no,yes,no,yes,no,no,no,no,no,no,no,15134,2,7257,2,4904,25931,4549,8880,10584,5495,63,36,1568,1002,1895,5205,4900,4404,7815,6419,82.14,9938,9699,9880,77.51,36,no
Reuben Berlin,17,2,no,no,no,no,no,no,no,no,no,no,no,no,no,no,no,no,no,no,no,no,no,no,no,no,no,no,no,no,no,no,no,no,no,no,15134,2,7257,2,4904,25931,4549,8880,10584,5495,63,36,1568,1002,1895,5205,4900,4404,7815,6419,82.14,9938,9699,9880,77.51,36,no
Chris Olson,17,2,no,yes,no,no,no,yes,no,no,no,no,no,no,no,no,no,no,no,no,no,yes,no,no,no,no,no,no,no,no,no,no,no,no,no,no,15134,2,7257,2,4904,25931,4549,8880,10584,5495,63,36,1568,1002,1895,5205,4900,4404,7815,6419,82.14,9938,9699,9880,77.51,36,no
Marnie Glickman,17,2,no,yes,no,no,no,no,no,yes,no,no,yes,no,no,no,no,no,no,yes,no,yes,no,yes,no,yes,yes,no,yes,no,yes,yes,no,no,no,no,15134,2,7257,2,4904,25931,4549,8880,10584,5495,63,36,1568,1002,1895,5205,4900,4404,7815,6419,82.14,9938,9699,9880,77.51,36,no
James Armstrong,17,2,no,no,no,no,no,no,yes,no,no,no,yes,no,no,no,no,no,no,no,no,no,no,no,no,no,no,no,no,no,no,no,no,no,no,no,15134,2,7257,2,4904,25931,4549,8880,10584,5495,63,36,1568,1002,1895,5205,4900,4404,7815,6419,82.14,9938,9699,9880,77.51,36,no
Tiffani Penson,17,2,no,no,no,no,no,yes,no,no,yes,yes,yes,no,no,no,no,yes,yes,no,yes,no,yes,no,no,no,no,no,no,no,yes,no,no,no,no,no,15134,2,7257,2,4904,25931,4549,8880,10584,5495,63,36,1568,1002,1895,5205,4900,4404,7815,6419,82.14,9938,9699,9880,77.51,36,no
Jennifer Park,17,2,no,yes,no,no,no,no,no,yes,no,no,no,no,no,no,no,no,no,no,no,yes,no,yes,no,no,no,no,no,no,no,no,no,no,no,no,15134,2,7257,2,4904,25931,4549,8880,10584,5495,63,36,1568,1002,1895,5205,4900,4404,7815,6419,82.14,9938,9699,9880,77.51,36,no
Elana Pirtle-Guiney,17,2,no,no,no,no,no,no,no,no,no,no,no,no,no,no,no,no,no,no,no,no,no,no,no,no,no,no,no,no,no,no,no,no,no,no,15134,2,7257,2,4904,25931,4549,8880,10584,5495,63,36,1568,1002,1895,5205,4900,4404,7815,6419,82.14,9938,9699,9880,77.51,36,no
Will Mespelt,17,2,no,no,no,no,no,no,no,no,no,no,yes,no,no,no,no,no,no,no,no,no,no,no,no,no,no,no,no,no,no,no,no,no,no,no,15134,2,7257,2,4904,25931,4549,8880,10584,5495,63,36,1568,1002,1895,5205,4900,4404,7815,6419,82.14,9938,9699,9880,77.51,36,no
MIchelle DePass,17,2,no,no,no,no,no,no,no,no,no,no,yes,yes,no,no,yes,no,no,no,no,no,no,yes,no,no,no,no,no,no,no,no,no,yes,no,no,15134,2,7257,2,4904,25931,4549,8880,10584,5495,63,36,1568,1002,1895,5205,4900,4404,7815,6419,82.14,9938,9699,9880,77.51,36,no
Liz Taylor,17,2,no,no,no,no,no,no,no,no,no,no,no,no,no,no,no,no,no,no,no,no,no,no,no,no,no,no,no,no,no,no,no,no,no,no,15134,2,7257,2,4904,25931,4549,8880,10584,5495,63,36,1568,1002,1895,5205,4900,4404,7815,6419,82.14,9938,9699,9880,77.51,36,no
Jonathan Tasini,17,2,no,yes,no,yes,yes,no,no,no,no,no,no,no,no,yes,yes,no,no,no,no,yes,no,yes,no,no,no,yes,no,yes,yes,no,no,no,yes,no,15134,2,7257,2,4904,25931,4549,8880,10584,5495,63,36,1568,1002,1895,5205,4900,4404,7815,6419,82.14,9938,9699,9880,77.51,36,no
Sam Sachs,17,2,no,no,no,no,no,no,no,no,no,no,no,no,no,no,no,no,no,no,no,no,no,no,no,no,no,no,no,no,no,no,no,no,no,no,15134,2,7257,2,4904,25931,4549,8880,10584,5495,63,36,1568,1002,1895,5205,4900,4404,7815,6419,82.14,9938,9699,9880,77.51,36,no
Bob Simril,17,2,no,no,yes,no,no,no,no,no,no,no,no,no,no,no,no,yes,yes,no,yes,no,no,no,no,no,no,no,no,no,no,no,no,no,no,no,15134,2,7257,2,4904,25931,4549,8880,10584,5495,63,36,1568,1002,1895,5205,4900,4404,7815,6419,82.14,9938,9699,9880,77.51,36,no
Laura Streib,17,2,no,no,no,no,no,no,no,no,no,no,no,no,no,no,no,no,no,no,no,no,no,no,no,no,no,no,no,no,no,no,no,no,no,no,15134,2,7257,2,4904,25931,4549,8880,10584,5495,63,36,1568,1002,1895,5205,4900,4404,7815,6419,82.14,9938,9699,9880,77.51,36,no
Mariah Hudson,17,2,no,no,yes,yes,yes,no,no,no,no,no,no,no,no,no,no,no,no,no,no,no,no,no,no,no,no,no,no,no,no,no,no,no,no,no,15134,2,7257,2,4904,25931,4549,8880,10584,5495,63,36,1568,1002,1895,5205,4900,4404,7815,6419,82.14,9938,9699,9880,77.51,36,no
Dan Ryan,17,2,no,no,yes,no,yes,no,yes,no,yes,yes,yes,yes,no,no,no,yes,yes,no,yes,no,no,no,no,no,no,no,no,yes,no,no,yes,no,no,yes,15134,2,7257,2,4904,25931,4549,8880,10584,5495,63,36,1568,1002,1895,5205,4900,4404,7815,6419,82.14,9938,9699,9880,77.51,36,yes
Nabil Zaghoul,17,2,no,no,no,no,no,no,no,no,no,no,no,no,no,no,no,no,no,no,no,no,no,yes,no,no,no,no,no,no,no,no,no,no,no,no,15134,2,7257,2,4904,25931,4549,8880,10584,5495,63,36,1568,1002,1895,5205,4900,4404,7815,6419,82.14,9938,9699,9880,77.51,36,no
Michelle DePass,17,2,no,no,no,no,no,no,no,no,no,no,yes,yes,no,no,yes,no,no,no,no,no,no,yes,no,no,no,no,no,no,no,no,no,yes,no,no,15134,2,7257,2,4904,25931,4549,8880,10584,5495,63,36,1568,1002,1895,5205,4900,4404,7815,6419,82.14,9938,9699,9880,77.51,36,no
Sameer Kanal,46,2,no,yes,no,no,no,yes,no,yes,no,no,no,no,no,no,yes,no,no,no,no,no,no,yes,yes,yes,yes,yes,yes,no,no,no,no,no,no,no,18027,1,5286,2,1902,27295,4004,6070,10005,7366,24,75,2577,1780,2629,4600,4660,4302,7361,5280,71.73,10028,10105,10496,74.42,1753,yes
Debbi Kitchin,46,2,no,no,no,no,no,no,no,no,no,no,yes,no,no,no,no,no,no,no,no,no,yes,no,yes,no,yes,no,no,no,no,no,no,no,no,no,18027,1,5286,2,1902,27295,4004,6070,10005,7366,24,75,2577,1780,2629,4600,4660,4302,7361,5280,71.73,10028,10105,10496,74.42,1753,no
Nat West,46,2,no,yes,no,no,no,no,no,no,no,yes,no,no,yes,no,no,no,no,yes,no,yes,no,yes,yes,no,yes,no,yes,no,no,no,no,no,no,no,18027,1,5286,2,1902,27295,4004,6070,10005,7366,24,75,2577,1780,2629,4600,4660,4302,7361,5280,71.73,10028,10105,10496,74.42,1753,no
Reuben Berlin,46,2,no,no,no,no,no,no,no,no,no,no,no,no,no,no,no,no,no,no,no,no,no,no,no,no,no,no,no,no,no,no,no,no,no,no,18027,1,5286,2,1902,27295,4004,6070,10005,7366,24,75,2577,1780,2629,4600,4660,4302,7361,5280,71.73,10028,10105,10496,74.42,1753,no
Chris Olson,46,2,no,yes,no,no,no,yes,no,no,no,no,no,no,no,no,no,no,no,no,no,yes,no,no,no,no,no,no,no,no,no,no,no,no,no,no,18027,1,5286,2,1902,27295,4004,6070,10005,7366,24,75,2577,1780,2629,4600,4660,4302,7361,5280,71.73,10028,10105,10496,74.42,1753,no
Marnie Glickman,46,2,no,yes,no,no,no,no,no,yes,no,no,yes,no,no,no,no,no,no,yes,no,yes,no,yes,no,yes,yes,no,yes,no,yes,yes,no,no,no,no,18027,1,5286,2,1902,27295,4004,6070,10005,7366,24,75,2577,1780,2629,4600,4660,4302,7361,5280,71.73,10028,10105,10496,74.42,1753,no
James Armstrong,46,2,no,no,no,no,no,no,yes,no,no,no,yes,no,no,no,no,no,no,no,no,no,no,no,no,no,no,no,no,no,no,no,no,no,no,no,18027,1,5286,2,1902,27295,4004,6070,10005,7366,24,75,2577,1780,2629,4600,4660,4302,7361,5280,71.73,10028,10105,10496,74.42,1753,no
Tiffani Penson,46,2,no,no,no,no,no,yes,no,no,yes,yes,yes,no,no,no,no,yes,yes,no,yes,no,yes,no,no,no,no,no,no,no,yes,no,no,no,no,no,18027,1,5286,2,1902,27295,4004,6070,10005,7366,24,75,2577,1780,2629,4600,4660,4302,7361,5280,71.73,10028,10105,10496,74.42,1753,no
Jennifer Park,46,2,no,yes,no,no,no,no,no,yes,no,no,no,no,no,no,no,no,no,no,no,yes,no,yes,no,no,no,no,no,no,no,no,no,no,no,no,18027,1,5286,2,1902,27295,4004,6070,10005,7366,24,75,2577,1780,2629,4600,4660,4302,7361,5280,71.73,10028,10105,10496,74.42,1753,no
Elana Pirtle-Guiney,46,2,no,no,no,no,no,no,no,no,no,no,no,no,no,no,no,no,no,no,no,no,no,no,no,no,no,no,no,no,no,no,no,no,no,no,18027,1,5286,2,1902,27295,4004,6070,10005,7366,24,75,2577,1780,2629,4600,4660,4302,7361,5280,71.73,10028,10105,10496,74.42,1753,no
Will Mespelt,46,2,no,no,no,no,no,no,no,no,no,no,yes,no,no,no,no,no,no,no,no,no,no,no,no,no,no,no,no,no,no,no,no,no,no,no,18027,1,5286,2,1902,27295,4004,6070,10005,7366,24,75,2577,1780,2629,4600,4660,4302,7361,5280,71.73,10028,10105,10496,74.42,1753,no
MIchelle DePass,46,2,no,no,no,no,no,no,no,no,no,no,yes,yes,no,no,yes,no,no,no,no,no,no,yes,no,no,no,no,no,no,no,no,no,yes,no,no,18027,1,5286,2,1902,27295,4004,6070,10005,7366,24,75,2577,1780,2629,4600,4660,4302,7361,5280,71.73,10028,10105,10496,74.42,1753,no
Liz Taylor,46,2,no,no,no,no,no,no,no,no,no,no,no,no,no,no,no,no,no,no,no,no,no,no,no,no,no,no,no,no,no,no,no,no,no,no,18027,1,5286,2,1902,27295,4004,6070,10005,7366,24,75,2577,1780,2629,4600,4660,4302,7361,5280,71.73,10028,10105,10496,74.42,1753,no
Jonathan Tasini,46,2,no,yes,no,yes,yes,no,no,no,no,no,no,no,no,yes,yes,no,no,no,no,yes,no,yes,no,no,no,yes,no,yes,yes,no,no,no,yes,no,18027,1,5286,2,1902,27295,4004,6070,10005,7366,24,75,2577,1780,2629,4600,4660,4302,7361,5280,71.73,10028,10105,10496,74.42,1753,no
Sam Sachs,46,2,no,no,no,no,no,no,no,no,no,no,no,no,no,no,no,no,no,no,no,no,no,no,no,no,no,no,no,no,no,no,no,no,no,no,18027,1,5286,2,1902,27295,4004,6070,10005,7366,24,75,2577,1780,2629,4600,4660,4302,7361,5280,71.73,10028,10105,10496,74.42,1753,no
Bob Simril,46,2,no,no,yes,no,no,no,no,no,no,no,no,no,no,no,no,yes,yes,no,yes,no,no,no,no,no,no,no,no,no,no,no,no,no,no,no,18027,1,5286,2,1902,27295,4004,6070,10005,7366,24,75,2577,1780,2629,4600,4660,4302,7361,5280,71.73,10028,10105,10496,74.42,1753,no
Laura Streib,46,2,no,no,no,no,no,no,no,no,no,no,no,no,no,no,no,no,no,no,no,no,no,no,no,no,no,no,no,no,no,no,no,no,no,no,18027,1,5286,2,1902,27295,4004,6070,10005,7366,24,75,2577,1780,2629,4600,4660,4302,7361,5280,71.73,10028,10105,10496,74.42,1753,no
Mariah Hudson,46,2,no,no,yes,yes,yes,no,no,no,no,no,no,no,no,no,no,no,no,no,no,no,no,no,no,no,no,no,no,no,no,no,no,no,no,no,18027,1,5286,2,1902,27295,4004,6070,10005,7366,24,75,2577,1780,2629,4600,4660,4302,7361,5280,71.73,10028,10105,10496,74.42,1753,no
Dan Ryan,46,2,no,no,yes,no,yes,no,yes,no,yes,yes,yes,yes,no,no,no,yes,yes,no,yes,no,no,no,no,no,no,no,no,yes,no,no,yes,no,no,yes,18027,1,5286,2,1902,27295,4004,6070,10005,7366,24,75,2577,1780,2629,4600,4660,4302,7361,5280,71.73,10028,10105,10496,74.42,1753,yes
Nabil Zaghoul,46,2,no,no,no,no,no,no,no,no,no,no,no,no,no,no,no,no,no,no,no,no,no,yes,no,no,no,no,no,no,no,no,no,no,no,no,18027,1,5286,2,1902,27295,4004,6070,10005,7366,24,75,2577,1780,2629,4600,4660,4302,7361,5280,71.73,10028,10105,10496,74.42,1753,no
Michelle DePass,46,2,no,no,no,no,no,no,no,no,no,no,yes,yes,no,no,yes,no,no,no,no,no,no,yes,no,no,no,no,no,no,no,no,no,yes,no,no,18027,1,5286,2,1902,27295,4004,6070,10005,7366,24,75,2577,1780,2629,4600,4660,4302,7361,5280,71.73,10028,10105,10496,74.42,1753,no
Sameer Kanal,43,2,no,yes,no,no,no,yes,no,yes,no,no,no,no,no,no,yes,no,no,no,no,no,no,yes,yes,yes,yes,yes,yes,no,no,no,no,no,no,no,16808,2,7669,2,2240,29102,4426,7433,11366,6553,53,46,2059,1005,1810,5113,5800,4303,8834,6861,77.67,9363,8945,9128,73.28,1180,yes
Debbi Kitchin,43,2,no,no,no,no,no,no,no,no,no,no,yes,no,no,no,no,no,no,no,no,no,yes,no,yes,no,yes,no,no,no,no,no,no,no,no,no,16808,2,7669,2,2240,29102,4426,7433,11366,6553,53,46,2059,1005,1810,5113,5800,4303,8834,6861,77.67,9363,8945,9128,73.28,1180,no
Nat West,43,2,no,yes,no,no,no,no,no,no,no,yes,no,no,yes,no,no,no,no,yes,no,yes,no,yes,yes,no,yes,no,yes,no,no,no,no,no,no,no,16808,2,7669,2,2240,29102,4426,7433,11366,6553,53,46,2059,1005,1810,5113,5800,4303,8834,6861,77.67,9363,8945,9128,73.28,1180,no
Reuben Berlin,43,2,no,no,no,no,no,no,no,no,no,no,no,no,no,no,no,no,no,no,no,no,no,no,no,no,no,no,no,no,no,no,no,no,no,no,16808,2,7669,2,2240,29102,4426,7433,11366,6553,53,46,2059,1005,1810,5113,5800,4303,8834,6861,77.67,9363,8945,9128,73.28,1180,no
Chris Olson,43,2,no,yes,no,no,no,yes,no,no,no,no,no,no,no,no,no,no,no,no,no,yes,no,no,no,no,no,no,no,no,no,no,no,no,no,no,16808,2,7669,2,2240,29102,4426,7433,11366,6553,53,46,2059,1005,1810,5113,5800,4303,8834,6861,77.67,9363,8945,9128,73.28,1180,no
Marnie Glickman,43,2,no,yes,no,no,no,no,no,yes,no,no,yes,no,no,no,no,no,no,yes,no,yes,no,yes,no,yes,yes,no,yes,no,yes,yes,no,no,no,no,16808,2,7669,2,2240,29102,4426,7433,11366,6553,53,46,2059,1005,1810,5113,5800,4303,8834,6861,77.67,9363,8945,9128,73.28,1180,no
James Armstrong,43,2,no,no,no,no,no,no,yes,no,no,no,yes,no,no,no,no,no,no,no,no,no,no,no,no,no,no,no,no,no,no,no,no,no,no,no,16808,2,7669,2,2240,29102,4426,7433,11366,6553,53,46,2059,1005,1810,5113,5800,4303,8834,6861,77.67,9363,8945,9128,73.28,1180,no
Tiffani Penson,43,2,no,no,no,no,no,yes,no,no,yes,yes,yes,no,no,no,no,yes,yes,no,yes,no,yes,no,no,no,no,no,no,no,yes,no,no,no,no,no,16808,2,7669,2,2240,29102,4426,7433,11366,6553,53,46,2059,1005,1810,5113,5800,4303,8834,6861,77.67,9363,8945,9128,73.28,1180,no
Jennifer Park,43,2,no,yes,no,no,no,no,no,yes,no,no,no,no,no,no,no,no,no,no,no,yes,no,yes,no,no,no,no,no,no,no,no,no,no,no,no,16808,2,7669,2,2240,29102,4426,7433,11366,6553,53,46,2059,1005,1810,5113,5800,4303,8834,6861,77.67,9363,8945,9128,73.28,1180,no
Elana Pirtle-Guiney,43,2,no,no,no,no,no,no,no,no,no,no,no,no,no,no,no,no,no,no,no,no,no,no,no,no,no,no,no,no,no,no,no,no,no,no,16808,2,7669,2,2240,29102,4426,7433,11366,6553,53,46,2059,1005,1810,5113,5800,4303,8834,6861,77.67,9363,8945,9128,73.28,1180,no
Will Mespelt,43,2,no,no,no,no,no,no,no,no,no,no,yes,no,no,no,no,no,no,no,no,no,no,no,no,no,no,no,no,no,no,no,no,no,no,no,16808,2,7669,2,2240,29102,4426,7433,11366,6553,53,46,2059,1005,1810,5113,5800,4303,8834,6861,77.67,9363,8945,9128,73.28,1180,no
MIchelle DePass,43,2,no,no,no,no,no,no,no,no,no,no,yes,yes,no,no,yes,no,no,no,no,no,no,yes,no,no,no,no,no,no,no,no,no,yes,no,no,16808,2,7669,2,2240,29102,4426,7433,11366,6553,53,46,2059,1005,1810,5113,5800,4303,8834,6861,77.67,9363,8945,9128,73.28,1180,no
Liz Taylor,43,2,no,no,no,no,no,no,no,no,no,no,no,no,no,no,no,no,no,no,no,no,no,no,no,no,no,no,no,no,no,no,no,no,no,no,16808,2,7669,2,2240,29102,4426,7433,11366,6553,53,46,2059,1005,1810,5113,5800,4303,8834,6861,77.67,9363,8945,9128,73.28,1180,no
Jonathan Tasini,43,2,no,yes,no,yes,yes,no,no,no,no,no,no,no,no,yes,yes,no,no,no,no,yes,no,yes,no,no,no,yes,no,yes,yes,no,no,no,yes,no,16808,2,7669,2,2240,29102,4426,7433,11366,6553,53,46,2059,1005,1810,5113,5800,4303,8834,6861,77.67,9363,8945,9128,73.28,1180,no
Sam Sachs,43,2,no,no,no,no,no,no,no,no,no,no,no,no,no,no,no,no,no,no,no,no,no,no,no,no,no,no,no,no,no,no,no,no,no,no,16808,2,7669,2,2240,29102,4426,7433,11366,6553,53,46,2059,1005,1810,5113,5800,4303,8834,6861,77.67,9363,8945,9128,73.28,1180,no
Bob Simril,43,2,no,no,yes,no,no,no,no,no,no,no,no,no,no,no,no,yes,yes,no,yes,no,no,no,no,no,no,no,no,no,no,no,no,no,no,no,16808,2,7669,2,2240,29102,4426,7433,11366,6553,53,46,2059,1005,1810,5113,5800,4303,8834,6861,77.67,9363,8945,9128,73.28,1180,no
Laura Streib,43,2,no,no,no,no,no,no,no,no,no,no,no,no,no,no,no,no,no,no,no,no,no,no,no,no,no,no,no,no,no,no,no,no,no,no,16808,2,7669,2,2240,29102,4426,7433,11366,6553,53,46,2059,1005,1810,5113,5800,4303,8834,6861,77.67,9363,8945,9128,73.28,1180,no
Mariah Hudson,43,2,no,no,yes,yes,yes,no,no,no,no,no,no,no,no,no,no,no,no,no,no,no,no,no,no,no,no,no,no,no,no,no,no,no,no,no,16808,2,7669,2,2240,29102,4426,7433,11366,6553,53,46,2059,1005,1810,5113,5800,4303,8834,6861,77.67,9363,8945,9128,73.28,1180,no
Dan Ryan,43,2,no,no,yes,no,yes,no,yes,no,yes,yes,yes,yes,no,no,no,yes,yes,no,yes,no,no,no,no,no,no,no,no,yes,no,no,yes,no,no,yes,16808,2,7669,2,2240,29102,4426,7433,11366,6553,53,46,2059,1005,1810,5113,5800,4303,8834,6861,77.67,9363,8945,9128,73.28,1180,yes
Nabil Zaghoul,43,2,no,no,no,no,no,no,no,no,no,no,no,no,no,no,no,no,no,no,no,no,no,yes,no,no,no,no,no,no,no,no,no,no,no,no,16808,2,7669,2,2240,29102,4426,7433,11366,6553,53,46,2059,1005,1810,5113,5800,4303,8834,6861,77.67,9363,8945,9128,73.28,1180,no
Michelle DePass,43,2,no,no,no,no,no,no,no,no,no,no,yes,yes,no,no,yes,no,no,no,no,no,no,yes,no,no,no,no,no,no,no,no,no,yes,no,no,16808,2,7669,2,2240,29102,4426,7433,11366,6553,53,46,2059,1005,1810,5113,5800,4303,8834,6861,77.67,9363,8945,9128,73.28,1180,no
Sameer Kanal,67,2,no,yes,no,no,no,yes,no,yes,no,no,no,no,no,no,yes,no,no,no,no,no,no,yes,yes,yes,yes,yes,yes,no,no,no,no,no,no,no,12724,2,5164,2,1566,20973,2914,4680,9229,4346,49,50,1754,819,1631,3980,3701,4301,5178,3796,73.31,5527,5170,5393,67.91,742,yes
Debbi Kitchin,67,2,no,no,no,no,no,no,no,no,no,no,yes,no,no,no,no,no,no,no,no,no,yes,no,yes,no,yes,no,no,no,no,no,no,no,no,no,12724,2,5164,2,1566,20973,2914,4680,9229,4346,49,50,1754,819,1631,3980,3701,4301,5178,3796,73.31,5527,5170,5393,67.91,742,no
Nat West,67,2,no,yes,no,no,no,no,no,no,no,yes,no,no,yes,no,no,no,no,yes,no,yes,no,yes,yes,no,yes,no,yes,no,no,no,no,no,no,no,12724,2,5164,2,1566,20973,2914,4680,9229,4346,49,50,1754,819,1631,3980,3701,4301,5178,3796,73.31,5527,5170,5393,67.91,742,no
Reuben Berlin,67,2,no,no,no,no,no,no,no,no,no,no,no,no,no,no,no,no,no,no,no,no,no,no,no,no,no,no,no,no,no,no,no,no,no,no,12724,2,5164,2,1566,20973,2914,4680,9229,4346,49,50,1754,819,1631,3980,3701,4301,5178,3796,73.31,5527,5170,5393,67.91,742,no
Chris Olson,67,2,no,yes,no,no,no,yes,no,no,no,no,no,no,no,no,no,no,no,no,no,yes,no,no,no,no,no,no,no,no,no,no,no,no,no,no,12724,2,5164,2,1566,20973,2914,4680,9229,4346,49,50,1754,819,1631,3980,3701,4301,5178,3796,73.31,5527,5170,5393,67.91,742,no
Marnie Glickman,67,2,no,yes,no,no,no,no,no,yes,no,no,yes,no,no,no,no,no,no,yes,no,yes,no,yes,no,yes,yes,no,yes,no,yes,yes,no,no,no,no,12724,2,5164,2,1566,20973,2914,4680,9229,4346,49,50,1754,819,1631,3980,3701,4301,5178,3796,73.31,5527,5170,5393,67.91,742,no
James Armstrong,67,2,no,no,no,no,no,no,yes,no,no,no,yes,no,no,no,no,no,no,no,no,no,no,no,no,no,no,no,no,no,no,no,no,no,no,no,12724,2,5164,2,1566,20973,2914,4680,9229,4346,49,50,1754,819,1631,3980,3701,4301,5178,3796,73.31,5527,5170,5393,67.91,742,no
Tiffani Penson,67,2,no,no,no,no,no,yes,no,no,yes,yes,yes,no,no,no,no,yes,yes,no,yes,no,yes,no,no,no,no,no,no,no,yes,no,no,no,no,no,12724,2,5164,2,1566,20973,2914,4680,9229,4346,49,50,1754,819,1631,3980,3701,4301,5178,3796,73.31,5527,5170,5393,67.91,742,no
Jennifer Park,67,2,no,yes,no,no,no,no,no,yes,no,no,no,no,no,no,no,no,no,no,no,yes,no,yes,no,no,no,no,no,no,no,no,no,no,no,no,12724,2,5164,2,1566,20973,2914,4680,9229,4346,49,50,1754,819,1631,3980,3701,4301,5178,3796,73.31,5527,5170,5393,67.91,742,no
Elana Pirtle-Guiney,67,2,no,no,no,no,no,no,no,no,no,no,no,no,no,no,no,no,no,no,no,no,no,no,no,no,no,no,no,no,no,no,no,no,no,no,12724,2,5164,2,1566,20973,2914,4680,9229,4346,49,50,1754,819,1631,3980,3701,4301,5178,3796,73.31,5527,5170,5393,67.91,742,no
Will Mespelt,67,2,no,no,no,no,no,no,no,no,no,no,yes,no,no,no,no,no,no,no,no,no,no,no,no,no,no,no,no,no,no,no,no,no,no,no,12724,2,5164,2,1566,20973,2914,4680,9229,4346,49,50,1754,819,1631,3980,3701,4301,5178,3796,73.31,5527,5170,5393,67.91,742,no
MIchelle DePass,67,2,no,no,no,no,no,no,no,no,no,no,yes,yes,no,no,yes,no,no,no,no,no,no,yes,no,no,no,no,no,no,no,no,no,yes,no,no,12724,2,5164,2,1566,20973,2914,4680,9229,4346,49,50,1754,819,1631,3980,3701,4301,5178,3796,73.31,5527,5170,5393,67.91,742,no
Liz Taylor,67,2,no,no,no,no,no,no,no,no,no,no,no,no,no,no,no,no,no,no,no,no,no,no,no,no,no,no,no,no,no,no,no,no,no,no,12724,2,5164,2,1566,20973,2914,4680,9229,4346,49,50,1754,819,1631,3980,3701,4301,5178,3796,73.31,5527,5170,5393,67.91,742,no
Jonathan Tasini,67,2,no,yes,no,yes,yes,no,no,no,no,no,no,no,no,yes,yes,no,no,no,no,yes,no,yes,no,no,no,yes,no,yes,yes,no,no,no,yes,no,12724,2,5164,2,1566,20973,2914,4680,9229,4346,49,50,1754,819,1631,3980,3701,4301,5178,3796,73.31,5527,5170,5393,67.91,742,no
Sam Sachs,67,2,no,no,no,no,no,no,no,no,no,no,no,no,no,no,no,no,no,no,no,no,no,no,no,no,no,no,no,no,no,no,no,no,no,no,12724,2,5164,2,1566,20973,2914,4680,9229,4346,49,50,1754,819,1631,3980,3701,4301,5178,3796,73.31,5527,5170,5393,67.91,742,no
Bob Simril,67,2,no,no,yes,no,no,no,no,no,no,no,no,no,no,no,no,yes,yes,no,yes,no,no,no,no,no,no,no,no,no,no,no,no,no,no,no,12724,2,5164,2,1566,20973,2914,4680,9229,4346,49,50,1754,819,1631,3980,3701,4301,5178,3796,73.31,5527,5170,5393,67.91,742,no
Laura Streib,67,2,no,no,no,no,no,no,no,no,no,no,no,no,no,no,no,no,no,no,no,no,no,no,no,no,no,no,no,no,no,no,no,no,no,no,12724,2,5164,2,1566,20973,2914,4680,9229,4346,49,50,1754,819,1631,3980,3701,4301,5178,3796,73.31,5527,5170,5393,67.91,742,no
Mariah Hudson,67,2,no,no,yes,yes,yes,no,no,no,no,no,no,no,no,no,no,no,no,no,no,no,no,no,no,no,no,no,no,no,no,no,no,no,no,no,12724,2,5164,2,1566,20973,2914,4680,9229,4346,49,50,1754,819,1631,3980,3701,4301,5178,3796,73.31,5527,5170,5393,67.91,742,no
Dan Ryan,67,2,no,no,yes,no,yes,no,yes,no,yes,yes,yes,yes,no,no,no,yes,yes,no,yes,no,no,no,no,no,no,no,no,yes,no,no,yes,no,no,yes,12724,2,5164,2,1566,20973,2914,4680,9229,4346,49,50,1754,819,1631,3980,3701,4301,5178,3796,73.31,5527,5170,5393,67.91,742,yes
Nabil Zaghoul,67,2,no,no,no,no,no,no,no,no,no,no,no,no,no,no,no,no,no,no,no,no,no,yes,no,no,no,no,no,no,no,no,no,no,no,no,12724,2,5164,2,1566,20973,2914,4680,9229,4346,49,50,1754,819,1631,3980,3701,4301,5178,3796,73.31,5527,5170,5393,67.91,742,no
Michelle DePass,67,2,no,no,no,no,no,no,no,no,no,no,yes,yes,no,no,yes,no,no,no,no,no,no,yes,no,no,no,no,no,no,no,no,no,yes,no,no,12724,2,5164,2,1566,20973,2914,4680,9229,4346,49,50,1754,819,1631,3980,3701,4301,5178,3796,73.31,5527,5170,5393,67.91,742,no
Sameer Kanal,78,2,no,yes,no,no,no,yes,no,yes,no,no,no,no,no,no,yes,no,no,no,no,no,no,yes,yes,yes,yes,yes,yes,no,no,no,no,no,no,no,13779,2,7045,2,2577,24163,4343,8182,7132,4073,62,37,1929,1339,2109,4008,3759,4401,6051,4283,70.78,5969,5778,5969,74.08,761,yes
Debbi Kitchin,78,2,no,no,no,no,no,no,no,no,no,no,yes,no,no,no,no,no,no,no,no,no,yes,no,yes,no,yes,no,no,no,no,no,no,no,no,no,13779,2,7045,2,2577,24163,4343,8182,7132,4073,62,37,1929,1339,2109,4008,3759,4401,6051,4283,70.78,5969,5778,5969,74.08,761,no
Nat West,78,2,no,yes,no,no,no,no,no,no,no,yes,no,no,yes,no,no,no,no,yes,no,yes,no,yes,yes,no,yes,no,yes,no,no,no,no,no,no,no,13779,2,7045,2,2577,24163,4343,8182,7132,4073,62,37,1929,1339,2109,4008,3759,4401,6051,4283,70.78,5969,5778,5969,74.08,761,no
Reuben Berlin,78,2,no,no,no,no,no,no,no,no,no,no,no,no,no,no,no,no,no,no,no,no,no,no,no,no,no,no,no,no,no,no,no,no,no,no,13779,2,7045,2,2577,24163,4343,8182,7132,4073,62,37,1929,1339,2109,4008,3759,4401,6051,4283,70.78,5969,5778,5969,74.08,761,no
Chris Olson,78,2,no,yes,no,no,no,yes,no,no,no,no,no,no,no,no,no,no,no,no,no,yes,no,no,no,no,no,no,no,no,no,no,no,no,no,no,13779,2,7045,2,2577,24163,4343,8182,7132,4073,62,37,1929,1339,2109,4008,3759,4401,6051,4283,70.78,5969,5778,5969,74.08,761,no
Marnie Glickman,78,2,no,yes,no,no,no,no,no,yes,no,no,yes,no,no,no,no,no,no,yes,no,yes,no,yes,no,yes,yes,no,yes,no,yes,yes,no,no,no,no,13779,2,7045,2,2577,24163,4343,8182,7132,4073,62,37,1929,1339,2109,4008,3759,4401,6051,4283,70.78,5969,5778,5969,74.08,761,no
James Armstrong,78,2,no,no,no,no,no,no,yes,no,no,no,yes,no,no,no,no,no,no,no,no,no,no,no,no,no,no,no,no,no,no,no,no,no,no,no,13779,2,7045,2,2577,24163,4343,8182,7132,4073,62,37,1929,1339,2109,4008,3759,4401,6051,4283,70.78,5969,5778,5969,74.08,761,no
Tiffani Penson,78,2,no,no,no,no,no,yes,no,no,yes,yes,yes,no,no,no,no,yes,yes,no,yes,no,yes,no,no,no,no,no,no,no,yes,no,no,no,no,no,13779,2,7045,2,2577,24163,4343,8182,7132,4073,62,37,1929,1339,2109,4008,3759,4401,6051,4283,70.78,5969,5778,5969,74.08,761,no
Jennifer Park,78,2,no,yes,no,no,no,no,no,yes,no,no,no,no,no,no,no,no,no,no,no,yes,no,yes,no,no,no,no,no,no,no,no,no,no,no,no,13779,2,7045,2,2577,24163,4343,8182,7132,4073,62,37,1929,1339,2109,4008,3759,4401,6051,4283,70.78,5969,5778,5969,74.08,761,no
Elana Pirtle-Guiney,78,2,no,no,no,no,no,no,no,no,no,no,no,no,no,no,no,no,no,no,no,no,no,no,no,no,no,no,no,no,no,no,no,no,no,no,13779,2,7045,2,2577,24163,4343,8182,7132,4073,62,37,1929,1339,2109,4008,3759,4401,6051,4283,70.78,5969,5778,5969,74.08,761,no
Will Mespelt,78,2,no,no,no,no,no,no,no,no,no,no,yes,no,no,no,no,no,no,no,no,no,no,no,no,no,no,no,no,no,no,no,no,no,no,no,13779,2,7045,2,2577,24163,4343,8182,7132,4073,62,37,1929,1339,2109,4008,3759,4401,6051,4283,70.78,5969,5778,5969,74.08,761,no
MIchelle DePass,78,2,no,no,no,no,no,no,no,no,no,no,yes,yes,no,no,yes,no,no,no,no,no,no,yes,no,no,no,no,no,no,no,no,no,yes,no,no,13779,2,7045,2,2577,24163,4343,8182,7132,4073,62,37,1929,1339,2109,4008,3759,4401,6051,4283,70.78,5969,5778,5969,74.08,761,no
Liz Taylor,78,2,no,no,no,no,no,no,no,no,no,no,no,no,no,no,no,no,no,no,no,no,no,no,no,no,no,no,no,no,no,no,no,no,no,no,13779,2,7045,2,2577,24163,4343,8182,7132,4073,62,37,1929,1339,2109,4008,3759,4401,6051,4283,70.78,5969,5778,5969,74.08,761,no
Jonathan Tasini,78,2,no,yes,no,yes,yes,no,no,no,no,no,no,no,no,yes,yes,no,no,no,no,yes,no,yes,no,no,no,yes,no,yes,yes,no,no,no,yes,no,13779,2,7045,2,2577,24163,4343,8182,7132,4073,62,37,1929,1339,2109,4008,3759,4401,6051,4283,70.78,5969,5778,5969,74.08,761,no
Sam Sachs,78,2,no,no,no,no,no,no,no,no,no,no,no,no,no,no,no,no,no,no,no,no,no,no,no,no,no,no,no,no,no,no,no,no,no,no,13779,2,7045,2,2577,24163,4343,8182,7132,4073,62,37,1929,1339,2109,4008,3759,4401,6051,4283,70.78,5969,5778,5969,74.08,761,no
Bob Simril,78,2,no,no,yes,no,no,no,no,no,no,no,no,no,no,no,no,yes,yes,no,yes,no,no,no,no,no,no,no,no,no,no,no,no,no,no,no,13779,2,7045,2,2577,24163,4343,8182,7132,4073,62,37,1929,1339,2109,4008,3759,4401,6051,4283,70.78,5969,5778,5969,74.08,761,no
Laura Streib,78,2,no,no,no,no,no,no,no,no,no,no,no,no,no,no,no,no,no,no,no,no,no,no,no,no,no,no,no,no,no,no,no,no,no,no,13779,2,7045,2,2577,24163,4343,8182,7132,4073,62,37,1929,1339,2109,4008,3759,4401,6051,4283,70.78,5969,5778,5969,74.08,761,no
Mariah Hudson,78,2,no,no,yes,yes,yes,no,no,no,no,no,no,no,no,no,no,no,no,no,no,no,no,no,no,no,no,no,no,no,no,no,no,no,no,no,13779,2,7045,2,2577,24163,4343,8182,7132,4073,62,37,1929,1339,2109,4008,3759,4401,6051,4283,70.78,5969,5778,5969,74.08,761,no
Dan Ryan,78,2,no,no,yes,no,yes,no,yes,no,yes,yes,yes,yes,no,no,no,yes,yes,no,yes,no,no,no,no,no,no,no,no,yes,no,no,yes,no,no,yes,13779,2,7045,2,2577,24163,4343,8182,7132,4073,62,37,1929,1339,2109,4008,3759,4401,6051,4283,70.78,5969,5778,5969,74.08,761,yes
Nabil Zaghoul,78,2,no,no,no,no,no,no,no,no,no,no,no,no,no,no,no,no,no,no,no,no,no,yes,no,no,no,no,no,no,no,no,no,no,no,no,13779,2,7045,2,2577,24163,4343,8182,7132,4073,62,37,1929,1339,2109,4008,3759,4401,6051,4283,70.78,5969,5778,5969,74.08,761,no
Michelle DePass,78,2,no,no,no,no,no,no,no,no,no,no,yes,yes,no,no,yes,no,no,no,no,no,no,yes,no,no,no,no,no,no,no,no,no,yes,no,no,13779,2,7045,2,2577,24163,4343,8182,7132,4073,62,37,1929,1339,2109,4008,3759,4401,6051,4283,70.78,5969,5778,5969,74.08,761,no
Sameer Kanal,12,2,no,yes,no,no,no,yes,no,yes,no,no,no,no,no,no,yes,no,no,no,no,no,no,yes,yes,yes,yes,yes,yes,no,no,no,no,no,no,no,21529,2,11633,2,1880,37660,4574,8756,14199,9760,66,33,2206,1681,3200,6596,7283,4502,9485,7673,80.9,10958,10454,10860,83.36,1216,yes
Debbi Kitchin,12,2,no,no,no,no,no,no,no,no,no,no,yes,no,no,no,no,no,no,no,no,no,yes,no,yes,no,yes,no,no,no,no,no,no,no,no,no,21529,2,11633,2,1880,37660,4574,8756,14199,9760,66,33,2206,1681,3200,6596,7283,4502,9485,7673,80.9,10958,10454,10860,83.36,1216,no
Nat West,12,2,no,yes,no,no,no,no,no,no,no,yes,no,no,yes,no,no,no,no,yes,no,yes,no,yes,yes,no,yes,no,yes,no,no,no,no,no,no,no,21529,2,11633,2,1880,37660,4574,8756,14199,9760,66,33,2206,1681,3200,6596,7283,4502,9485,7673,80.9,10958,10454,10860,83.36,1216,no
Reuben Berlin,12,2,no,no,no,no,no,no,no,no,no,no,no,no,no,no,no,no,no,no,no,no,no,no,no,no,no,no,no,no,no,no,no,no,no,no,21529,2,11633,2,1880,37660,4574,8756,14199,9760,66,33,2206,1681,3200,6596,7283,4502,9485,7673,80.9,10958,10454,10860,83.36,1216,no
Chris Olson,12,2,no,yes,no,no,no,yes,no,no,no,no,no,no,no,no,no,no,no,no,no,yes,no,no,no,no,no,no,no,no,no,no,no,no,no,no,21529,2,11633,2,1880,37660,4574,8756,14199,9760,66,33,2206,1681,3200,6596,7283,4502,9485,7673,80.9,10958,10454,10860,83.36,1216,no
Marnie Glickman,12,2,no,yes,no,no,no,no,no,yes,no,no,yes,no,no,no,no,no,no,yes,no,yes,no,yes,no,yes,yes,no,yes,no,yes,yes,no,no,no,no,21529,2,11633,2,1880,37660,4574,8756,14199,9760,66,33,2206,1681,3200,6596,7283,4502,9485,7673,80.9,10958,10454,10860,83.36,1216,no
James Armstrong,12,2,no,no,no,no,no,no,yes,no,no,no,yes,no,no,no,no,no,no,no,no,no,no,no,no,no,no,no,no,no,no,no,no,no,no,no,21529,2,11633,2,1880,37660,4574,8756,14199,9760,66,33,2206,1681,3200,6596,7283,4502,9485,7673,80.9,10958,10454,10860,83.36,1216,no
Tiffani Penson,12,2,no,no,no,no,no,yes,no,no,yes,yes,yes,no,no,no,no,yes,yes,no,yes,no,yes,no,no,no,no,no,no,no,yes,no,no,no,no,no,21529,2,11633,2,1880,37660,4574,8756,14199,9760,66,33,2206,1681,3200,6596,7283,4502,9485,7673,80.9,10958,10454,10860,83.36,1216,no
Jennifer Park,12,2,no,yes,no,no,no,no,no,yes,no,no,no,no,no,no,no,no,no,no,no,yes,no,yes,no,no,no,no,no,no,no,no,no,no,no,no,21529,2,11633,2,1880,37660,4574,8756,14199,9760,66,33,2206,1681,3200,6596,7283,4502,9485,7673,80.9,10958,10454,10860,83.36,1216,no
Elana Pirtle-Guiney,12,2,no,no,no,no,no,no,no,no,no,no,no,no,no,no,no,no,no,no,no,no,no,no,no,no,no,no,no,no,no,no,no,no,no,no,21529,2,11633,2,1880,37660,4574,8756,14199,9760,66,33,2206,1681,3200,6596,7283,4502,9485,7673,80.9,10958,10454,10860,83.36,1216,no
Will Mespelt,12,2,no,no,no,no,no,no,no,no,no,no,yes,no,no,no,no,no,no,no,no,no,no,no,no,no,no,no,no,no,no,no,no,no,no,no,21529,2,11633,2,1880,37660,4574,8756,14199,9760,66,33,2206,1681,3200,6596,7283,4502,9485,7673,80.9,10958,10454,10860,83.36,1216,no
MIchelle DePass,12,2,no,no,no,no,no,no,no,no,no,no,yes,yes,no,no,yes,no,no,no,no,no,no,yes,no,no,no,no,no,no,no,no,no,yes,no,no,21529,2,11633,2,1880,37660,4574,8756,14199,9760,66,33,2206,1681,3200,6596,7283,4502,9485,7673,80.9,10958,10454,10860,83.36,1216,no
Liz Taylor,12,2,no,no,no,no,no,no,no,no,no,no,no,no,no,no,no,no,no,no,no,no,no,no,no,no,no,no,no,no,no,no,no,no,no,no,21529,2,11633,2,1880,37660,4574,8756,14199,9760,66,33,2206,1681,3200,6596,7283,4502,9485,7673,80.9,10958,10454,10860,83.36,1216,no
Jonathan Tasini,12,2,no,yes,no,yes,yes,no,no,no,no,no,no,no,no,yes,yes,no,no,no,no,yes,no,yes,no,no,no,yes,no,yes,yes,no,no,no,yes,no,21529,2,11633,2,1880,37660,4574,8756,14199,9760,66,33,2206,1681,3200,6596,7283,4502,9485,7673,80.9,10958,10454,10860,83.36,1216,no
Sam Sachs,12,2,no,no,no,no,no,no,no,no,no,no,no,no,no,no,no,no,no,no,no,no,no,no,no,no,no,no,no,no,no,no,no,no,no,no,21529,2,11633,2,1880,37660,4574,8756,14199,9760,66,33,2206,1681,3200,6596,7283,4502,9485,7673,80.9,10958,10454,10860,83.36,1216,no
Bob Simril,12,2,no,no,yes,no,no,no,no,no,no,no,no,no,no,no,no,yes,yes,no,yes,no,no,no,no,no,no,no,no,no,no,no,no,no,no,no,21529,2,11633,2,1880,37660,4574,8756,14199,9760,66,33,2206,1681,3200,6596,7283,4502,9485,7673,80.9,10958,10454,10860,83.36,1216,no
Laura Streib,12,2,no,no,no,no,no,no,no,no,no,no,no,no,no,no,no,no,no,no,no,no,no,no,no,no,no,no,no,no,no,no,no,no,no,no,21529,2,11633,2,1880,37660,4574,8756,14199,9760,66,33,2206,1681,3200,6596,7283,4502,9485,7673,80.9,10958,10454,10860,83.36,1216,no
Mariah Hudson,12,2,no,no,yes,yes,yes,no,no,no,no,no,no,no,no,no,no,no,no,no,no,no,no,no,no,no,no,no,no,no,no,no,no,no,no,no,21529,2,11633,2,1880,37660,4574,8756,14199,9760,66,33,2206,1681,3200,6596,7283,4502,9485,7673,80.9,10958,10454,10860,83.36,1216,no
Dan Ryan,12,2,no,no,yes,no,yes,no,yes,no,yes,yes,yes,yes,no,no,no,yes,yes,no,yes,no,no,no,no,no,no,no,no,yes,no,no,yes,no,no,yes,21529,2,11633,2,1880,37660,4574,8756,14199,9760,66,33,2206,1681,3200,6596,7283,4502,9485,7673,80.9,10958,10454,10860,83.36,1216,yes
Nabil Zaghoul,12,2,no,no,no,no,no,no,no,no,no,no,no,no,no,no,no,no,no,no,no,no,no,yes,no,no,no,no,no,no,no,no,no,no,no,no,21529,2,11633,2,1880,37660,4574,8756,14199,9760,66,33,2206,1681,3200,6596,7283,4502,9485,7673,80.9,10958,10454,10860,83.36,1216,no
Michelle DePass,12,2,no,no,no,no,no,no,no,no,no,no,yes,yes,no,no,yes,no,no,no,no,no,no,yes,no,no,no,no,no,no,no,no,no,yes,no,no,21529,2,11633,2,1880,37660,4574,8756,14199,9760,66,33,2206,1681,3200,6596,7283,4502,9485,7673,80.9,10958,10454,10860,83.36,1216,no
Sameer Kanal,49,2,no,yes,no,no,no,yes,no,yes,no,no,no,no,no,no,yes,no,no,no,no,no,no,yes,yes,yes,yes,yes,yes,no,no,no,no,no,no,no,15238,2,7539,3,2402,25892,5477,8009,7294,4404,64,35,1958,1746,2705,4583,3506,4402,7942,5641,71.03,11578,11674,12460,68.55,1815,yes
Debbi Kitchin,49,2,no,no,no,no,no,no,no,no,no,no,yes,no,no,no,no,no,no,no,no,no,yes,no,yes,no,yes,no,no,no,no,no,no,no,no,no,15238,2,7539,3,2402,25892,5477,8009,7294,4404,64,35,1958,1746,2705,4583,3506,4402,7942,5641,71.03,11578,11674,12460,68.55,1815,no
Nat West,49,2,no,yes,no,no,no,no,no,no,no,yes,no,no,yes,no,no,no,no,yes,no,yes,no,yes,yes,no,yes,no,yes,no,no,no,no,no,no,no,15238,2,7539,3,2402,25892,5477,8009,7294,4404,64,35,1958,1746,2705,4583,3506,4402,7942,5641,71.03,11578,11674,12460,68.55,1815,no
Reuben Berlin,49,2,no,no,no,no,no,no,no,no,no,no,no,no,no,no,no,no,no,no,no,no,no,no,no,no,no,no,no,no,no,no,no,no,no,no,15238,2,7539,3,2402,25892,5477,8009,7294,4404,64,35,1958,1746,2705,4583,3506,4402,7942,5641,71.03,11578,11674,12460,68.55,1815,no
Chris Olson,49,2,no,yes,no,no,no,yes,no,no,no,no,no,no,no,no,no,no,no,no,no,yes,no,no,no,no,no,no,no,no,no,no,no,no,no,no,15238,2,7539,3,2402,25892,5477,8009,7294,4404,64,35,1958,1746,2705,4583,3506,4402,7942,5641,71.03,11578,11674,12460,68.55,1815,no
Marnie Glickman,49,2,no,yes,no,no,no,no,no,yes,no,no,yes,no,no,no,no,no,no,yes,no,yes,no,yes,no,yes,yes,no,yes,no,yes,yes,no,no,no,no,15238,2,7539,3,2402,25892,5477,8009,7294,4404,64,35,1958,1746,2705,4583,3506,4402,7942,5641,71.03,11578,11674,12460,68.55,1815,no
James Armstrong,49,2,no,no,no,no,no,no,yes,no,no,no,yes,no,no,no,no,no,no,no,no,no,no,no,no,no,no,no,no,no,no,no,no,no,no,no,15238,2,7539,3,2402,25892,5477,8009,7294,4404,64,35,1958,1746,2705,4583,3506,4402,7942,5641,71.03,11578,11674,12460,68.55,1815,no
Tiffani Penson,49,2,no,no,no,no,no,yes,no,no,yes,yes,yes,no,no,no,no,yes,yes,no,yes,no,yes,no,no,no,no,no,no,no,yes,no,no,no,no,no,15238,2,7539,3,2402,25892,5477,8009,7294,4404,64,35,1958,1746,2705,4583,3506,4402,7942,5641,71.03,11578,11674,12460,68.55,1815,no
Jennifer Park,49,2,no,yes,no,no,no,no,no,yes,no,no,no,no,no,no,no,no,no,no,no,yes,no,yes,no,no,no,no,no,no,no,no,no,no,no,no,15238,2,7539,3,2402,25892,5477,8009,7294,4404,64,35,1958,1746,2705,4583,3506,4402,7942,5641,71.03,11578,11674,12460,68.55,1815,no
Elana Pirtle-Guiney,49,2,no,no,no,no,no,no,no,no,no,no,no,no,no,no,no,no,no,no,no,no,no,no,no,no,no,no,no,no,no,no,no,no,no,no,15238,2,7539,3,2402,25892,5477,8009,7294,4404,64,35,1958,1746,2705,4583,3506,4402,7942,5641,71.03,11578,11674,12460,68.55,1815,no
Will Mespelt,49,2,no,no,no,no,no,no,no,no,no,no,yes,no,no,no,no,no,no,no,no,no,no,no,no,no,no,no,no,no,no,no,no,no,no,no,15238,2,7539,3,2402,25892,5477,8009,7294,4404,64,35,1958,1746,2705,4583,3506,4402,7942,5641,71.03,11578,11674,12460,68.55,1815,no
MIchelle DePass,49,2,no,no,no,no,no,no,no,no,no,no,yes,yes,no,no,yes,no,no,no,no,no,no,yes,no,no,no,no,no,no,no,no,no,yes,no,no,15238,2,7539,3,2402,25892,5477,8009,7294,4404,64,35,1958,1746,2705,4583,3506,4402,7942,5641,71.03,11578,11674,12460,68.55,1815,no
Liz Taylor,49,2,no,no,no,no,no,no,no,no,no,no,no,no,no,no,no,no,no,no,no,no,no,no,no,no,no,no,no,no,no,no,no,no,no,no,15238,2,7539,3,2402,25892,5477,8009,7294,4404,64,35,1958,1746,2705,4583,3506,4402,7942,5641,71.03,11578,11674,12460,68.55,1815,no
Jonathan Tasini,49,2,no,yes,no,yes,yes,no,no,no,no,no,no,no,no,yes,yes,no,no,no,no,yes,no,yes,no,no,no,yes,no,yes,yes,no,no,no,yes,no,15238,2,7539,3,2402,25892,5477,8009,7294,4404,64,35,1958,1746,2705,4583,3506,4402,7942,5641,71.03,11578,11674,12460,68.55,1815,no
Sam Sachs,49,2,no,no,no,no,no,no,no,no,no,no,no,no,no,no,no,no,no,no,no,no,no,no,no,no,no,no,no,no,no,no,no,no,no,no,15238,2,7539,3,2402,25892,5477,8009,7294,4404,64,35,1958,1746,2705,4583,3506,4402,7942,5641,71.03,11578,11674,12460,68.55,1815,no
Bob Simril,49,2,no,no,yes,no,no,no,no,no,no,no,no,no,no,no,no,yes,yes,no,yes,no,no,no,no,no,no,no,no,no,no,no,no,no,no,no,15238,2,7539,3,2402,25892,5477,8009,7294,4404,64,35,1958,1746,2705,4583,3506,4402,7942,5641,71.03,11578,11674,12460,68.55,1815,no
Laura Streib,49,2,no,no,no,no,no,no,no,no,no,no,no,no,no,no,no,no,no,no,no,no,no,no,no,no,no,no,no,no,no,no,no,no,no,no,15238,2,7539,3,2402,25892,5477,8009,7294,4404,64,35,1958,1746,2705,4583,3506,4402,7942,5641,71.03,11578,11674,12460,68.55,1815,no
Mariah Hudson,49,2,no,no,yes,yes,yes,no,no,no,no,no,no,no,no,no,no,no,no,no,no,no,no,no,no,no,no,no,no,no,no,no,no,no,no,no,15238,2,7539,3,2402,25892,5477,8009,7294,4404,64,35,1958,1746,2705,4583,3506,4402,7942,5641,71.03,11578,11674,12460,68.55,1815,no
Dan Ryan,49,2,no,no,yes,no,yes,no,yes,no,yes,yes,yes,yes,no,no,no,yes,yes,no,yes,no,no,no,no,no,no,no,no,yes,no,no,yes,no,no,yes,15238,2,7539,3,2402,25892,5477,8009,7294,4404,64,35,1958,1746,2705,4583,3506,4402,7942,5641,71.03,11578,11674,12460,68.55,1815,yes
Nabil Zaghoul,49,2,no,no,no,no,no,no,no,no,no,no,no,no,no,no,no,no,no,no,no,no,no,yes,no,no,no,no,no,no,no,no,no,no,no,no,15238,2,7539,3,2402,25892,5477,8009,7294,4404,64,35,1958,1746,2705,4583,3506,4402,7942,5641,71.03,11578,11674,12460,68.55,1815,no
Michelle DePass,49,2,no,no,no,no,no,no,no,no,no,no,yes,yes,no,no,yes,no,no,no,no,no,no,yes,no,no,no,no,no,no,no,no,no,yes,no,no,15238,2,7539,3,2402,25892,5477,8009,7294,4404,64,35,1958,1746,2705,4583,3506,4402,7942,5641,71.03,11578,11674,12460,68.55,1815,no
Sameer Kanal,30,2,no,yes,no,no,no,yes,no,yes,no,no,no,no,no,no,yes,no,no,no,no,no,no,yes,yes,yes,yes,yes,yes,no,no,no,no,no,no,no,16776,2,8334,2,1841,29464,5025,8907,9614,4821,61,38,1796,2039,2883,5296,3822,4503,9270,7070,76.27,9450,9197,9640,83.4,1076,yes
Debbi Kitchin,30,2,no,no,no,no,no,no,no,no,no,no,yes,no,no,no,no,no,no,no,no,no,yes,no,yes,no,yes,no,no,no,no,no,no,no,no,no,16776,2,8334,2,1841,29464,5025,8907,9614,4821,61,38,1796,2039,2883,5296,3822,4503,9270,7070,76.27,9450,9197,9640,83.4,1076,no
Nat West,30,2,no,yes,no,no,no,no,no,no,no,yes,no,no,yes,no,no,no,no,yes,no,yes,no,yes,yes,no,yes,no,yes,no,no,no,no,no,no,no,16776,2,8334,2,1841,29464,5025,8907,9614,4821,61,38,1796,2039,2883,5296,3822,4503,9270,7070,76.27,9450,9197,9640,83.4,1076,no
Reuben Berlin,30,2,no,no,no,no,no,no,no,no,no,no,no,no,no,no,no,no,no,no,no,no,no,no,no,no,no,no,no,no,no,no,no,no,no,no,16776,2,8334,2,1841,29464,5025,8907,9614,4821,61,38,1796,2039,2883,5296,3822,4503,9270,7070,76.27,9450,9197,9640,83.4,1076,no
Chris Olson,30,2,no,yes,no,no,no,yes,no,no,no,no,no,no,no,no,no,no,no,no,no,yes,no,no,no,no,no,no,no,no,no,no,no,no,no,no,16776,2,8334,2,1841,29464,5025,8907,9614,4821,61,38,1796,2039,2883,5296,3822,4503,9270,7070,76.27,9450,9197,9640,83.4,1076,no
Marnie Glickman,30,2,no,yes,no,no,no,no,no,yes,no,no,yes,no,no,no,no,no,no,yes,no,yes,no,yes,no,yes,yes,no,yes,no,yes,yes,no,no,no,no,16776,2,8334,2,1841,29464,5025,8907,9614,4821,61,38,1796,2039,2883,5296,3822,4503,9270,7070,76.27,9450,9197,9640,83.4,1076,no
James Armstrong,30,2,no,no,no,no,no,no,yes,no,no,no,yes,no,no,no,no,no,no,no,no,no,no,no,no,no,no,no,no,no,no,no,no,no,no,no,16776,2,8334,2,1841,29464,5025,8907,9614,4821,61,38,1796,2039,2883,5296,3822,4503,9270,7070,76.27,9450,9197,9640,83.4,1076,no
Tiffani Penson,30,2,no,no,no,no,no,yes,no,no,yes,yes,yes,no,no,no,no,yes,yes,no,yes,no,yes,no,no,no,no,no,no,no,yes,no,no,no,no,no,16776,2,8334,2,1841,29464,5025,8907,9614,4821,61,38,1796,2039,2883,5296,3822,4503,9270,7070,76.27,9450,9197,9640,83.4,1076,no
Jennifer Park,30,2,no,yes,no,no,no,no,no,yes,no,no,no,no,no,no,no,no,no,no,no,yes,no,yes,no,no,no,no,no,no,no,no,no,no,no,no,16776,2,8334,2,1841,29464,5025,8907,9614,4821,61,38,1796,2039,2883,5296,3822,4503,9270,7070,76.27,9450,9197,9640,83.4,1076,no
Elana Pirtle-Guiney,30,2,no,no,no,no,no,no,no,no,no,no,no,no,no,no,no,no,no,no,no,no,no,no,no,no,no,no,no,no,no,no,no,no,no,no,16776,2,8334,2,1841,29464,5025,8907,9614,4821,61,38,1796,2039,2883,5296,3822,4503,9270,7070,76.27,9450,9197,9640,83.4,1076,no
Will Mespelt,30,2,no,no,no,no,no,no,no,no,no,no,yes,no,no,no,no,no,no,no,no,no,no,no,no,no,no,no,no,no,no,no,no,no,no,no,16776,2,8334,2,1841,29464,5025,8907,9614,4821,61,38,1796,2039,2883,5296,3822,4503,9270,7070,76.27,9450,9197,9640,83.4,1076,no
MIchelle DePass,30,2,no,no,no,no,no,no,no,no,no,no,yes,yes,no,no,yes,no,no,no,no,no,no,yes,no,no,no,no,no,no,no,no,no,yes,no,no,16776,2,8334,2,1841,29464,5025,8907,9614,4821,61,38,1796,2039,2883,5296,3822,4503,9270,7070,76.27,9450,9197,9640,83.4,1076,no
Liz Taylor,30,2,no,no,no,no,no,no,no,no,no,no,no,no,no,no,no,no,no,no,no,no,no,no,no,no,no,no,no,no,no,no,no,no,no,no,16776,2,8334,2,1841,29464,5025,8907,9614,4821,61,38,1796,2039,2883,5296,3822,4503,9270,7070,76.27,9450,9197,9640,83.4,1076,no
Jonathan Tasini,30,2,no,yes,no,yes,yes,no,no,no,no,no,no,no,no,yes,yes,no,no,no,no,yes,no,yes,no,no,no,yes,no,yes,yes,no,no,no,yes,no,16776,2,8334,2,1841,29464,5025,8907,9614,4821,61,38,1796,2039,2883,5296,3822,4503,9270,7070,76.27,9450,9197,9640,83.4,1076,no
Sam Sachs,30,2,no,no,no,no,no,no,no,no,no,no,no,no,no,no,no,no,no,no,no,no,no,no,no,no,no,no,no,no,no,no,no,no,no,no,16776,2,8334,2,1841,29464,5025,8907,9614,4821,61,38,1796,2039,2883,5296,3822,4503,9270,7070,76.27,9450,9197,9640,83.4,1076,no
Bob Simril,30,2,no,no,yes,no,no,no,no,no,no,no,no,no,no,no,no,yes,yes,no,yes,no,no,no,no,no,no,no,no,no,no,no,no,no,no,no,16776,2,8334,2,1841,29464,5025,8907,9614,4821,61,38,1796,2039,2883,5296,3822,4503,9270,7070,76.27,9450,9197,9640,83.4,1076,no
Laura Streib,30,2,no,no,no,no,no,no,no,no,no,no,no,no,no,no,no,no,no,no,no,no,no,no,no,no,no,no,no,no,no,no,no,no,no,no,16776,2,8334,2,1841,29464,5025,8907,9614,4821,61,38,1796,2039,2883,5296,3822,4503,9270,7070,76.27,9450,9197,9640,83.4,1076,no
Mariah Hudson,30,2,no,no,yes,yes,yes,no,no,no,no,no,no,no,no,no,no,no,no,no,no,no,no,no,no,no,no,no,no,no,no,no,no,no,no,no,16776,2,8334,2,1841,29464,5025,8907,9614,4821,61,38,1796,2039,2883,5296,3822,4503,9270,7070,76.27,9450,9197,9640,83.4,1076,no
Dan Ryan,30,2,no,no,yes,no,yes,no,yes,no,yes,yes,yes,yes,no,no,no,yes,yes,no,yes,no,no,no,no,no,no,no,no,yes,no,no,yes,no,no,yes,16776,2,8334,2,1841,29464,5025,8907,9614,4821,61,38,1796,2039,2883,5296,3822,4503,9270,7070,76.27,9450,9197,9640,83.4,1076,yes
Nabil Zaghoul,30,2,no,no,no,no,no,no,no,no,no,no,no,no,no,no,no,no,no,no,no,no,no,yes,no,no,no,no,no,no,no,no,no,no,no,no,16776,2,8334,2,1841,29464,5025,8907,9614,4821,61,38,1796,2039,2883,5296,3822,4503,9270,7070,76.27,9450,9197,9640,83.4,1076,no
Michelle DePass,30,2,no,no,no,no,no,no,no,no,no,no,yes,yes,no,no,yes,no,no,no,no,no,no,yes,no,no,no,no,no,no,no,no,no,yes,no,no,16776,2,8334,2,1841,29464,5025,8907,9614,4821,61,38,1796,2039,2883,5296,3822,4503,9270,7070,76.27,9450,9197,9640,83.4,1076,no
Tiffany Koyama Lane,26,3,yes,no,no,no,yes,yes,no,yes,no,no,no,no,yes,no,yes,no,no,yes,no,yes,yes,yes,yes,yes,yes,yes,yes,yes,yes,yes,no,no,yes,no,19749,2,9973,2,2442,34714,6462,9381,11826,6419,58,41,2212,2276,3634,5663,5093,4506,9465,7254,76.64,1018,975,999,NA,157,yes
Philippe Knab,26,3,no,no,no,no,no,no,no,no,no,no,no,yes,no,no,no,no,no,no,yes,no,no,no,no,no,no,no,no,no,no,no,no,no,no,no,19749,2,9973,2,2442,34714,6462,9381,11826,6419,58,41,2212,2276,3634,5663,5093,4506,9465,7254,76.64,1018,975,999,NA,157,no
Harrison Kass,26,3,no,no,yes,no,no,no,no,no,no,no,no,no,no,no,no,yes,no,no,no,no,no,no,no,no,no,no,no,no,no,no,no,no,no,no,19749,2,9973,2,2442,34714,6462,9381,11826,6419,58,41,2212,2276,3634,5663,5093,4506,9465,7254,76.64,1018,975,999,NA,157,no
Kezia Wanner,26,3,no,no,no,no,no,no,no,no,no,yes,no,no,no,no,no,yes,yes,no,no,no,no,no,no,no,no,no,no,no,no,no,no,no,no,no,19749,2,9973,2,2442,34714,6462,9381,11826,6419,58,41,2212,2276,3634,5663,5093,4506,9465,7254,76.64,1018,975,999,NA,157,no
Jonathan (Jon) Walker,26,3,no,no,no,no,no,no,yes,no,no,no,no,no,no,no,no,no,no,no,no,no,no,no,no,no,no,no,no,no,no,no,no,no,no,no,19749,2,9973,2,2442,34714,6462,9381,11826,6419,58,41,2212,2276,3634,5663,5093,4506,9465,7254,76.64,1018,975,999,NA,157,no
Melodie Beirwagen,26,3,no,no,no,no,no,no,no,no,no,no,no,no,no,no,no,no,no,no,no,no,no,no,no,no,no,no,no,no,no,no,no,no,no,no,19749,2,9973,2,2442,34714,6462,9381,11826,6419,58,41,2212,2276,3634,5663,5093,4506,9465,7254,76.64,1018,975,999,NA,157,no
Sandeep Bali,26,3,no,no,no,no,no,no,no,no,no,no,no,no,no,no,no,no,no,no,no,no,no,no,no,no,no,no,no,no,no,no,no,no,no,no,19749,2,9973,2,2442,34714,6462,9381,11826,6419,58,41,2212,2276,3634,5663,5093,4506,9465,7254,76.64,1018,975,999,NA,157,no
Rex Burkholder,26,3,no,no,no,no,no,no,no,no,no,no,yes,no,no,no,no,no,no,no,yes,no,no,yes,no,no,no,no,no,no,no,no,no,no,yes,no,19749,2,9973,2,2442,34714,6462,9381,11826,6419,58,41,2212,2276,3634,5663,5093,4506,9465,7254,76.64,1018,975,999,NA,157,no
Christpher Brummer,26,3,no,no,no,no,no,no,no,no,no,no,no,no,no,no,no,no,no,no,no,no,no,no,no,no,no,no,no,no,no,no,no,no,no,no,19749,2,9973,2,2442,34714,6462,9381,11826,6419,58,41,2212,2276,3634,5663,5093,4506,9465,7254,76.64,1018,975,999,NA,157,no
Cristal Azul Otero,26,3,no,no,no,no,no,no,no,no,no,no,no,yes,no,no,no,no,no,no,no,no,no,no,no,no,no,no,no,no,no,no,no,no,no,no,19749,2,9973,2,2442,34714,6462,9381,11826,6419,58,41,2212,2276,3634,5663,5093,4506,9465,7254,76.64,1018,975,999,NA,157,no
Ahlam K Osman,26,3,no,yes,no,no,no,no,no,yes,no,no,no,no,no,no,no,no,no,no,no,no,no,no,no,no,no,no,no,no,no,no,no,no,no,no,19749,2,9973,2,2442,34714,6462,9381,11826,6419,58,41,2212,2276,3634,5663,5093,4506,9465,7254,76.64,1018,975,999,NA,157,no
Dan Gilk,26,3,no,no,no,no,no,no,yes,no,no,no,no,no,no,no,no,no,no,no,no,no,no,no,no,no,no,no,no,no,no,no,no,no,no,no,19749,2,9973,2,2442,34714,6462,9381,11826,6419,58,41,2212,2276,3634,5663,5093,4506,9465,7254,76.64,1018,975,999,NA,157,no
Steve Novick,26,3,no,no,no,no,no,no,no,no,no,yes,no,yes,no,no,yes,no,no,no,no,no,no,no,no,no,no,no,no,yes,no,no,no,no,no,yes,19749,2,9973,2,2442,34714,6462,9381,11826,6419,58,41,2212,2276,3634,5663,5093,4506,9465,7254,76.64,1018,975,999,NA,157,yes
Matthew (Matt) anderson,26,3,no,no,no,no,no,no,no,no,no,no,no,no,no,no,no,no,no,no,no,no,no,no,no,no,no,no,no,no,no,no,no,no,no,no,19749,2,9973,2,2442,34714,6462,9381,11826,6419,58,41,2212,2276,3634,5663,5093,4506,9465,7254,76.64,1018,975,999,NA,157,no
Kelly Janes (KJ),26,3,no,no,no,no,no,no,no,no,no,no,no,no,no,no,no,no,no,no,no,no,no,no,no,no,no,no,no,no,no,no,no,no,no,no,19749,2,9973,2,2442,34714,6462,9381,11826,6419,58,41,2212,2276,3634,5663,5093,4506,9465,7254,76.64,1018,975,999,NA,157,no
Terry Parker,26,3,no,no,no,no,no,no,no,no,no,no,no,no,no,no,no,no,no,no,no,no,no,no,no,no,no,no,no,no,no,no,no,no,no,no,19749,2,9973,2,2442,34714,6462,9381,11826,6419,58,41,2212,2276,3634,5663,5093,4506,9465,7254,76.64,1018,975,999,NA,157,no
Heart Free Pham,26,3,no,no,no,no,no,no,no,no,no,no,no,no,no,no,no,no,no,no,no,no,no,no,no,no,no,no,no,no,no,no,no,no,no,no,19749,2,9973,2,2442,34714,6462,9381,11826,6419,58,41,2212,2276,3634,5663,5093,4506,9465,7254,76.64,1018,975,999,NA,157,no
Kenneth (Kent) R. Landgraver III,26,3,no,no,no,no,no,no,no,no,no,no,no,no,no,no,no,no,no,no,no,no,no,no,no,no,no,no,no,no,no,no,no,no,no,no,19749,2,9973,2,2442,34714,6462,9381,11826,6419,58,41,2212,2276,3634,5663,5093,4506,9465,7254,76.64,1018,975,999,NA,157,no
Brian Conley,26,3,no,no,no,no,no,no,no,no,no,no,no,no,no,no,no,no,no,no,no,no,no,no,no,no,no,no,no,no,no,no,no,no,no,no,19749,2,9973,2,2442,34714,6462,9381,11826,6419,58,41,2212,2276,3634,5663,5093,4506,9465,7254,76.64,1018,975,999,NA,157,no
Jesse Cornett,26,3,no,no,yes,no,no,yes,no,no,yes,yes,yes,no,no,yes,no,no,no,no,yes,no,yes,yes,no,no,no,no,no,no,yes,no,no,no,no,no,19749,2,9973,2,2442,34714,6462,9381,11826,6419,58,41,2212,2276,3634,5663,5093,4506,9465,7254,76.64,1018,975,999,NA,157,no
John Sweeney,26,3,no,no,no,no,no,no,no,no,no,no,no,no,no,no,no,no,no,no,no,no,no,no,no,no,no,no,no,no,no,no,no,no,no,no,19749,2,9973,2,2442,34714,6462,9381,11826,6419,58,41,2212,2276,3634,5663,5093,4506,9465,7254,76.64,1018,975,999,NA,157,no
Theo Hathaway Saner,26,3,no,yes,no,no,no,no,no,no,no,no,no,no,no,no,no,no,no,no,no,no,no,no,no,no,no,no,no,no,no,no,no,no,no,no,19749,2,9973,2,2442,34714,6462,9381,11826,6419,58,41,2212,2276,3634,5663,5093,4506,9465,7254,76.64,1018,975,999,NA,157,no
Luke Zak,26,3,no,no,no,no,no,no,no,yes,no,no,no,no,no,no,no,no,no,no,no,no,no,no,no,no,yes,no,no,no,no,no,no,yes,no,no,19749,2,9973,2,2442,34714,6462,9381,11826,6419,58,41,2212,2276,3634,5663,5093,4506,9465,7254,76.64,1018,975,999,NA,157,no
Daniel DeMelo,26,3,no,no,yes,no,no,no,yes,no,yes,no,yes,no,no,no,no,yes,yes,no,no,no,no,no,no,no,no,no,no,no,no,no,no,yes,no,no,19749,2,9973,2,2442,34714,6462,9381,11826,6419,58,41,2212,2276,3634,5663,5093,4506,9465,7254,76.64,1018,975,999,NA,157,no
Chris Flanary,26,3,no,no,no,no,no,no,no,no,no,no,no,no,no,no,no,no,no,no,no,no,no,no,no,no,no,no,no,no,no,no,no,no,no,no,19749,2,9973,2,2442,34714,6462,9381,11826,6419,58,41,2212,2276,3634,5663,5093,4506,9465,7254,76.64,1018,975,999,NA,157,no
Angelita Morillo ,26,3,no,no,no,no,no,no,no,no,no,no,no,no,no,no,no,no,no,no,no,no,no,no,no,no,no,no,no,no,no,no,no,no,no,no,19749,2,9973,2,2442,34714,6462,9381,11826,6419,58,41,2212,2276,3634,5663,5093,4506,9465,7254,76.64,1018,975,999,NA,157,no
Tiffany Koyama Lane,71,3,yes,no,no,no,yes,yes,no,yes,no,no,no,no,yes,no,yes,no,no,yes,no,yes,yes,yes,yes,yes,yes,yes,yes,yes,yes,yes,no,no,yes,no,13603,2,6754,2,1279,23722,2114,4940,9566,7856,60,39,994,878,2072,3780,5441,4204,7934,6611,83.32,10641,9718,9947,85.48,1209,yes
Philippe Knab,71,3,no,no,no,no,no,no,no,no,no,no,no,yes,no,no,no,no,no,no,yes,no,no,no,no,no,no,no,no,no,no,no,no,no,no,no,13603,2,6754,2,1279,23722,2114,4940,9566,7856,60,39,994,878,2072,3780,5441,4204,7934,6611,83.32,10641,9718,9947,85.48,1209,no
Harrison Kass,71,3,no,no,yes,no,no,no,no,no,no,no,no,no,no,no,no,yes,no,no,no,no,no,no,no,no,no,no,no,no,no,no,no,no,no,no,13603,2,6754,2,1279,23722,2114,4940,9566,7856,60,39,994,878,2072,3780,5441,4204,7934,6611,83.32,10641,9718,9947,85.48,1209,no
Kezia Wanner,71,3,no,no,no,no,no,no,no,no,no,yes,no,no,no,no,no,yes,yes,no,no,no,no,no,no,no,no,no,no,no,no,no,no,no,no,no,13603,2,6754,2,1279,23722,2114,4940,9566,7856,60,39,994,878,2072,3780,5441,4204,7934,6611,83.32,10641,9718,9947,85.48,1209,no
Jonathan (Jon) Walker,71,3,no,no,no,no,no,no,yes,no,no,no,no,no,no,no,no,no,no,no,no,no,no,no,no,no,no,no,no,no,no,no,no,no,no,no,13603,2,6754,2,1279,23722,2114,4940,9566,7856,60,39,994,878,2072,3780,5441,4204,7934,6611,83.32,10641,9718,9947,85.48,1209,no
Melodie Beirwagen,71,3,no,no,no,no,no,no,no,no,no,no,no,no,no,no,no,no,no,no,no,no,no,no,no,no,no,no,no,no,no,no,no,no,no,no,13603,2,6754,2,1279,23722,2114,4940,9566,7856,60,39,994,878,2072,3780,5441,4204,7934,6611,83.32,10641,9718,9947,85.48,1209,no
Sandeep Bali,71,3,no,no,no,no,no,no,no,no,no,no,no,no,no,no,no,no,no,no,no,no,no,no,no,no,no,no,no,no,no,no,no,no,no,no,13603,2,6754,2,1279,23722,2114,4940,9566,7856,60,39,994,878,2072,3780,5441,4204,7934,6611,83.32,10641,9718,9947,85.48,1209,no
Rex Burkholder,71,3,no,no,no,no,no,no,no,no,no,no,yes,no,no,no,no,no,no,no,yes,no,no,yes,no,no,no,no,no,no,no,no,no,no,yes,no,13603,2,6754,2,1279,23722,2114,4940,9566,7856,60,39,994,878,2072,3780,5441,4204,7934,6611,83.32,10641,9718,9947,85.48,1209,no
Christpher Brummer,71,3,no,no,no,no,no,no,no,no,no,no,no,no,no,no,no,no,no,no,no,no,no,no,no,no,no,no,no,no,no,no,no,no,no,no,13603,2,6754,2,1279,23722,2114,4940,9566,7856,60,39,994,878,2072,3780,5441,4204,7934,6611,83.32,10641,9718,9947,85.48,1209,no
Cristal Azul Otero,71,3,no,no,no,no,no,no,no,no,no,no,no,yes,no,no,no,no,no,no,no,no,no,no,no,no,no,no,no,no,no,no,no,no,no,no,13603,2,6754,2,1279,23722,2114,4940,9566,7856,60,39,994,878,2072,3780,5441,4204,7934,6611,83.32,10641,9718,9947,85.48,1209,no
Ahlam K Osman,71,3,no,yes,no,no,no,no,no,yes,no,no,no,no,no,no,no,no,no,no,no,no,no,no,no,no,no,no,no,no,no,no,no,no,no,no,13603,2,6754,2,1279,23722,2114,4940,9566,7856,60,39,994,878,2072,3780,5441,4204,7934,6611,83.32,10641,9718,9947,85.48,1209,no
Dan Gilk,71,3,no,no,no,no,no,no,yes,no,no,no,no,no,no,no,no,no,no,no,no,no,no,no,no,no,no,no,no,no,no,no,no,no,no,no,13603,2,6754,2,1279,23722,2114,4940,9566,7856,60,39,994,878,2072,3780,5441,4204,7934,6611,83.32,10641,9718,9947,85.48,1209,no
Steve Novick,71,3,no,no,no,no,no,no,no,no,no,yes,no,yes,no,no,yes,no,no,no,no,no,no,no,no,no,no,no,no,yes,no,no,no,no,no,yes,13603,2,6754,2,1279,23722,2114,4940,9566,7856,60,39,994,878,2072,3780,5441,4204,7934,6611,83.32,10641,9718,9947,85.48,1209,yes
Matthew (Matt) anderson,71,3,no,no,no,no,no,no,no,no,no,no,no,no,no,no,no,no,no,no,no,no,no,no,no,no,no,no,no,no,no,no,no,no,no,no,13603,2,6754,2,1279,23722,2114,4940,9566,7856,60,39,994,878,2072,3780,5441,4204,7934,6611,83.32,10641,9718,9947,85.48,1209,no
Kelly Janes (KJ),71,3,no,no,no,no,no,no,no,no,no,no,no,no,no,no,no,no,no,no,no,no,no,no,no,no,no,no,no,no,no,no,no,no,no,no,13603,2,6754,2,1279,23722,2114,4940,9566,7856,60,39,994,878,2072,3780,5441,4204,7934,6611,83.32,10641,9718,9947,85.48,1209,no
Terry Parker,71,3,no,no,no,no,no,no,no,no,no,no,no,no,no,no,no,no,no,no,no,no,no,no,no,no,no,no,no,no,no,no,no,no,no,no,13603,2,6754,2,1279,23722,2114,4940,9566,7856,60,39,994,878,2072,3780,5441,4204,7934,6611,83.32,10641,9718,9947,85.48,1209,no
Heart Free Pham,71,3,no,no,no,no,no,no,no,no,no,no,no,no,no,no,no,no,no,no,no,no,no,no,no,no,no,no,no,no,no,no,no,no,no,no,13603,2,6754,2,1279,23722,2114,4940,9566,7856,60,39,994,878,2072,3780,5441,4204,7934,6611,83.32,10641,9718,9947,85.48,1209,no
Kenneth (Kent) R. Landgraver III,71,3,no,no,no,no,no,no,no,no,no,no,no,no,no,no,no,no,no,no,no,no,no,no,no,no,no,no,no,no,no,no,no,no,no,no,13603,2,6754,2,1279,23722,2114,4940,9566,7856,60,39,994,878,2072,3780,5441,4204,7934,6611,83.32,10641,9718,9947,85.48,1209,no
Brian Conley,71,3,no,no,no,no,no,no,no,no,no,no,no,no,no,no,no,no,no,no,no,no,no,no,no,no,no,no,no,no,no,no,no,no,no,no,13603,2,6754,2,1279,23722,2114,4940,9566,7856,60,39,994,878,2072,3780,5441,4204,7934,6611,83.32,10641,9718,9947,85.48,1209,no
Jesse Cornett,71,3,no,no,yes,no,no,yes,no,no,yes,yes,yes,no,no,yes,no,no,no,no,yes,no,yes,yes,no,no,no,no,no,no,yes,no,no,no,no,no,13603,2,6754,2,1279,23722,2114,4940,9566,7856,60,39,994,878,2072,3780,5441,4204,7934,6611,83.32,10641,9718,9947,85.48,1209,no
John Sweeney,71,3,no,no,no,no,no,no,no,no,no,no,no,no,no,no,no,no,no,no,no,no,no,no,no,no,no,no,no,no,no,no,no,no,no,no,13603,2,6754,2,1279,23722,2114,4940,9566,7856,60,39,994,878,2072,3780,5441,4204,7934,6611,83.32,10641,9718,9947,85.48,1209,no
Theo Hathaway Saner,71,3,no,yes,no,no,no,no,no,no,no,no,no,no,no,no,no,no,no,no,no,no,no,no,no,no,no,no,no,no,no,no,no,no,no,no,13603,2,6754,2,1279,23722,2114,4940,9566,7856,60,39,994,878,2072,3780,5441,4204,7934,6611,83.32,10641,9718,9947,85.48,1209,no
Luke Zak,71,3,no,no,no,no,no,no,no,yes,no,no,no,no,no,no,no,no,no,no,no,no,no,no,no,no,yes,no,no,no,no,no,no,yes,no,no,13603,2,6754,2,1279,23722,2114,4940,9566,7856,60,39,994,878,2072,3780,5441,4204,7934,6611,83.32,10641,9718,9947,85.48,1209,no
Daniel DeMelo,71,3,no,no,yes,no,no,no,yes,no,yes,no,yes,no,no,no,no,yes,yes,no,no,no,no,no,no,no,no,no,no,no,no,no,no,yes,no,no,13603,2,6754,2,1279,23722,2114,4940,9566,7856,60,39,994,878,2072,3780,5441,4204,7934,6611,83.32,10641,9718,9947,85.48,1209,no
Chris Flanary,71,3,no,no,no,no,no,no,no,no,no,no,no,no,no,no,no,no,no,no,no,no,no,no,no,no,no,no,no,no,no,no,no,no,no,no,13603,2,6754,2,1279,23722,2114,4940,9566,7856,60,39,994,878,2072,3780,5441,4204,7934,6611,83.32,10641,9718,9947,85.48,1209,no
Angelita Morillo ,71,3,no,no,no,no,no,no,no,no,no,no,no,no,no,no,no,no,no,no,no,no,no,no,no,no,no,no,no,no,no,no,no,no,no,no,13603,2,6754,2,1279,23722,2114,4940,9566,7856,60,39,994,878,2072,3780,5441,4204,7934,6611,83.32,10641,9718,9947,85.48,1209,no
Tiffany Koyama Lane,21,3,yes,no,no,no,yes,yes,no,yes,no,no,no,no,yes,no,yes,no,no,yes,no,yes,yes,yes,yes,yes,yes,yes,yes,yes,yes,yes,no,no,yes,no,22542,1,8209,2,3449,35429,3485,9716,14535,9952,38,61,2213,2199,4067,6468,6666,4202,9052,7588,83.83,10126,9762,9901,87.54,673,yes
Philippe Knab,21,3,no,no,no,no,no,no,no,no,no,no,no,yes,no,no,no,no,no,no,yes,no,no,no,no,no,no,no,no,no,no,no,no,no,no,no,22542,1,8209,2,3449,35429,3485,9716,14535,9952,38,61,2213,2199,4067,6468,6666,4202,9052,7588,83.83,10126,9762,9901,87.54,673,no
Harrison Kass,21,3,no,no,yes,no,no,no,no,no,no,no,no,no,no,no,no,yes,no,no,no,no,no,no,no,no,no,no,no,no,no,no,no,no,no,no,22542,1,8209,2,3449,35429,3485,9716,14535,9952,38,61,2213,2199,4067,6468,6666,4202,9052,7588,83.83,10126,9762,9901,87.54,673,no
Kezia Wanner,21,3,no,no,no,no,no,no,no,no,no,yes,no,no,no,no,no,yes,yes,no,no,no,no,no,no,no,no,no,no,no,no,no,no,no,no,no,22542,1,8209,2,3449,35429,3485,9716,14535,9952,38,61,2213,2199,4067,6468,6666,4202,9052,7588,83.83,10126,9762,9901,87.54,673,no
Jonathan (Jon) Walker,21,3,no,no,no,no,no,no,yes,no,no,no,no,no,no,no,no,no,no,no,no,no,no,no,no,no,no,no,no,no,no,no,no,no,no,no,22542,1,8209,2,3449,35429,3485,9716,14535,9952,38,61,2213,2199,4067,6468,6666,4202,9052,7588,83.83,10126,9762,9901,87.54,673,no
Melodie Beirwagen,21,3,no,no,no,no,no,no,no,no,no,no,no,no,no,no,no,no,no,no,no,no,no,no,no,no,no,no,no,no,no,no,no,no,no,no,22542,1,8209,2,3449,35429,3485,9716,14535,9952,38,61,2213,2199,4067,6468,6666,4202,9052,7588,83.83,10126,9762,9901,87.54,673,no
Sandeep Bali,21,3,no,no,no,no,no,no,no,no,no,no,no,no,no,no,no,no,no,no,no,no,no,no,no,no,no,no,no,no,no,no,no,no,no,no,22542,1,8209,2,3449,35429,3485,9716,14535,9952,38,61,2213,2199,4067,6468,6666,4202,9052,7588,83.83,10126,9762,9901,87.54,673,no
Rex Burkholder,21,3,no,no,no,no,no,no,no,no,no,no,yes,no,no,no,no,no,no,no,yes,no,no,yes,no,no,no,no,no,no,no,no,no,no,yes,no,22542,1,8209,2,3449,35429,3485,9716,14535,9952,38,61,2213,2199,4067,6468,6666,4202,9052,7588,83.83,10126,9762,9901,87.54,673,no
Christpher Brummer,21,3,no,no,no,no,no,no,no,no,no,no,no,no,no,no,no,no,no,no,no,no,no,no,no,no,no,no,no,no,no,no,no,no,no,no,22542,1,8209,2,3449,35429,3485,9716,14535,9952,38,61,2213,2199,4067,6468,6666,4202,9052,7588,83.83,10126,9762,9901,87.54,673,no
Cristal Azul Otero,21,3,no,no,no,no,no,no,no,no,no,no,no,yes,no,no,no,no,no,no,no,no,no,no,no,no,no,no,no,no,no,no,no,no,no,no,22542,1,8209,2,3449,35429,3485,9716,14535,9952,38,61,2213,2199,4067,6468,6666,4202,9052,7588,83.83,10126,9762,9901,87.54,673,no
Ahlam K Osman,21,3,no,yes,no,no,no,no,no,yes,no,no,no,no,no,no,no,no,no,no,no,no,no,no,no,no,no,no,no,no,no,no,no,no,no,no,22542,1,8209,2,3449,35429,3485,9716,14535,9952,38,61,2213,2199,4067,6468,6666,4202,9052,7588,83.83,10126,9762,9901,87.54,673,no
Dan Gilk,21,3,no,no,no,no,no,no,yes,no,no,no,no,no,no,no,no,no,no,no,no,no,no,no,no,no,no,no,no,no,no,no,no,no,no,no,22542,1,8209,2,3449,35429,3485,9716,14535,9952,38,61,2213,2199,4067,6468,6666,4202,9052,7588,83.83,10126,9762,9901,87.54,673,no
Steve Novick,21,3,no,no,no,no,no,no,no,no,no,yes,no,yes,no,no,yes,no,no,no,no,no,no,no,no,no,no,no,no,yes,no,no,no,no,no,yes,22542,1,8209,2,3449,35429,3485,9716,14535,9952,38,61,2213,2199,4067,6468,6666,4202,9052,7588,83.83,10126,9762,9901,87.54,673,yes
Matthew (Matt) anderson,21,3,no,no,no,no,no,no,no,no,no,no,no,no,no,no,no,no,no,no,no,no,no,no,no,no,no,no,no,no,no,no,no,no,no,no,22542,1,8209,2,3449,35429,3485,9716,14535,9952,38,61,2213,2199,4067,6468,6666,4202,9052,7588,83.83,10126,9762,9901,87.54,673,no
Kelly Janes (KJ),21,3,no,no,no,no,no,no,no,no,no,no,no,no,no,no,no,no,no,no,no,no,no,no,no,no,no,no,no,no,no,no,no,no,no,no,22542,1,8209,2,3449,35429,3485,9716,14535,9952,38,61,2213,2199,4067,6468,6666,4202,9052,7588,83.83,10126,9762,9901,87.54,673,no
Terry Parker,21,3,no,no,no,no,no,no,no,no,no,no,no,no,no,no,no,no,no,no,no,no,no,no,no,no,no,no,no,no,no,no,no,no,no,no,22542,1,8209,2,3449,35429,3485,9716,14535,9952,38,61,2213,2199,4067,6468,6666,4202,9052,7588,83.83,10126,9762,9901,87.54,673,no
Heart Free Pham,21,3,no,no,no,no,no,no,no,no,no,no,no,no,no,no,no,no,no,no,no,no,no,no,no,no,no,no,no,no,no,no,no,no,no,no,22542,1,8209,2,3449,35429,3485,9716,14535,9952,38,61,2213,2199,4067,6468,6666,4202,9052,7588,83.83,10126,9762,9901,87.54,673,no
Kenneth (Kent) R. Landgraver III,21,3,no,no,no,no,no,no,no,no,no,no,no,no,no,no,no,no,no,no,no,no,no,no,no,no,no,no,no,no,no,no,no,no,no,no,22542,1,8209,2,3449,35429,3485,9716,14535,9952,38,61,2213,2199,4067,6468,6666,4202,9052,7588,83.83,10126,9762,9901,87.54,673,no
Brian Conley,21,3,no,no,no,no,no,no,no,no,no,no,no,no,no,no,no,no,no,no,no,no,no,no,no,no,no,no,no,no,no,no,no,no,no,no,22542,1,8209,2,3449,35429,3485,9716,14535,9952,38,61,2213,2199,4067,6468,6666,4202,9052,7588,83.83,10126,9762,9901,87.54,673,no
Jesse Cornett,21,3,no,no,yes,no,no,yes,no,no,yes,yes,yes,no,no,yes,no,no,no,no,yes,no,yes,yes,no,no,no,no,no,no,yes,no,no,no,no,no,22542,1,8209,2,3449,35429,3485,9716,14535,9952,38,61,2213,2199,4067,6468,6666,4202,9052,7588,83.83,10126,9762,9901,87.54,673,no
John Sweeney,21,3,no,no,no,no,no,no,no,no,no,no,no,no,no,no,no,no,no,no,no,no,no,no,no,no,no,no,no,no,no,no,no,no,no,no,22542,1,8209,2,3449,35429,3485,9716,14535,9952,38,61,2213,2199,4067,6468,6666,4202,9052,7588,83.83,10126,9762,9901,87.54,673,no
Theo Hathaway Saner,21,3,no,yes,no,no,no,no,no,no,no,no,no,no,no,no,no,no,no,no,no,no,no,no,no,no,no,no,no,no,no,no,no,no,no,no,22542,1,8209,2,3449,35429,3485,9716,14535,9952,38,61,2213,2199,4067,6468,6666,4202,9052,7588,83.83,10126,9762,9901,87.54,673,no
Luke Zak,21,3,no,no,no,no,no,no,no,yes,no,no,no,no,no,no,no,no,no,no,no,no,no,no,no,no,yes,no,no,no,no,no,no,yes,no,no,22542,1,8209,2,3449,35429,3485,9716,14535,9952,38,61,2213,2199,4067,6468,6666,4202,9052,7588,83.83,10126,9762,9901,87.54,673,no
Daniel DeMelo,21,3,no,no,yes,no,no,no,yes,no,yes,no,yes,no,no,no,no,yes,yes,no,no,no,no,no,no,no,no,no,no,no,no,no,no,yes,no,no,22542,1,8209,2,3449,35429,3485,9716,14535,9952,38,61,2213,2199,4067,6468,6666,4202,9052,7588,83.83,10126,9762,9901,87.54,673,no
Chris Flanary,21,3,no,no,no,no,no,no,no,no,no,no,no,no,no,no,no,no,no,no,no,no,no,no,no,no,no,no,no,no,no,no,no,no,no,no,22542,1,8209,2,3449,35429,3485,9716,14535,9952,38,61,2213,2199,4067,6468,6666,4202,9052,7588,83.83,10126,9762,9901,87.54,673,no
Angelita Morillo ,21,3,no,no,no,no,no,no,no,no,no,no,no,no,no,no,no,no,no,no,no,no,no,no,no,no,no,no,no,no,no,no,no,no,no,no,22542,1,8209,2,3449,35429,3485,9716,14535,9952,38,61,2213,2199,4067,6468,6666,4202,9052,7588,83.83,10126,9762,9901,87.54,673,no
Tiffany Koyama Lane,68,3,yes,no,no,no,yes,yes,no,yes,no,no,no,no,yes,no,yes,no,no,yes,no,yes,yes,yes,yes,yes,yes,yes,yes,yes,yes,yes,no,no,yes,no,16259,2,9183,2,1802,29709,4071,7618,10761,7453,66,33,1235,980,3046,4869,5773,4601,7950,6334,79.67,11401,11329,11527,83.08,1334,yes
Philippe Knab,68,3,no,no,no,no,no,no,no,no,no,no,no,yes,no,no,no,no,no,no,yes,no,no,no,no,no,no,no,no,no,no,no,no,no,no,no,16259,2,9183,2,1802,29709,4071,7618,10761,7453,66,33,1235,980,3046,4869,5773,4601,7950,6334,79.67,11401,11329,11527,83.08,1334,no
Harrison Kass,68,3,no,no,yes,no,no,no,no,no,no,no,no,no,no,no,no,yes,no,no,no,no,no,no,no,no,no,no,no,no,no,no,no,no,no,no,16259,2,9183,2,1802,29709,4071,7618,10761,7453,66,33,1235,980,3046,4869,5773,4601,7950,6334,79.67,11401,11329,11527,83.08,1334,no
Kezia Wanner,68,3,no,no,no,no,no,no,no,no,no,yes,no,no,no,no,no,yes,yes,no,no,no,no,no,no,no,no,no,no,no,no,no,no,no,no,no,16259,2,9183,2,1802,29709,4071,7618,10761,7453,66,33,1235,980,3046,4869,5773,4601,7950,6334,79.67,11401,11329,11527,83.08,1334,no
Jonathan (Jon) Walker,68,3,no,no,no,no,no,no,yes,no,no,no,no,no,no,no,no,no,no,no,no,no,no,no,no,no,no,no,no,no,no,no,no,no,no,no,16259,2,9183,2,1802,29709,4071,7618,10761,7453,66,33,1235,980,3046,4869,5773,4601,7950,6334,79.67,11401,11329,11527,83.08,1334,no
Melodie Beirwagen,68,3,no,no,no,no,no,no,no,no,no,no,no,no,no,no,no,no,no,no,no,no,no,no,no,no,no,no,no,no,no,no,no,no,no,no,16259,2,9183,2,1802,29709,4071,7618,10761,7453,66,33,1235,980,3046,4869,5773,4601,7950,6334,79.67,11401,11329,11527,83.08,1334,no
Sandeep Bali,68,3,no,no,no,no,no,no,no,no,no,no,no,no,no,no,no,no,no,no,no,no,no,no,no,no,no,no,no,no,no,no,no,no,no,no,16259,2,9183,2,1802,29709,4071,7618,10761,7453,66,33,1235,980,3046,4869,5773,4601,7950,6334,79.67,11401,11329,11527,83.08,1334,no
Rex Burkholder,68,3,no,no,no,no,no,no,no,no,no,no,yes,no,no,no,no,no,no,no,yes,no,no,yes,no,no,no,no,no,no,no,no,no,no,yes,no,16259,2,9183,2,1802,29709,4071,7618,10761,7453,66,33,1235,980,3046,4869,5773,4601,7950,6334,79.67,11401,11329,11527,83.08,1334,no
Christpher Brummer,68,3,no,no,no,no,no,no,no,no,no,no,no,no,no,no,no,no,no,no,no,no,no,no,no,no,no,no,no,no,no,no,no,no,no,no,16259,2,9183,2,1802,29709,4071,7618,10761,7453,66,33,1235,980,3046,4869,5773,4601,7950,6334,79.67,11401,11329,11527,83.08,1334,no
Cristal Azul Otero,68,3,no,no,no,no,no,no,no,no,no,no,no,yes,no,no,no,no,no,no,no,no,no,no,no,no,no,no,no,no,no,no,no,no,no,no,16259,2,9183,2,1802,29709,4071,7618,10761,7453,66,33,1235,980,3046,4869,5773,4601,7950,6334,79.67,11401,11329,11527,83.08,1334,no
Ahlam K Osman,68,3,no,yes,no,no,no,no,no,yes,no,no,no,no,no,no,no,no,no,no,no,no,no,no,no,no,no,no,no,no,no,no,no,no,no,no,16259,2,9183,2,1802,29709,4071,7618,10761,7453,66,33,1235,980,3046,4869,5773,4601,7950,6334,79.67,11401,11329,11527,83.08,1334,no
Dan Gilk,68,3,no,no,no,no,no,no,yes,no,no,no,no,no,no,no,no,no,no,no,no,no,no,no,no,no,no,no,no,no,no,no,no,no,no,no,16259,2,9183,2,1802,29709,4071,7618,10761,7453,66,33,1235,980,3046,4869,5773,4601,7950,6334,79.67,11401,11329,11527,83.08,1334,no
Steve Novick,68,3,no,no,no,no,no,no,no,no,no,yes,no,yes,no,no,yes,no,no,no,no,no,no,no,no,no,no,no,no,yes,no,no,no,no,no,yes,16259,2,9183,2,1802,29709,4071,7618,10761,7453,66,33,1235,980,3046,4869,5773,4601,7950,6334,79.67,11401,11329,11527,83.08,1334,yes
Matthew (Matt) anderson,68,3,no,no,no,no,no,no,no,no,no,no,no,no,no,no,no,no,no,no,no,no,no,no,no,no,no,no,no,no,no,no,no,no,no,no,16259,2,9183,2,1802,29709,4071,7618,10761,7453,66,33,1235,980,3046,4869,5773,4601,7950,6334,79.67,11401,11329,11527,83.08,1334,no
Kelly Janes (KJ),68,3,no,no,no,no,no,no,no,no,no,no,no,no,no,no,no,no,no,no,no,no,no,no,no,no,no,no,no,no,no,no,no,no,no,no,16259,2,9183,2,1802,29709,4071,7618,10761,7453,66,33,1235,980,3046,4869,5773,4601,7950,6334,79.67,11401,11329,11527,83.08,1334,no
Terry Parker,68,3,no,no,no,no,no,no,no,no,no,no,no,no,no,no,no,no,no,no,no,no,no,no,no,no,no,no,no,no,no,no,no,no,no,no,16259,2,9183,2,1802,29709,4071,7618,10761,7453,66,33,1235,980,3046,4869,5773,4601,7950,6334,79.67,11401,11329,11527,83.08,1334,no
Heart Free Pham,68,3,no,no,no,no,no,no,no,no,no,no,no,no,no,no,no,no,no,no,no,no,no,no,no,no,no,no,no,no,no,no,no,no,no,no,16259,2,9183,2,1802,29709,4071,7618,10761,7453,66,33,1235,980,3046,4869,5773,4601,7950,6334,79.67,11401,11329,11527,83.08,1334,no
Kenneth (Kent) R. Landgraver III,68,3,no,no,no,no,no,no,no,no,no,no,no,no,no,no,no,no,no,no,no,no,no,no,no,no,no,no,no,no,no,no,no,no,no,no,16259,2,9183,2,1802,29709,4071,7618,10761,7453,66,33,1235,980,3046,4869,5773,4601,7950,6334,79.67,11401,11329,11527,83.08,1334,no
Brian Conley,68,3,no,no,no,no,no,no,no,no,no,no,no,no,no,no,no,no,no,no,no,no,no,no,no,no,no,no,no,no,no,no,no,no,no,no,16259,2,9183,2,1802,29709,4071,7618,10761,7453,66,33,1235,980,3046,4869,5773,4601,7950,6334,79.67,11401,11329,11527,83.08,1334,no
Jesse Cornett,68,3,no,no,yes,no,no,yes,no,no,yes,yes,yes,no,no,yes,no,no,no,no,yes,no,yes,yes,no,no,no,no,no,no,yes,no,no,no,no,no,16259,2,9183,2,1802,29709,4071,7618,10761,7453,66,33,1235,980,3046,4869,5773,4601,7950,6334,79.67,11401,11329,11527,83.08,1334,no
John Sweeney,68,3,no,no,no,no,no,no,no,no,no,no,no,no,no,no,no,no,no,no,no,no,no,no,no,no,no,no,no,no,no,no,no,no,no,no,16259,2,9183,2,1802,29709,4071,7618,10761,7453,66,33,1235,980,3046,4869,5773,4601,7950,6334,79.67,11401,11329,11527,83.08,1334,no
Theo Hathaway Saner,68,3,no,yes,no,no,no,no,no,no,no,no,no,no,no,no,no,no,no,no,no,no,no,no,no,no,no,no,no,no,no,no,no,no,no,no,16259,2,9183,2,1802,29709,4071,7618,10761,7453,66,33,1235,980,3046,4869,5773,4601,7950,6334,79.67,11401,11329,11527,83.08,1334,no
Luke Zak,68,3,no,no,no,no,no,no,no,yes,no,no,no,no,no,no,no,no,no,no,no,no,no,no,no,no,yes,no,no,no,no,no,no,yes,no,no,16259,2,9183,2,1802,29709,4071,7618,10761,7453,66,33,1235,980,3046,4869,5773,4601,7950,6334,79.67,11401,11329,11527,83.08,1334,no
Daniel DeMelo,68,3,no,no,yes,no,no,no,yes,no,yes,no,yes,no,no,no,no,yes,yes,no,no,no,no,no,no,no,no,no,no,no,no,no,no,yes,no,no,16259,2,9183,2,1802,29709,4071,7618,10761,7453,66,33,1235,980,3046,4869,5773,4601,7950,6334,79.67,11401,11329,11527,83.08,1334,no
Chris Flanary,68,3,no,no,no,no,no,no,no,no,no,no,no,no,no,no,no,no,no,no,no,no,no,no,no,no,no,no,no,no,no,no,no,no,no,no,16259,2,9183,2,1802,29709,4071,7618,10761,7453,66,33,1235,980,3046,4869,5773,4601,7950,6334,79.67,11401,11329,11527,83.08,1334,no
Angelita Morillo ,68,3,no,no,no,no,no,no,no,no,no,no,no,no,no,no,no,no,no,no,no,no,no,no,no,no,no,no,no,no,no,no,no,no,no,no,16259,2,9183,2,1802,29709,4071,7618,10761,7453,66,33,1235,980,3046,4869,5773,4601,7950,6334,79.67,11401,11329,11527,83.08,1334,no
Tiffany Koyama Lane,45,3,yes,no,no,no,yes,yes,no,yes,no,no,no,no,yes,no,yes,no,no,yes,no,yes,yes,yes,yes,yes,yes,yes,yes,yes,yes,yes,no,no,yes,no,16387,1,4266,2,1958,24320,3353,6564,8903,6100,22,77,2461,1911,3094,4009,3464,4205,8756,6659,76.05,7980,8576,8833,81.47,1337,yes
Philippe Knab,45,3,no,no,no,no,no,no,no,no,no,no,no,yes,no,no,no,no,no,no,yes,no,no,no,no,no,no,no,no,no,no,no,no,no,no,no,16387,1,4266,2,1958,24320,3353,6564,8903,6100,22,77,2461,1911,3094,4009,3464,4205,8756,6659,76.05,7980,8576,8833,81.47,1337,no
Harrison Kass,45,3,no,no,yes,no,no,no,no,no,no,no,no,no,no,no,no,yes,no,no,no,no,no,no,no,no,no,no,no,no,no,no,no,no,no,no,16387,1,4266,2,1958,24320,3353,6564,8903,6100,22,77,2461,1911,3094,4009,3464,4205,8756,6659,76.05,7980,8576,8833,81.47,1337,no
Kezia Wanner,45,3,no,no,no,no,no,no,no,no,no,yes,no,no,no,no,no,yes,yes,no,no,no,no,no,no,no,no,no,no,no,no,no,no,no,no,no,16387,1,4266,2,1958,24320,3353,6564,8903,6100,22,77,2461,1911,3094,4009,3464,4205,8756,6659,76.05,7980,8576,8833,81.47,1337,no
Jonathan (Jon) Walker,45,3,no,no,no,no,no,no,yes,no,no,no,no,no,no,no,no,no,no,no,no,no,no,no,no,no,no,no,no,no,no,no,no,no,no,no,16387,1,4266,2,1958,24320,3353,6564,8903,6100,22,77,2461,1911,3094,4009,3464,4205,8756,6659,76.05,7980,8576,8833,81.47,1337,no
Melodie Beirwagen,45,3,no,no,no,no,no,no,no,no,no,no,no,no,no,no,no,no,no,no,no,no,no,no,no,no,no,no,no,no,no,no,no,no,no,no,16387,1,4266,2,1958,24320,3353,6564,8903,6100,22,77,2461,1911,3094,4009,3464,4205,8756,6659,76.05,7980,8576,8833,81.47,1337,no
Sandeep Bali,45,3,no,no,no,no,no,no,no,no,no,no,no,no,no,no,no,no,no,no,no,no,no,no,no,no,no,no,no,no,no,no,no,no,no,no,16387,1,4266,2,1958,24320,3353,6564,8903,6100,22,77,2461,1911,3094,4009,3464,4205,8756,6659,76.05,7980,8576,8833,81.47,1337,no
Rex Burkholder,45,3,no,no,no,no,no,no,no,no,no,no,yes,no,no,no,no,no,no,no,yes,no,no,yes,no,no,no,no,no,no,no,no,no,no,yes,no,16387,1,4266,2,1958,24320,3353,6564,8903,6100,22,77,2461,1911,3094,4009,3464,4205,8756,6659,76.05,7980,8576,8833,81.47,1337,no
Christpher Brummer,45,3,no,no,no,no,no,no,no,no,no,no,no,no,no,no,no,no,no,no,no,no,no,no,no,no,no,no,no,no,no,no,no,no,no,no,16387,1,4266,2,1958,24320,3353,6564,8903,6100,22,77,2461,1911,3094,4009,3464,4205,8756,6659,76.05,7980,8576,8833,81.47,1337,no
Cristal Azul Otero,45,3,no,no,no,no,no,no,no,no,no,no,no,yes,no,no,no,no,no,no,no,no,no,no,no,no,no,no,no,no,no,no,no,no,no,no,16387,1,4266,2,1958,24320,3353,6564,8903,6100,22,77,2461,1911,3094,4009,3464,4205,8756,6659,76.05,7980,8576,8833,81.47,1337,no
Ahlam K Osman,45,3,no,yes,no,no,no,no,no,yes,no,no,no,no,no,no,no,no,no,no,no,no,no,no,no,no,no,no,no,no,no,no,no,no,no,no,16387,1,4266,2,1958,24320,3353,6564,8903,6100,22,77,2461,1911,3094,4009,3464,4205,8756,6659,76.05,7980,8576,8833,81.47,1337,no
Dan Gilk,45,3,no,no,no,no,no,no,yes,no,no,no,no,no,no,no,no,no,no,no,no,no,no,no,no,no,no,no,no,no,no,no,no,no,no,no,16387,1,4266,2,1958,24320,3353,6564,8903,6100,22,77,2461,1911,3094,4009,3464,4205,8756,6659,76.05,7980,8576,8833,81.47,1337,no
Steve Novick,45,3,no,no,no,no,no,no,no,no,no,yes,no,yes,no,no,yes,no,no,no,no,no,no,no,no,no,no,no,no,yes,no,no,no,no,no,yes,16387,1,4266,2,1958,24320,3353,6564,8903,6100,22,77,2461,1911,3094,4009,3464,4205,8756,6659,76.05,7980,8576,8833,81.47,1337,yes
Matthew (Matt) anderson,45,3,no,no,no,no,no,no,no,no,no,no,no,no,no,no,no,no,no,no,no,no,no,no,no,no,no,no,no,no,no,no,no,no,no,no,16387,1,4266,2,1958,24320,3353,6564,8903,6100,22,77,2461,1911,3094,4009,3464,4205,8756,6659,76.05,7980,8576,8833,81.47,1337,no
Kelly Janes (KJ),45,3,no,no,no,no,no,no,no,no,no,no,no,no,no,no,no,no,no,no,no,no,no,no,no,no,no,no,no,no,no,no,no,no,no,no,16387,1,4266,2,1958,24320,3353,6564,8903,6100,22,77,2461,1911,3094,4009,3464,4205,8756,6659,76.05,7980,8576,8833,81.47,1337,no
Terry Parker,45,3,no,no,no,no,no,no,no,no,no,no,no,no,no,no,no,no,no,no,no,no,no,no,no,no,no,no,no,no,no,no,no,no,no,no,16387,1,4266,2,1958,24320,3353,6564,8903,6100,22,77,2461,1911,3094,4009,3464,4205,8756,6659,76.05,7980,8576,8833,81.47,1337,no
Heart Free Pham,45,3,no,no,no,no,no,no,no,no,no,no,no,no,no,no,no,no,no,no,no,no,no,no,no,no,no,no,no,no,no,no,no,no,no,no,16387,1,4266,2,1958,24320,3353,6564,8903,6100,22,77,2461,1911,3094,4009,3464,4205,8756,6659,76.05,7980,8576,8833,81.47,1337,no
Kenneth (Kent) R. Landgraver III,45,3,no,no,no,no,no,no,no,no,no,no,no,no,no,no,no,no,no,no,no,no,no,no,no,no,no,no,no,no,no,no,no,no,no,no,16387,1,4266,2,1958,24320,3353,6564,8903,6100,22,77,2461,1911,3094,4009,3464,4205,8756,6659,76.05,7980,8576,8833,81.47,1337,no
Brian Conley,45,3,no,no,no,no,no,no,no,no,no,no,no,no,no,no,no,no,no,no,no,no,no,no,no,no,no,no,no,no,no,no,no,no,no,no,16387,1,4266,2,1958,24320,3353,6564,8903,6100,22,77,2461,1911,3094,4009,3464,4205,8756,6659,76.05,7980,8576,8833,81.47,1337,no
Jesse Cornett,45,3,no,no,yes,no,no,yes,no,no,yes,yes,yes,no,no,yes,no,no,no,no,yes,no,yes,yes,no,no,no,no,no,no,yes,no,no,no,no,no,16387,1,4266,2,1958,24320,3353,6564,8903,6100,22,77,2461,1911,3094,4009,3464,4205,8756,6659,76.05,7980,8576,8833,81.47,1337,no
John Sweeney,45,3,no,no,no,no,no,no,no,no,no,no,no,no,no,no,no,no,no,no,no,no,no,no,no,no,no,no,no,no,no,no,no,no,no,no,16387,1,4266,2,1958,24320,3353,6564,8903,6100,22,77,2461,1911,3094,4009,3464,4205,8756,6659,76.05,7980,8576,8833,81.47,1337,no
Theo Hathaway Saner,45,3,no,yes,no,no,no,no,no,no,no,no,no,no,no,no,no,no,no,no,no,no,no,no,no,no,no,no,no,no,no,no,no,no,no,no,16387,1,4266,2,1958,24320,3353,6564,8903,6100,22,77,2461,1911,3094,4009,3464,4205,8756,6659,76.05,7980,8576,8833,81.47,1337,no
Luke Zak,45,3,no,no,no,no,no,no,no,yes,no,no,no,no,no,no,no,no,no,no,no,no,no,no,no,no,yes,no,no,no,no,no,no,yes,no,no,16387,1,4266,2,1958,24320,3353,6564,8903,6100,22,77,2461,1911,3094,4009,3464,4205,8756,6659,76.05,7980,8576,8833,81.47,1337,no
Daniel DeMelo,45,3,no,no,yes,no,no,no,yes,no,yes,no,yes,no,no,no,no,yes,yes,no,no,no,no,no,no,no,no,no,no,no,no,no,no,yes,no,no,16387,1,4266,2,1958,24320,3353,6564,8903,6100,22,77,2461,1911,3094,4009,3464,4205,8756,6659,76.05,7980,8576,8833,81.47,1337,no
Chris Flanary,45,3,no,no,no,no,no,no,no,no,no,no,no,no,no,no,no,no,no,no,no,no,no,no,no,no,no,no,no,no,no,no,no,no,no,no,16387,1,4266,2,1958,24320,3353,6564,8903,6100,22,77,2461,1911,3094,4009,3464,4205,8756,6659,76.05,7980,8576,8833,81.47,1337,no
Angelita Morillo ,45,3,no,no,no,no,no,no,no,no,no,no,no,no,no,no,no,no,no,no,no,no,no,no,no,no,no,no,no,no,no,no,no,no,no,no,16387,1,4266,2,1958,24320,3353,6564,8903,6100,22,77,2461,1911,3094,4009,3464,4205,8756,6659,76.05,7980,8576,8833,81.47,1337,no
Tiffany Koyama Lane,40,3,yes,no,no,no,yes,yes,no,yes,no,no,no,no,yes,no,yes,no,no,yes,no,yes,yes,yes,yes,yes,yes,yes,yes,yes,yes,yes,no,no,yes,no,12607,2,6514,2,3136,22048,3070,6651,8757,5799,61,38,987,898,1898,3989,4316,4104,6097,5073,83.2,6327,5938,5930,86.71,1014,yes
Philippe Knab,40,3,no,no,no,no,no,no,no,no,no,no,no,yes,no,no,no,no,no,no,yes,no,no,no,no,no,no,no,no,no,no,no,no,no,no,no,12607,2,6514,2,3136,22048,3070,6651,8757,5799,61,38,987,898,1898,3989,4316,4104,6097,5073,83.2,6327,5938,5930,86.71,1014,no
Harrison Kass,40,3,no,no,yes,no,no,no,no,no,no,no,no,no,no,no,no,yes,no,no,no,no,no,no,no,no,no,no,no,no,no,no,no,no,no,no,12607,2,6514,2,3136,22048,3070,6651,8757,5799,61,38,987,898,1898,3989,4316,4104,6097,5073,83.2,6327,5938,5930,86.71,1014,no
Kezia Wanner,40,3,no,no,no,no,no,no,no,no,no,yes,no,no,no,no,no,yes,yes,no,no,no,no,no,no,no,no,no,no,no,no,no,no,no,no,no,12607,2,6514,2,3136,22048,3070,6651,8757,5799,61,38,987,898,1898,3989,4316,4104,6097,5073,83.2,6327,5938,5930,86.71,1014,no
Jonathan (Jon) Walker,40,3,no,no,no,no,no,no,yes,no,no,no,no,no,no,no,no,no,no,no,no,no,no,no,no,no,no,no,no,no,no,no,no,no,no,no,12607,2,6514,2,3136,22048,3070,6651,8757,5799,61,38,987,898,1898,3989,4316,4104,6097,5073,83.2,6327,5938,5930,86.71,1014,no
Melodie Beirwagen,40,3,no,no,no,no,no,no,no,no,no,no,no,no,no,no,no,no,no,no,no,no,no,no,no,no,no,no,no,no,no,no,no,no,no,no,12607,2,6514,2,3136,22048,3070,6651,8757,5799,61,38,987,898,1898,3989,4316,4104,6097,5073,83.2,6327,5938,5930,86.71,1014,no
Sandeep Bali,40,3,no,no,no,no,no,no,no,no,no,no,no,no,no,no,no,no,no,no,no,no,no,no,no,no,no,no,no,no,no,no,no,no,no,no,12607,2,6514,2,3136,22048,3070,6651,8757,5799,61,38,987,898,1898,3989,4316,4104,6097,5073,83.2,6327,5938,5930,86.71,1014,no
Rex Burkholder,40,3,no,no,no,no,no,no,no,no,no,no,yes,no,no,no,no,no,no,no,yes,no,no,yes,no,no,no,no,no,no,no,no,no,no,yes,no,12607,2,6514,2,3136,22048,3070,6651,8757,5799,61,38,987,898,1898,3989,4316,4104,6097,5073,83.2,6327,5938,5930,86.71,1014,no
Christpher Brummer,40,3,no,no,no,no,no,no,no,no,no,no,no,no,no,no,no,no,no,no,no,no,no,no,no,no,no,no,no,no,no,no,no,no,no,no,12607,2,6514,2,3136,22048,3070,6651,8757,5799,61,38,987,898,1898,3989,4316,4104,6097,5073,83.2,6327,5938,5930,86.71,1014,no
Cristal Azul Otero,40,3,no,no,no,no,no,no,no,no,no,no,no,yes,no,no,no,no,no,no,no,no,no,no,no,no,no,no,no,no,no,no,no,no,no,no,12607,2,6514,2,3136,22048,3070,6651,8757,5799,61,38,987,898,1898,3989,4316,4104,6097,5073,83.2,6327,5938,5930,86.71,1014,no
Ahlam K Osman,40,3,no,yes,no,no,no,no,no,yes,no,no,no,no,no,no,no,no,no,no,no,no,no,no,no,no,no,no,no,no,no,no,no,no,no,no,12607,2,6514,2,3136,22048,3070,6651,8757,5799,61,38,987,898,1898,3989,4316,4104,6097,5073,83.2,6327,5938,5930,86.71,1014,no
Dan Gilk,40,3,no,no,no,no,no,no,yes,no,no,no,no,no,no,no,no,no,no,no,no,no,no,no,no,no,no,no,no,no,no,no,no,no,no,no,12607,2,6514,2,3136,22048,3070,6651,8757,5799,61,38,987,898,1898,3989,4316,4104,6097,5073,83.2,6327,5938,5930,86.71,1014,no
Steve Novick,40,3,no,no,no,no,no,no,no,no,no,yes,no,yes,no,no,yes,no,no,no,no,no,no,no,no,no,no,no,no,yes,no,no,no,no,no,yes,12607,2,6514,2,3136,22048,3070,6651,8757,5799,61,38,987,898,1898,3989,4316,4104,6097,5073,83.2,6327,5938,5930,86.71,1014,yes
Matthew (Matt) anderson,40,3,no,no,no,no,no,no,no,no,no,no,no,no,no,no,no,no,no,no,no,no,no,no,no,no,no,no,no,no,no,no,no,no,no,no,12607,2,6514,2,3136,22048,3070,6651,8757,5799,61,38,987,898,1898,3989,4316,4104,6097,5073,83.2,6327,5938,5930,86.71,1014,no
Kelly Janes (KJ),40,3,no,no,no,no,no,no,no,no,no,no,no,no,no,no,no,no,no,no,no,no,no,no,no,no,no,no,no,no,no,no,no,no,no,no,12607,2,6514,2,3136,22048,3070,6651,8757,5799,61,38,987,898,1898,3989,4316,4104,6097,5073,83.2,6327,5938,5930,86.71,1014,no
Terry Parker,40,3,no,no,no,no,no,no,no,no,no,no,no,no,no,no,no,no,no,no,no,no,no,no,no,no,no,no,no,no,no,no,no,no,no,no,12607,2,6514,2,3136,22048,3070,6651,8757,5799,61,38,987,898,1898,3989,4316,4104,6097,5073,83.2,6327,5938,5930,86.71,1014,no
Heart Free Pham,40,3,no,no,no,no,no,no,no,no,no,no,no,no,no,no,no,no,no,no,no,no,no,no,no,no,no,no,no,no,no,no,no,no,no,no,12607,2,6514,2,3136,22048,3070,6651,8757,5799,61,38,987,898,1898,3989,4316,4104,6097,5073,83.2,6327,5938,5930,86.71,1014,no
Kenneth (Kent) R. Landgraver III,40,3,no,no,no,no,no,no,no,no,no,no,no,no,no,no,no,no,no,no,no,no,no,no,no,no,no,no,no,no,no,no,no,no,no,no,12607,2,6514,2,3136,22048,3070,6651,8757,5799,61,38,987,898,1898,3989,4316,4104,6097,5073,83.2,6327,5938,5930,86.71,1014,no
Brian Conley,40,3,no,no,no,no,no,no,no,no,no,no,no,no,no,no,no,no,no,no,no,no,no,no,no,no,no,no,no,no,no,no,no,no,no,no,12607,2,6514,2,3136,22048,3070,6651,8757,5799,61,38,987,898,1898,3989,4316,4104,6097,5073,83.2,6327,5938,5930,86.71,1014,no
Jesse Cornett,40,3,no,no,yes,no,no,yes,no,no,yes,yes,yes,no,no,yes,no,no,no,no,yes,no,yes,yes,no,no,no,no,no,no,yes,no,no,no,no,no,12607,2,6514,2,3136,22048,3070,6651,8757,5799,61,38,987,898,1898,3989,4316,4104,6097,5073,83.2,6327,5938,5930,86.71,1014,no
John Sweeney,40,3,no,no,no,no,no,no,no,no,no,no,no,no,no,no,no,no,no,no,no,no,no,no,no,no,no,no,no,no,no,no,no,no,no,no,12607,2,6514,2,3136,22048,3070,6651,8757,5799,61,38,987,898,1898,3989,4316,4104,6097,5073,83.2,6327,5938,5930,86.71,1014,no
Theo Hathaway Saner,40,3,no,yes,no,no,no,no,no,no,no,no,no,no,no,no,no,no,no,no,no,no,no,no,no,no,no,no,no,no,no,no,no,no,no,no,12607,2,6514,2,3136,22048,3070,6651,8757,5799,61,38,987,898,1898,3989,4316,4104,6097,5073,83.2,6327,5938,5930,86.71,1014,no
Luke Zak,40,3,no,no,no,no,no,no,no,yes,no,no,no,no,no,no,no,no,no,no,no,no,no,no,no,no,yes,no,no,no,no,no,no,yes,no,no,12607,2,6514,2,3136,22048,3070,6651,8757,5799,61,38,987,898,1898,3989,4316,4104,6097,5073,83.2,6327,5938,5930,86.71,1014,no
Daniel DeMelo,40,3,no,no,yes,no,no,no,yes,no,yes,no,yes,no,no,no,no,yes,yes,no,no,no,no,no,no,no,no,no,no,no,no,no,no,yes,no,no,12607,2,6514,2,3136,22048,3070,6651,8757,5799,61,38,987,898,1898,3989,4316,4104,6097,5073,83.2,6327,5938,5930,86.71,1014,no
Chris Flanary,40,3,no,no,no,no,no,no,no,no,no,no,no,no,no,no,no,no,no,no,no,no,no,no,no,no,no,no,no,no,no,no,no,no,no,no,12607,2,6514,2,3136,22048,3070,6651,8757,5799,61,38,987,898,1898,3989,4316,4104,6097,5073,83.2,6327,5938,5930,86.71,1014,no
Angelita Morillo ,40,3,no,no,no,no,no,no,no,no,no,no,no,no,no,no,no,no,no,no,no,no,no,no,no,no,no,no,no,no,no,no,no,no,no,no,12607,2,6514,2,3136,22048,3070,6651,8757,5799,61,38,987,898,1898,3989,4316,4104,6097,5073,83.2,6327,5938,5930,86.71,1014,no
Tiffany Koyama Lane,70,3,yes,no,no,no,yes,yes,no,yes,no,no,no,no,yes,no,yes,no,no,yes,no,yes,yes,yes,yes,yes,yes,yes,yes,yes,yes,yes,no,no,yes,no,15154,2,6822,2,3162,25489,3117,7612,10326,6740,49,50,980,1348,2749,4588,4746,4203,8261,6750,81.71,10947,10728,11141,78.47,1410,yes
Philippe Knab,70,3,no,no,no,no,no,no,no,no,no,no,no,yes,no,no,no,no,no,no,yes,no,no,no,no,no,no,no,no,no,no,no,no,no,no,no,15154,2,6822,2,3162,25489,3117,7612,10326,6740,49,50,980,1348,2749,4588,4746,4203,8261,6750,81.71,10947,10728,11141,78.47,1410,no
Harrison Kass,70,3,no,no,yes,no,no,no,no,no,no,no,no,no,no,no,no,yes,no,no,no,no,no,no,no,no,no,no,no,no,no,no,no,no,no,no,15154,2,6822,2,3162,25489,3117,7612,10326,6740,49,50,980,1348,2749,4588,4746,4203,8261,6750,81.71,10947,10728,11141,78.47,1410,no
Kezia Wanner,70,3,no,no,no,no,no,no,no,no,no,yes,no,no,no,no,no,yes,yes,no,no,no,no,no,no,no,no,no,no,no,no,no,no,no,no,no,15154,2,6822,2,3162,25489,3117,7612,10326,6740,49,50,980,1348,2749,4588,4746,4203,8261,6750,81.71,10947,10728,11141,78.47,1410,no
Jonathan (Jon) Walker,70,3,no,no,no,no,no,no,yes,no,no,no,no,no,no,no,no,no,no,no,no,no,no,no,no,no,no,no,no,no,no,no,no,no,no,no,15154,2,6822,2,3162,25489,3117,7612,10326,6740,49,50,980,1348,2749,4588,4746,4203,8261,6750,81.71,10947,10728,11141,78.47,1410,no
Melodie Beirwagen,70,3,no,no,no,no,no,no,no,no,no,no,no,no,no,no,no,no,no,no,no,no,no,no,no,no,no,no,no,no,no,no,no,no,no,no,15154,2,6822,2,3162,25489,3117,7612,10326,6740,49,50,980,1348,2749,4588,4746,4203,8261,6750,81.71,10947,10728,11141,78.47,1410,no
Sandeep Bali,70,3,no,no,no,no,no,no,no,no,no,no,no,no,no,no,no,no,no,no,no,no,no,no,no,no,no,no,no,no,no,no,no,no,no,no,15154,2,6822,2,3162,25489,3117,7612,10326,6740,49,50,980,1348,2749,4588,4746,4203,8261,6750,81.71,10947,10728,11141,78.47,1410,no
Rex Burkholder,70,3,no,no,no,no,no,no,no,no,no,no,yes,no,no,no,no,no,no,no,yes,no,no,yes,no,no,no,no,no,no,no,no,no,no,yes,no,15154,2,6822,2,3162,25489,3117,7612,10326,6740,49,50,980,1348,2749,4588,4746,4203,8261,6750,81.71,10947,10728,11141,78.47,1410,no
Christpher Brummer,70,3,no,no,no,no,no,no,no,no,no,no,no,no,no,no,no,no,no,no,no,no,no,no,no,no,no,no,no,no,no,no,no,no,no,no,15154,2,6822,2,3162,25489,3117,7612,10326,6740,49,50,980,1348,2749,4588,4746,4203,8261,6750,81.71,10947,10728,11141,78.47,1410,no
Cristal Azul Otero,70,3,no,no,no,no,no,no,no,no,no,no,no,yes,no,no,no,no,no,no,no,no,no,no,no,no,no,no,no,no,no,no,no,no,no,no,15154,2,6822,2,3162,25489,3117,7612,10326,6740,49,50,980,1348,2749,4588,4746,4203,8261,6750,81.71,10947,10728,11141,78.47,1410,no
Ahlam K Osman,70,3,no,yes,no,no,no,no,no,yes,no,no,no,no,no,no,no,no,no,no,no,no,no,no,no,no,no,no,no,no,no,no,no,no,no,no,15154,2,6822,2,3162,25489,3117,7612,10326,6740,49,50,980,1348,2749,4588,4746,4203,8261,6750,81.71,10947,10728,11141,78.47,1410,no
Dan Gilk,70,3,no,no,no,no,no,no,yes,no,no,no,no,no,no,no,no,no,no,no,no,no,no,no,no,no,no,no,no,no,no,no,no,no,no,no,15154,2,6822,2,3162,25489,3117,7612,10326,6740,49,50,980,1348,2749,4588,4746,4203,8261,6750,81.71,10947,10728,11141,78.47,1410,no
Steve Novick,70,3,no,no,no,no,no,no,no,no,no,yes,no,yes,no,no,yes,no,no,no,no,no,no,no,no,no,no,no,no,yes,no,no,no,no,no,yes,15154,2,6822,2,3162,25489,3117,7612,10326,6740,49,50,980,1348,2749,4588,4746,4203,8261,6750,81.71,10947,10728,11141,78.47,1410,yes
Matthew (Matt) anderson,70,3,no,no,no,no,no,no,no,no,no,no,no,no,no,no,no,no,no,no,no,no,no,no,no,no,no,no,no,no,no,no,no,no,no,no,15154,2,6822,2,3162,25489,3117,7612,10326,6740,49,50,980,1348,2749,4588,4746,4203,8261,6750,81.71,10947,10728,11141,78.47,1410,no
Kelly Janes (KJ),70,3,no,no,no,no,no,no,no,no,no,no,no,no,no,no,no,no,no,no,no,no,no,no,no,no,no,no,no,no,no,no,no,no,no,no,15154,2,6822,2,3162,25489,3117,7612,10326,6740,49,50,980,1348,2749,4588,4746,4203,8261,6750,81.71,10947,10728,11141,78.47,1410,no
Terry Parker,70,3,no,no,no,no,no,no,no,no,no,no,no,no,no,no,no,no,no,no,no,no,no,no,no,no,no,no,no,no,no,no,no,no,no,no,15154,2,6822,2,3162,25489,3117,7612,10326,6740,49,50,980,1348,2749,4588,4746,4203,8261,6750,81.71,10947,10728,11141,78.47,1410,no
Heart Free Pham,70,3,no,no,no,no,no,no,no,no,no,no,no,no,no,no,no,no,no,no,no,no,no,no,no,no,no,no,no,no,no,no,no,no,no,no,15154,2,6822,2,3162,25489,3117,7612,10326,6740,49,50,980,1348,2749,4588,4746,4203,8261,6750,81.71,10947,10728,11141,78.47,1410,no
Kenneth (Kent) R. Landgraver III,70,3,no,no,no,no,no,no,no,no,no,no,no,no,no,no,no,no,no,no,no,no,no,no,no,no,no,no,no,no,no,no,no,no,no,no,15154,2,6822,2,3162,25489,3117,7612,10326,6740,49,50,980,1348,2749,4588,4746,4203,8261,6750,81.71,10947,10728,11141,78.47,1410,no
Brian Conley,70,3,no,no,no,no,no,no,no,no,no,no,no,no,no,no,no,no,no,no,no,no,no,no,no,no,no,no,no,no,no,no,no,no,no,no,15154,2,6822,2,3162,25489,3117,7612,10326,6740,49,50,980,1348,2749,4588,4746,4203,8261,6750,81.71,10947,10728,11141,78.47,1410,no
Jesse Cornett,70,3,no,no,yes,no,no,yes,no,no,yes,yes,yes,no,no,yes,no,no,no,no,yes,no,yes,yes,no,no,no,no,no,no,yes,no,no,no,no,no,15154,2,6822,2,3162,25489,3117,7612,10326,6740,49,50,980,1348,2749,4588,4746,4203,8261,6750,81.71,10947,10728,11141,78.47,1410,no
John Sweeney,70,3,no,no,no,no,no,no,no,no,no,no,no,no,no,no,no,no,no,no,no,no,no,no,no,no,no,no,no,no,no,no,no,no,no,no,15154,2,6822,2,3162,25489,3117,7612,10326,6740,49,50,980,1348,2749,4588,4746,4203,8261,6750,81.71,10947,10728,11141,78.47,1410,no
Theo Hathaway Saner,70,3,no,yes,no,no,no,no,no,no,no,no,no,no,no,no,no,no,no,no,no,no,no,no,no,no,no,no,no,no,no,no,no,no,no,no,15154,2,6822,2,3162,25489,3117,7612,10326,6740,49,50,980,1348,2749,4588,4746,4203,8261,6750,81.71,10947,10728,11141,78.47,1410,no
Luke Zak,70,3,no,no,no,no,no,no,no,yes,no,no,no,no,no,no,no,no,no,no,no,no,no,no,no,no,yes,no,no,no,no,no,no,yes,no,no,15154,2,6822,2,3162,25489,3117,7612,10326,6740,49,50,980,1348,2749,4588,4746,4203,8261,6750,81.71,10947,10728,11141,78.47,1410,no
Daniel DeMelo,70,3,no,no,yes,no,no,no,yes,no,yes,no,yes,no,no,no,no,yes,yes,no,no,no,no,no,no,no,no,no,no,no,no,no,no,yes,no,no,15154,2,6822,2,3162,25489,3117,7612,10326,6740,49,50,980,1348,2749,4588,4746,4203,8261,6750,81.71,10947,10728,11141,78.47,1410,no
Chris Flanary,70,3,no,no,no,no,no,no,no,no,no,no,no,no,no,no,no,no,no,no,no,no,no,no,no,no,no,no,no,no,no,no,no,no,no,no,15154,2,6822,2,3162,25489,3117,7612,10326,6740,49,50,980,1348,2749,4588,4746,4203,8261,6750,81.71,10947,10728,11141,78.47,1410,no
Angelita Morillo ,70,3,no,no,no,no,no,no,no,no,no,no,no,no,no,no,no,no,no,no,no,no,no,no,no,no,no,no,no,no,no,no,no,no,no,no,15154,2,6822,2,3162,25489,3117,7612,10326,6740,49,50,980,1348,2749,4588,4746,4203,8261,6750,81.71,10947,10728,11141,78.47,1410,no
Tiffany Koyama Lane,47,3,yes,no,no,no,yes,yes,no,yes,no,no,no,no,yes,no,yes,no,no,yes,no,yes,yes,yes,yes,yes,yes,yes,yes,yes,yes,yes,no,no,yes,no,19157,2,9947,2,2305,34497,4723,9353,12723,8491,63,36,1615,1294,3390,5683,6565,4602,7310,5743,78.56,7921,8291,8704,75.44,1345,yes
Philippe Knab,47,3,no,no,no,no,no,no,no,no,no,no,no,yes,no,no,no,no,no,no,yes,no,no,no,no,no,no,no,no,no,no,no,no,no,no,no,19157,2,9947,2,2305,34497,4723,9353,12723,8491,63,36,1615,1294,3390,5683,6565,4602,7310,5743,78.56,7921,8291,8704,75.44,1345,no
Harrison Kass,47,3,no,no,yes,no,no,no,no,no,no,no,no,no,no,no,no,yes,no,no,no,no,no,no,no,no,no,no,no,no,no,no,no,no,no,no,19157,2,9947,2,2305,34497,4723,9353,12723,8491,63,36,1615,1294,3390,5683,6565,4602,7310,5743,78.56,7921,8291,8704,75.44,1345,no
Kezia Wanner,47,3,no,no,no,no,no,no,no,no,no,yes,no,no,no,no,no,yes,yes,no,no,no,no,no,no,no,no,no,no,no,no,no,no,no,no,no,19157,2,9947,2,2305,34497,4723,9353,12723,8491,63,36,1615,1294,3390,5683,6565,4602,7310,5743,78.56,7921,8291,8704,75.44,1345,no
Jonathan (Jon) Walker,47,3,no,no,no,no,no,no,yes,no,no,no,no,no,no,no,no,no,no,no,no,no,no,no,no,no,no,no,no,no,no,no,no,no,no,no,19157,2,9947,2,2305,34497,4723,9353,12723,8491,63,36,1615,1294,3390,5683,6565,4602,7310,5743,78.56,7921,8291,8704,75.44,1345,no
Melodie Beirwagen,47,3,no,no,no,no,no,no,no,no,no,no,no,no,no,no,no,no,no,no,no,no,no,no,no,no,no,no,no,no,no,no,no,no,no,no,19157,2,9947,2,2305,34497,4723,9353,12723,8491,63,36,1615,1294,3390,5683,6565,4602,7310,5743,78.56,7921,8291,8704,75.44,1345,no
Sandeep Bali,47,3,no,no,no,no,no,no,no,no,no,no,no,no,no,no,no,no,no,no,no,no,no,no,no,no,no,no,no,no,no,no,no,no,no,no,19157,2,9947,2,2305,34497,4723,9353,12723,8491,63,36,1615,1294,3390,5683,6565,4602,7310,5743,78.56,7921,8291,8704,75.44,1345,no
Rex Burkholder,47,3,no,no,no,no,no,no,no,no,no,no,yes,no,no,no,no,no,no,no,yes,no,no,yes,no,no,no,no,no,no,no,no,no,no,yes,no,19157,2,9947,2,2305,34497,4723,9353,12723,8491,63,36,1615,1294,3390,5683,6565,4602,7310,5743,78.56,7921,8291,8704,75.44,1345,no
Christpher Brummer,47,3,no,no,no,no,no,no,no,no,no,no,no,no,no,no,no,no,no,no,no,no,no,no,no,no,no,no,no,no,no,no,no,no,no,no,19157,2,9947,2,2305,34497,4723,9353,12723,8491,63,36,1615,1294,3390,5683,6565,4602,7310,5743,78.56,7921,8291,8704,75.44,1345,no
Cristal Azul Otero,47,3,no,no,no,no,no,no,no,no,no,no,no,yes,no,no,no,no,no,no,no,no,no,no,no,no,no,no,no,no,no,no,no,no,no,no,19157,2,9947,2,2305,34497,4723,9353,12723,8491,63,36,1615,1294,3390,5683,6565,4602,7310,5743,78.56,7921,8291,8704,75.44,1345,no
Ahlam K Osman,47,3,no,yes,no,no,no,no,no,yes,no,no,no,no,no,no,no,no,no,no,no,no,no,no,no,no,no,no,no,no,no,no,no,no,no,no,19157,2,9947,2,2305,34497,4723,9353,12723,8491,63,36,1615,1294,3390,5683,6565,4602,7310,5743,78.56,7921,8291,8704,75.44,1345,no
Dan Gilk,47,3,no,no,no,no,no,no,yes,no,no,no,no,no,no,no,no,no,no,no,no,no,no,no,no,no,no,no,no,no,no,no,no,no,no,no,19157,2,9947,2,2305,34497,4723,9353,12723,8491,63,36,1615,1294,3390,5683,6565,4602,7310,5743,78.56,7921,8291,8704,75.44,1345,no
Steve Novick,47,3,no,no,no,no,no,no,no,no,no,yes,no,yes,no,no,yes,no,no,no,no,no,no,no,no,no,no,no,no,yes,no,no,no,no,no,yes,19157,2,9947,2,2305,34497,4723,9353,12723,8491,63,36,1615,1294,3390,5683,6565,4602,7310,5743,78.56,7921,8291,8704,75.44,1345,yes
Matthew (Matt) anderson,47,3,no,no,no,no,no,no,no,no,no,no,no,no,no,no,no,no,no,no,no,no,no,no,no,no,no,no,no,no,no,no,no,no,no,no,19157,2,9947,2,2305,34497,4723,9353,12723,8491,63,36,1615,1294,3390,5683,6565,4602,7310,5743,78.56,7921,8291,8704,75.44,1345,no
Kelly Janes (KJ),47,3,no,no,no,no,no,no,no,no,no,no,no,no,no,no,no,no,no,no,no,no,no,no,no,no,no,no,no,no,no,no,no,no,no,no,19157,2,9947,2,2305,34497,4723,9353,12723,8491,63,36,1615,1294,3390,5683,6565,4602,7310,5743,78.56,7921,8291,8704,75.44,1345,no
Terry Parker,47,3,no,no,no,no,no,no,no,no,no,no,no,no,no,no,no,no,no,no,no,no,no,no,no,no,no,no,no,no,no,no,no,no,no,no,19157,2,9947,2,2305,34497,4723,9353,12723,8491,63,36,1615,1294,3390,5683,6565,4602,7310,5743,78.56,7921,8291,8704,75.44,1345,no
Heart Free Pham,47,3,no,no,no,no,no,no,no,no,no,no,no,no,no,no,no,no,no,no,no,no,no,no,no,no,no,no,no,no,no,no,no,no,no,no,19157,2,9947,2,2305,34497,4723,9353,12723,8491,63,36,1615,1294,3390,5683,6565,4602,7310,5743,78.56,7921,8291,8704,75.44,1345,no
Kenneth (Kent) R. Landgraver III,47,3,no,no,no,no,no,no,no,no,no,no,no,no,no,no,no,no,no,no,no,no,no,no,no,no,no,no,no,no,no,no,no,no,no,no,19157,2,9947,2,2305,34497,4723,9353,12723,8491,63,36,1615,1294,3390,5683,6565,4602,7310,5743,78.56,7921,8291,8704,75.44,1345,no
Brian Conley,47,3,no,no,no,no,no,no,no,no,no,no,no,no,no,no,no,no,no,no,no,no,no,no,no,no,no,no,no,no,no,no,no,no,no,no,19157,2,9947,2,2305,34497,4723,9353,12723,8491,63,36,1615,1294,3390,5683,6565,4602,7310,5743,78.56,7921,8291,8704,75.44,1345,no
Jesse Cornett,47,3,no,no,yes,no,no,yes,no,no,yes,yes,yes,no,no,yes,no,no,no,no,yes,no,yes,yes,no,no,no,no,no,no,yes,no,no,no,no,no,19157,2,9947,2,2305,34497,4723,9353,12723,8491,63,36,1615,1294,3390,5683,6565,4602,7310,5743,78.56,7921,8291,8704,75.44,1345,no
John Sweeney,47,3,no,no,no,no,no,no,no,no,no,no,no,no,no,no,no,no,no,no,no,no,no,no,no,no,no,no,no,no,no,no,no,no,no,no,19157,2,9947,2,2305,34497,4723,9353,12723,8491,63,36,1615,1294,3390,5683,6565,4602,7310,5743,78.56,7921,8291,8704,75.44,1345,no
Theo Hathaway Saner,47,3,no,yes,no,no,no,no,no,no,no,no,no,no,no,no,no,no,no,no,no,no,no,no,no,no,no,no,no,no,no,no,no,no,no,no,19157,2,9947,2,2305,34497,4723,9353,12723,8491,63,36,1615,1294,3390,5683,6565,4602,7310,5743,78.56,7921,8291,8704,75.44,1345,no
Luke Zak,47,3,no,no,no,no,no,no,no,yes,no,no,no,no,no,no,no,no,no,no,no,no,no,no,no,no,yes,no,no,no,no,no,no,yes,no,no,19157,2,9947,2,2305,34497,4723,9353,12723,8491,63,36,1615,1294,3390,5683,6565,4602,7310,5743,78.56,7921,8291,8704,75.44,1345,no
Daniel DeMelo,47,3,no,no,yes,no,no,no,yes,no,yes,no,yes,no,no,no,no,yes,yes,no,no,no,no,no,no,no,no,no,no,no,no,no,no,yes,no,no,19157,2,9947,2,2305,34497,4723,9353,12723,8491,63,36,1615,1294,3390,5683,6565,4602,7310,5743,78.56,7921,8291,8704,75.44,1345,no
Chris Flanary,47,3,no,no,no,no,no,no,no,no,no,no,no,no,no,no,no,no,no,no,no,no,no,no,no,no,no,no,no,no,no,no,no,no,no,no,19157,2,9947,2,2305,34497,4723,9353,12723,8491,63,36,1615,1294,3390,5683,6565,4602,7310,5743,78.56,7921,8291,8704,75.44,1345,no
Angelita Morillo ,47,3,no,no,no,no,no,no,no,no,no,no,no,no,no,no,no,no,no,no,no,no,no,no,no,no,no,no,no,no,no,no,no,no,no,no,19157,2,9947,2,2305,34497,4723,9353,12723,8491,63,36,1615,1294,3390,5683,6565,4602,7310,5743,78.56,7921,8291,8704,75.44,1345,no
Tiffany Koyama Lane,3,3,yes,no,no,no,yes,yes,no,yes,no,no,no,no,yes,no,yes,no,no,yes,no,yes,yes,yes,yes,yes,yes,yes,yes,yes,yes,yes,no,no,yes,no,6192,2,3054,2,685,10569,797,2187,4595,3283,62,37,617,566,518,1863,2428,4207,3787,3269,86.32,6029,5494,5542,90.29,494,yes
Philippe Knab,3,3,no,no,no,no,no,no,no,no,no,no,no,yes,no,no,no,no,no,no,yes,no,no,no,no,no,no,no,no,no,no,no,no,no,no,no,6192,2,3054,2,685,10569,797,2187,4595,3283,62,37,617,566,518,1863,2428,4207,3787,3269,86.32,6029,5494,5542,90.29,494,no
Harrison Kass,3,3,no,no,yes,no,no,no,no,no,no,no,no,no,no,no,no,yes,no,no,no,no,no,no,no,no,no,no,no,no,no,no,no,no,no,no,6192,2,3054,2,685,10569,797,2187,4595,3283,62,37,617,566,518,1863,2428,4207,3787,3269,86.32,6029,5494,5542,90.29,494,no
Kezia Wanner,3,3,no,no,no,no,no,no,no,no,no,yes,no,no,no,no,no,yes,yes,no,no,no,no,no,no,no,no,no,no,no,no,no,no,no,no,no,6192,2,3054,2,685,10569,797,2187,4595,3283,62,37,617,566,518,1863,2428,4207,3787,3269,86.32,6029,5494,5542,90.29,494,no
Jonathan (Jon) Walker,3,3,no,no,no,no,no,no,yes,no,no,no,no,no,no,no,no,no,no,no,no,no,no,no,no,no,no,no,no,no,no,no,no,no,no,no,6192,2,3054,2,685,10569,797,2187,4595,3283,62,37,617,566,518,1863,2428,4207,3787,3269,86.32,6029,5494,5542,90.29,494,no
Melodie Beirwagen,3,3,no,no,no,no,no,no,no,no,no,no,no,no,no,no,no,no,no,no,no,no,no,no,no,no,no,no,no,no,no,no,no,no,no,no,6192,2,3054,2,685,10569,797,2187,4595,3283,62,37,617,566,518,1863,2428,4207,3787,3269,86.32,6029,5494,5542,90.29,494,no
Sandeep Bali,3,3,no,no,no,no,no,no,no,no,no,no,no,no,no,no,no,no,no,no,no,no,no,no,no,no,no,no,no,no,no,no,no,no,no,no,6192,2,3054,2,685,10569,797,2187,4595,3283,62,37,617,566,518,1863,2428,4207,3787,3269,86.32,6029,5494,5542,90.29,494,no
Rex Burkholder,3,3,no,no,no,no,no,no,no,no,no,no,yes,no,no,no,no,no,no,no,yes,no,no,yes,no,no,no,no,no,no,no,no,no,no,yes,no,6192,2,3054,2,685,10569,797,2187,4595,3283,62,37,617,566,518,1863,2428,4207,3787,3269,86.32,6029,5494,5542,90.29,494,no
Christpher Brummer,3,3,no,no,no,no,no,no,no,no,no,no,no,no,no,no,no,no,no,no,no,no,no,no,no,no,no,no,no,no,no,no,no,no,no,no,6192,2,3054,2,685,10569,797,2187,4595,3283,62,37,617,566,518,1863,2428,4207,3787,3269,86.32,6029,5494,5542,90.29,494,no
Cristal Azul Otero,3,3,no,no,no,no,no,no,no,no,no,no,no,yes,no,no,no,no,no,no,no,no,no,no,no,no,no,no,no,no,no,no,no,no,no,no,6192,2,3054,2,685,10569,797,2187,4595,3283,62,37,617,566,518,1863,2428,4207,3787,3269,86.32,6029,5494,5542,90.29,494,no
Ahlam K Osman,3,3,no,yes,no,no,no,no,no,yes,no,no,no,no,no,no,no,no,no,no,no,no,no,no,no,no,no,no,no,no,no,no,no,no,no,no,6192,2,3054,2,685,10569,797,2187,4595,3283,62,37,617,566,518,1863,2428,4207,3787,3269,86.32,6029,5494,5542,90.29,494,no
Dan Gilk,3,3,no,no,no,no,no,no,yes,no,no,no,no,no,no,no,no,no,no,no,no,no,no,no,no,no,no,no,no,no,no,no,no,no,no,no,6192,2,3054,2,685,10569,797,2187,4595,3283,62,37,617,566,518,1863,2428,4207,3787,3269,86.32,6029,5494,5542,90.29,494,no
Steve Novick,3,3,no,no,no,no,no,no,no,no,no,yes,no,yes,no,no,yes,no,no,no,no,no,no,no,no,no,no,no,no,yes,no,no,no,no,no,yes,6192,2,3054,2,685,10569,797,2187,4595,3283,62,37,617,566,518,1863,2428,4207,3787,3269,86.32,6029,5494,5542,90.29,494,yes
Matthew (Matt) anderson,3,3,no,no,no,no,no,no,no,no,no,no,no,no,no,no,no,no,no,no,no,no,no,no,no,no,no,no,no,no,no,no,no,no,no,no,6192,2,3054,2,685,10569,797,2187,4595,3283,62,37,617,566,518,1863,2428,4207,3787,3269,86.32,6029,5494,5542,90.29,494,no
Kelly Janes (KJ),3,3,no,no,no,no,no,no,no,no,no,no,no,no,no,no,no,no,no,no,no,no,no,no,no,no,no,no,no,no,no,no,no,no,no,no,6192,2,3054,2,685,10569,797,2187,4595,3283,62,37,617,566,518,1863,2428,4207,3787,3269,86.32,6029,5494,5542,90.29,494,no
Terry Parker,3,3,no,no,no,no,no,no,no,no,no,no,no,no,no,no,no,no,no,no,no,no,no,no,no,no,no,no,no,no,no,no,no,no,no,no,6192,2,3054,2,685,10569,797,2187,4595,3283,62,37,617,566,518,1863,2428,4207,3787,3269,86.32,6029,5494,5542,90.29,494,no
Heart Free Pham,3,3,no,no,no,no,no,no,no,no,no,no,no,no,no,no,no,no,no,no,no,no,no,no,no,no,no,no,no,no,no,no,no,no,no,no,6192,2,3054,2,685,10569,797,2187,4595,3283,62,37,617,566,518,1863,2428,4207,3787,3269,86.32,6029,5494,5542,90.29,494,no
Kenneth (Kent) R. Landgraver III,3,3,no,no,no,no,no,no,no,no,no,no,no,no,no,no,no,no,no,no,no,no,no,no,no,no,no,no,no,no,no,no,no,no,no,no,6192,2,3054,2,685,10569,797,2187,4595,3283,62,37,617,566,518,1863,2428,4207,3787,3269,86.32,6029,5494,5542,90.29,494,no
Brian Conley,3,3,no,no,no,no,no,no,no,no,no,no,no,no,no,no,no,no,no,no,no,no,no,no,no,no,no,no,no,no,no,no,no,no,no,no,6192,2,3054,2,685,10569,797,2187,4595,3283,62,37,617,566,518,1863,2428,4207,3787,3269,86.32,6029,5494,5542,90.29,494,no
Jesse Cornett,3,3,no,no,yes,no,no,yes,no,no,yes,yes,yes,no,no,yes,no,no,no,no,yes,no,yes,yes,no,no,no,no,no,no,yes,no,no,no,no,no,6192,2,3054,2,685,10569,797,2187,4595,3283,62,37,617,566,518,1863,2428,4207,3787,3269,86.32,6029,5494,5542,90.29,494,no
John Sweeney,3,3,no,no,no,no,no,no,no,no,no,no,no,no,no,no,no,no,no,no,no,no,no,no,no,no,no,no,no,no,no,no,no,no,no,no,6192,2,3054,2,685,10569,797,2187,4595,3283,62,37,617,566,518,1863,2428,4207,3787,3269,86.32,6029,5494,5542,90.29,494,no
Theo Hathaway Saner,3,3,no,yes,no,no,no,no,no,no,no,no,no,no,no,no,no,no,no,no,no,no,no,no,no,no,no,no,no,no,no,no,no,no,no,no,6192,2,3054,2,685,10569,797,2187,4595,3283,62,37,617,566,518,1863,2428,4207,3787,3269,86.32,6029,5494,5542,90.29,494,no
Luke Zak,3,3,no,no,no,no,no,no,no,yes,no,no,no,no,no,no,no,no,no,no,no,no,no,no,no,no,yes,no,no,no,no,no,no,yes,no,no,6192,2,3054,2,685,10569,797,2187,4595,3283,62,37,617,566,518,1863,2428,4207,3787,3269,86.32,6029,5494,5542,90.29,494,no
Daniel DeMelo,3,3,no,no,yes,no,no,no,yes,no,yes,no,yes,no,no,no,no,yes,yes,no,no,no,no,no,no,no,no,no,no,no,no,no,no,yes,no,no,6192,2,3054,2,685,10569,797,2187,4595,3283,62,37,617,566,518,1863,2428,4207,3787,3269,86.32,6029,5494,5542,90.29,494,no
Chris Flanary,3,3,no,no,no,no,no,no,no,no,no,no,no,no,no,no,no,no,no,no,no,no,no,no,no,no,no,no,no,no,no,no,no,no,no,no,6192,2,3054,2,685,10569,797,2187,4595,3283,62,37,617,566,518,1863,2428,4207,3787,3269,86.32,6029,5494,5542,90.29,494,no
Angelita Morillo ,3,3,no,no,no,no,no,no,no,no,no,no,no,no,no,no,no,no,no,no,no,no,no,no,no,no,no,no,no,no,no,no,no,no,no,no,6192,2,3054,2,685,10569,797,2187,4595,3283,62,37,617,566,518,1863,2428,4207,3787,3269,86.32,6029,5494,5542,90.29,494,no
Tiffany Koyama Lane,51,3,yes,no,no,no,yes,yes,no,yes,no,no,no,no,yes,no,yes,no,no,yes,no,yes,yes,yes,yes,yes,yes,yes,yes,yes,yes,yes,no,no,yes,no,13159,2,7541,2,1695,24005,4374,6480,8258,5352,73,26,1046,726,1952,4350,4703,4604,8070,6026,74.67,7980,8137,8821,79.18,1416,yes
Philippe Knab,51,3,no,no,no,no,no,no,no,no,no,no,no,yes,no,no,no,no,no,no,yes,no,no,no,no,no,no,no,no,no,no,no,no,no,no,no,13159,2,7541,2,1695,24005,4374,6480,8258,5352,73,26,1046,726,1952,4350,4703,4604,8070,6026,74.67,7980,8137,8821,79.18,1416,no
Harrison Kass,51,3,no,no,yes,no,no,no,no,no,no,no,no,no,no,no,no,yes,no,no,no,no,no,no,no,no,no,no,no,no,no,no,no,no,no,no,13159,2,7541,2,1695,24005,4374,6480,8258,5352,73,26,1046,726,1952,4350,4703,4604,8070,6026,74.67,7980,8137,8821,79.18,1416,no
Kezia Wanner,51,3,no,no,no,no,no,no,no,no,no,yes,no,no,no,no,no,yes,yes,no,no,no,no,no,no,no,no,no,no,no,no,no,no,no,no,no,13159,2,7541,2,1695,24005,4374,6480,8258,5352,73,26,1046,726,1952,4350,4703,4604,8070,6026,74.67,7980,8137,8821,79.18,1416,no
Jonathan (Jon) Walker,51,3,no,no,no,no,no,no,yes,no,no,no,no,no,no,no,no,no,no,no,no,no,no,no,no,no,no,no,no,no,no,no,no,no,no,no,13159,2,7541,2,1695,24005,4374,6480,8258,5352,73,26,1046,726,1952,4350,4703,4604,8070,6026,74.67,7980,8137,8821,79.18,1416,no
Melodie Beirwagen,51,3,no,no,no,no,no,no,no,no,no,no,no,no,no,no,no,no,no,no,no,no,no,no,no,no,no,no,no,no,no,no,no,no,no,no,13159,2,7541,2,1695,24005,4374,6480,8258,5352,73,26,1046,726,1952,4350,4703,4604,8070,6026,74.67,7980,8137,8821,79.18,1416,no
Sandeep Bali,51,3,no,no,no,no,no,no,no,no,no,no,no,no,no,no,no,no,no,no,no,no,no,no,no,no,no,no,no,no,no,no,no,no,no,no,13159,2,7541,2,1695,24005,4374,6480,8258,5352,73,26,1046,726,1952,4350,4703,4604,8070,6026,74.67,7980,8137,8821,79.18,1416,no
Rex Burkholder,51,3,no,no,no,no,no,no,no,no,no,no,yes,no,no,no,no,no,no,no,yes,no,no,yes,no,no,no,no,no,no,no,no,no,no,yes,no,13159,2,7541,2,1695,24005,4374,6480,8258,5352,73,26,1046,726,1952,4350,4703,4604,8070,6026,74.67,7980,8137,8821,79.18,1416,no
Christpher Brummer,51,3,no,no,no,no,no,no,no,no,no,no,no,no,no,no,no,no,no,no,no,no,no,no,no,no,no,no,no,no,no,no,no,no,no,no,13159,2,7541,2,1695,24005,4374,6480,8258,5352,73,26,1046,726,1952,4350,4703,4604,8070,6026,74.67,7980,8137,8821,79.18,1416,no
Cristal Azul Otero,51,3,no,no,no,no,no,no,no,no,no,no,no,yes,no,no,no,no,no,no,no,no,no,no,no,no,no,no,no,no,no,no,no,no,no,no,13159,2,7541,2,1695,24005,4374,6480,8258,5352,73,26,1046,726,1952,4350,4703,4604,8070,6026,74.67,7980,8137,8821,79.18,1416,no
Ahlam K Osman,51,3,no,yes,no,no,no,no,no,yes,no,no,no,no,no,no,no,no,no,no,no,no,no,no,no,no,no,no,no,no,no,no,no,no,no,no,13159,2,7541,2,1695,24005,4374,6480,8258,5352,73,26,1046,726,1952,4350,4703,4604,8070,6026,74.67,7980,8137,8821,79.18,1416,no
Dan Gilk,51,3,no,no,no,no,no,no,yes,no,no,no,no,no,no,no,no,no,no,no,no,no,no,no,no,no,no,no,no,no,no,no,no,no,no,no,13159,2,7541,2,1695,24005,4374,6480,8258,5352,73,26,1046,726,1952,4350,4703,4604,8070,6026,74.67,7980,8137,8821,79.18,1416,no
Steve Novick,51,3,no,no,no,no,no,no,no,no,no,yes,no,yes,no,no,yes,no,no,no,no,no,no,no,no,no,no,no,no,yes,no,no,no,no,no,yes,13159,2,7541,2,1695,24005,4374,6480,8258,5352,73,26,1046,726,1952,4350,4703,4604,8070,6026,74.67,7980,8137,8821,79.18,1416,yes
Matthew (Matt) anderson,51,3,no,no,no,no,no,no,no,no,no,no,no,no,no,no,no,no,no,no,no,no,no,no,no,no,no,no,no,no,no,no,no,no,no,no,13159,2,7541,2,1695,24005,4374,6480,8258,5352,73,26,1046,726,1952,4350,4703,4604,8070,6026,74.67,7980,8137,8821,79.18,1416,no
Kelly Janes (KJ),51,3,no,no,no,no,no,no,no,no,no,no,no,no,no,no,no,no,no,no,no,no,no,no,no,no,no,no,no,no,no,no,no,no,no,no,13159,2,7541,2,1695,24005,4374,6480,8258,5352,73,26,1046,726,1952,4350,4703,4604,8070,6026,74.67,7980,8137,8821,79.18,1416,no
Terry Parker,51,3,no,no,no,no,no,no,no,no,no,no,no,no,no,no,no,no,no,no,no,no,no,no,no,no,no,no,no,no,no,no,no,no,no,no,13159,2,7541,2,1695,24005,4374,6480,8258,5352,73,26,1046,726,1952,4350,4703,4604,8070,6026,74.67,7980,8137,8821,79.18,1416,no
Heart Free Pham,51,3,no,no,no,no,no,no,no,no,no,no,no,no,no,no,no,no,no,no,no,no,no,no,no,no,no,no,no,no,no,no,no,no,no,no,13159,2,7541,2,1695,24005,4374,6480,8258,5352,73,26,1046,726,1952,4350,4703,4604,8070,6026,74.67,7980,8137,8821,79.18,1416,no
Kenneth (Kent) R. Landgraver III,51,3,no,no,no,no,no,no,no,no,no,no,no,no,no,no,no,no,no,no,no,no,no,no,no,no,no,no,no,no,no,no,no,no,no,no,13159,2,7541,2,1695,24005,4374,6480,8258,5352,73,26,1046,726,1952,4350,4703,4604,8070,6026,74.67,7980,8137,8821,79.18,1416,no
Brian Conley,51,3,no,no,no,no,no,no,no,no,no,no,no,no,no,no,no,no,no,no,no,no,no,no,no,no,no,no,no,no,no,no,no,no,no,no,13159,2,7541,2,1695,24005,4374,6480,8258,5352,73,26,1046,726,1952,4350,4703,4604,8070,6026,74.67,7980,8137,8821,79.18,1416,no
Jesse Cornett,51,3,no,no,yes,no,no,yes,no,no,yes,yes,yes,no,no,yes,no,no,no,no,yes,no,yes,yes,no,no,no,no,no,no,yes,no,no,no,no,no,13159,2,7541,2,1695,24005,4374,6480,8258,5352,73,26,1046,726,1952,4350,4703,4604,8070,6026,74.67,7980,8137,8821,79.18,1416,no
John Sweeney,51,3,no,no,no,no,no,no,no,no,no,no,no,no,no,no,no,no,no,no,no,no,no,no,no,no,no,no,no,no,no,no,no,no,no,no,13159,2,7541,2,1695,24005,4374,6480,8258,5352,73,26,1046,726,1952,4350,4703,4604,8070,6026,74.67,7980,8137,8821,79.18,1416,no
Theo Hathaway Saner,51,3,no,yes,no,no,no,no,no,no,no,no,no,no,no,no,no,no,no,no,no,no,no,no,no,no,no,no,no,no,no,no,no,no,no,no,13159,2,7541,2,1695,24005,4374,6480,8258,5352,73,26,1046,726,1952,4350,4703,4604,8070,6026,74.67,7980,8137,8821,79.18,1416,no
Luke Zak,51,3,no,no,no,no,no,no,no,yes,no,no,no,no,no,no,no,no,no,no,no,no,no,no,no,no,yes,no,no,no,no,no,no,yes,no,no,13159,2,7541,2,1695,24005,4374,6480,8258,5352,73,26,1046,726,1952,4350,4703,4604,8070,6026,74.67,7980,8137,8821,79.18,1416,no
Daniel DeMelo,51,3,no,no,yes,no,no,no,yes,no,yes,no,yes,no,no,no,no,yes,yes,no,no,no,no,no,no,no,no,no,no,no,no,no,no,yes,no,no,13159,2,7541,2,1695,24005,4374,6480,8258,5352,73,26,1046,726,1952,4350,4703,4604,8070,6026,74.67,7980,8137,8821,79.18,1416,no
Chris Flanary,51,3,no,no,no,no,no,no,no,no,no,no,no,no,no,no,no,no,no,no,no,no,no,no,no,no,no,no,no,no,no,no,no,no,no,no,13159,2,7541,2,1695,24005,4374,6480,8258,5352,73,26,1046,726,1952,4350,4703,4604,8070,6026,74.67,7980,8137,8821,79.18,1416,no
Angelita Morillo ,51,3,no,no,no,no,no,no,no,no,no,no,no,no,no,no,no,no,no,no,no,no,no,no,no,no,no,no,no,no,no,no,no,no,no,no,13159,2,7541,2,1695,24005,4374,6480,8258,5352,73,26,1046,726,1952,4350,4703,4604,8070,6026,74.67,7980,8137,8821,79.18,1416,no
Tiffany Koyama Lane,55,3,yes,no,no,no,yes,yes,no,yes,no,no,no,no,yes,no,yes,no,no,yes,no,yes,yes,yes,yes,yes,yes,yes,yes,yes,yes,yes,no,no,yes,no,17578,1,4685,2,2467,25481,3133,7686,9824,6720,24,75,2312,1644,3406,4449,4518,4201,6517,5062,77.67,7430,7441,7683,82.05,1034,yes
Philippe Knab,55,3,no,no,no,no,no,no,no,no,no,no,no,yes,no,no,no,no,no,no,yes,no,no,no,no,no,no,no,no,no,no,no,no,no,no,no,17578,1,4685,2,2467,25481,3133,7686,9824,6720,24,75,2312,1644,3406,4449,4518,4201,6517,5062,77.67,7430,7441,7683,82.05,1034,no
Harrison Kass,55,3,no,no,yes,no,no,no,no,no,no,no,no,no,no,no,no,yes,no,no,no,no,no,no,no,no,no,no,no,no,no,no,no,no,no,no,17578,1,4685,2,2467,25481,3133,7686,9824,6720,24,75,2312,1644,3406,4449,4518,4201,6517,5062,77.67,7430,7441,7683,82.05,1034,no
Kezia Wanner,55,3,no,no,no,no,no,no,no,no,no,yes,no,no,no,no,no,yes,yes,no,no,no,no,no,no,no,no,no,no,no,no,no,no,no,no,no,17578,1,4685,2,2467,25481,3133,7686,9824,6720,24,75,2312,1644,3406,4449,4518,4201,6517,5062,77.67,7430,7441,7683,82.05,1034,no
Jonathan (Jon) Walker,55,3,no,no,no,no,no,no,yes,no,no,no,no,no,no,no,no,no,no,no,no,no,no,no,no,no,no,no,no,no,no,no,no,no,no,no,17578,1,4685,2,2467,25481,3133,7686,9824,6720,24,75,2312,1644,3406,4449,4518,4201,6517,5062,77.67,7430,7441,7683,82.05,1034,no
Melodie Beirwagen,55,3,no,no,no,no,no,no,no,no,no,no,no,no,no,no,no,no,no,no,no,no,no,no,no,no,no,no,no,no,no,no,no,no,no,no,17578,1,4685,2,2467,25481,3133,7686,9824,6720,24,75,2312,1644,3406,4449,4518,4201,6517,5062,77.67,7430,7441,7683,82.05,1034,no
Sandeep Bali,55,3,no,no,no,no,no,no,no,no,no,no,no,no,no,no,no,no,no,no,no,no,no,no,no,no,no,no,no,no,no,no,no,no,no,no,17578,1,4685,2,2467,25481,3133,7686,9824,6720,24,75,2312,1644,3406,4449,4518,4201,6517,5062,77.67,7430,7441,7683,82.05,1034,no
Rex Burkholder,55,3,no,no,no,no,no,no,no,no,no,no,yes,no,no,no,no,no,no,no,yes,no,no,yes,no,no,no,no,no,no,no,no,no,no,yes,no,17578,1,4685,2,2467,25481,3133,7686,9824,6720,24,75,2312,1644,3406,4449,4518,4201,6517,5062,77.67,7430,7441,7683,82.05,1034,no
Christpher Brummer,55,3,no,no,no,no,no,no,no,no,no,no,no,no,no,no,no,no,no,no,no,no,no,no,no,no,no,no,no,no,no,no,no,no,no,no,17578,1,4685,2,2467,25481,3133,7686,9824,6720,24,75,2312,1644,3406,4449,4518,4201,6517,5062,77.67,7430,7441,7683,82.05,1034,no
Cristal Azul Otero,55,3,no,no,no,no,no,no,no,no,no,no,no,yes,no,no,no,no,no,no,no,no,no,no,no,no,no,no,no,no,no,no,no,no,no,no,17578,1,4685,2,2467,25481,3133,7686,9824,6720,24,75,2312,1644,3406,4449,4518,4201,6517,5062,77.67,7430,7441,7683,82.05,1034,no
Ahlam K Osman,55,3,no,yes,no,no,no,no,no,yes,no,no,no,no,no,no,no,no,no,no,no,no,no,no,no,no,no,no,no,no,no,no,no,no,no,no,17578,1,4685,2,2467,25481,3133,7686,9824,6720,24,75,2312,1644,3406,4449,4518,4201,6517,5062,77.67,7430,7441,7683,82.05,1034,no
Dan Gilk,55,3,no,no,no,no,no,no,yes,no,no,no,no,no,no,no,no,no,no,no,no,no,no,no,no,no,no,no,no,no,no,no,no,no,no,no,17578,1,4685,2,2467,25481,3133,7686,9824,6720,24,75,2312,1644,3406,4449,4518,4201,6517,5062,77.67,7430,7441,7683,82.05,1034,no
Steve Novick,55,3,no,no,no,no,no,no,no,no,no,yes,no,yes,no,no,yes,no,no,no,no,no,no,no,no,no,no,no,no,yes,no,no,no,no,no,yes,17578,1,4685,2,2467,25481,3133,7686,9824,6720,24,75,2312,1644,3406,4449,4518,4201,6517,5062,77.67,7430,7441,7683,82.05,1034,yes
Matthew (Matt) anderson,55,3,no,no,no,no,no,no,no,no,no,no,no,no,no,no,no,no,no,no,no,no,no,no,no,no,no,no,no,no,no,no,no,no,no,no,17578,1,4685,2,2467,25481,3133,7686,9824,6720,24,75,2312,1644,3406,4449,4518,4201,6517,5062,77.67,7430,7441,7683,82.05,1034,no
Kelly Janes (KJ),55,3,no,no,no,no,no,no,no,no,no,no,no,no,no,no,no,no,no,no,no,no,no,no,no,no,no,no,no,no,no,no,no,no,no,no,17578,1,4685,2,2467,25481,3133,7686,9824,6720,24,75,2312,1644,3406,4449,4518,4201,6517,5062,77.67,7430,7441,7683,82.05,1034,no
Terry Parker,55,3,no,no,no,no,no,no,no,no,no,no,no,no,no,no,no,no,no,no,no,no,no,no,no,no,no,no,no,no,no,no,no,no,no,no,17578,1,4685,2,2467,25481,3133,7686,9824,6720,24,75,2312,1644,3406,4449,4518,4201,6517,5062,77.67,7430,7441,7683,82.05,1034,no
Heart Free Pham,55,3,no,no,no,no,no,no,no,no,no,no,no,no,no,no,no,no,no,no,no,no,no,no,no,no,no,no,no,no,no,no,no,no,no,no,17578,1,4685,2,2467,25481,3133,7686,9824,6720,24,75,2312,1644,3406,4449,4518,4201,6517,5062,77.67,7430,7441,7683,82.05,1034,no
Kenneth (Kent) R. Landgraver III,55,3,no,no,no,no,no,no,no,no,no,no,no,no,no,no,no,no,no,no,no,no,no,no,no,no,no,no,no,no,no,no,no,no,no,no,17578,1,4685,2,2467,25481,3133,7686,9824,6720,24,75,2312,1644,3406,4449,4518,4201,6517,5062,77.67,7430,7441,7683,82.05,1034,no
Brian Conley,55,3,no,no,no,no,no,no,no,no,no,no,no,no,no,no,no,no,no,no,no,no,no,no,no,no,no,no,no,no,no,no,no,no,no,no,17578,1,4685,2,2467,25481,3133,7686,9824,6720,24,75,2312,1644,3406,4449,4518,4201,6517,5062,77.67,7430,7441,7683,82.05,1034,no
Jesse Cornett,55,3,no,no,yes,no,no,yes,no,no,yes,yes,yes,no,no,yes,no,no,no,no,yes,no,yes,yes,no,no,no,no,no,no,yes,no,no,no,no,no,17578,1,4685,2,2467,25481,3133,7686,9824,6720,24,75,2312,1644,3406,4449,4518,4201,6517,5062,77.67,7430,7441,7683,82.05,1034,no
John Sweeney,55,3,no,no,no,no,no,no,no,no,no,no,no,no,no,no,no,no,no,no,no,no,no,no,no,no,no,no,no,no,no,no,no,no,no,no,17578,1,4685,2,2467,25481,3133,7686,9824,6720,24,75,2312,1644,3406,4449,4518,4201,6517,5062,77.67,7430,7441,7683,82.05,1034,no
Theo Hathaway Saner,55,3,no,yes,no,no,no,no,no,no,no,no,no,no,no,no,no,no,no,no,no,no,no,no,no,no,no,no,no,no,no,no,no,no,no,no,17578,1,4685,2,2467,25481,3133,7686,9824,6720,24,75,2312,1644,3406,4449,4518,4201,6517,5062,77.67,7430,7441,7683,82.05,1034,no
Luke Zak,55,3,no,no,no,no,no,no,no,yes,no,no,no,no,no,no,no,no,no,no,no,no,no,no,no,no,yes,no,no,no,no,no,no,yes,no,no,17578,1,4685,2,2467,25481,3133,7686,9824,6720,24,75,2312,1644,3406,4449,4518,4201,6517,5062,77.67,7430,7441,7683,82.05,1034,no
Daniel DeMelo,55,3,no,no,yes,no,no,no,yes,no,yes,no,yes,no,no,no,no,yes,yes,no,no,no,no,no,no,no,no,no,no,no,no,no,no,yes,no,no,17578,1,4685,2,2467,25481,3133,7686,9824,6720,24,75,2312,1644,3406,4449,4518,4201,6517,5062,77.67,7430,7441,7683,82.05,1034,no
Chris Flanary,55,3,no,no,no,no,no,no,no,no,no,no,no,no,no,no,no,no,no,no,no,no,no,no,no,no,no,no,no,no,no,no,no,no,no,no,17578,1,4685,2,2467,25481,3133,7686,9824,6720,24,75,2312,1644,3406,4449,4518,4201,6517,5062,77.67,7430,7441,7683,82.05,1034,no
Angelita Morillo ,55,3,no,no,no,no,no,no,no,no,no,no,no,no,no,no,no,no,no,no,no,no,no,no,no,no,no,no,no,no,no,no,no,no,no,no,17578,1,4685,2,2467,25481,3133,7686,9824,6720,24,75,2312,1644,3406,4449,4518,4201,6517,5062,77.67,7430,7441,7683,82.05,1034,no
Tiffany Koyama Lane,12,3,yes,no,no,no,yes,yes,no,yes,no,no,no,no,yes,no,yes,no,no,yes,no,yes,yes,yes,yes,yes,yes,yes,yes,yes,yes,yes,no,no,yes,no,21529,2,11633,2,1880,37660,4574,8756,14199,9760,66,33,2206,1681,3200,6596,7283,4502,9485,7673,80.9,10958,10454,10860,83.36,1216,yes
Philippe Knab,12,3,no,no,no,no,no,no,no,no,no,no,no,yes,no,no,no,no,no,no,yes,no,no,no,no,no,no,no,no,no,no,no,no,no,no,no,21529,2,11633,2,1880,37660,4574,8756,14199,9760,66,33,2206,1681,3200,6596,7283,4502,9485,7673,80.9,10958,10454,10860,83.36,1216,no
Harrison Kass,12,3,no,no,yes,no,no,no,no,no,no,no,no,no,no,no,no,yes,no,no,no,no,no,no,no,no,no,no,no,no,no,no,no,no,no,no,21529,2,11633,2,1880,37660,4574,8756,14199,9760,66,33,2206,1681,3200,6596,7283,4502,9485,7673,80.9,10958,10454,10860,83.36,1216,no
Kezia Wanner,12,3,no,no,no,no,no,no,no,no,no,yes,no,no,no,no,no,yes,yes,no,no,no,no,no,no,no,no,no,no,no,no,no,no,no,no,no,21529,2,11633,2,1880,37660,4574,8756,14199,9760,66,33,2206,1681,3200,6596,7283,4502,9485,7673,80.9,10958,10454,10860,83.36,1216,no
Jonathan (Jon) Walker,12,3,no,no,no,no,no,no,yes,no,no,no,no,no,no,no,no,no,no,no,no,no,no,no,no,no,no,no,no,no,no,no,no,no,no,no,21529,2,11633,2,1880,37660,4574,8756,14199,9760,66,33,2206,1681,3200,6596,7283,4502,9485,7673,80.9,10958,10454,10860,83.36,1216,no
Melodie Beirwagen,12,3,no,no,no,no,no,no,no,no,no,no,no,no,no,no,no,no,no,no,no,no,no,no,no,no,no,no,no,no,no,no,no,no,no,no,21529,2,11633,2,1880,37660,4574,8756,14199,9760,66,33,2206,1681,3200,6596,7283,4502,9485,7673,80.9,10958,10454,10860,83.36,1216,no
Sandeep Bali,12,3,no,no,no,no,no,no,no,no,no,no,no,no,no,no,no,no,no,no,no,no,no,no,no,no,no,no,no,no,no,no,no,no,no,no,21529,2,11633,2,1880,37660,4574,8756,14199,9760,66,33,2206,1681,3200,6596,7283,4502,9485,7673,80.9,10958,10454,10860,83.36,1216,no
Rex Burkholder,12,3,no,no,no,no,no,no,no,no,no,no,yes,no,no,no,no,no,no,no,yes,no,no,yes,no,no,no,no,no,no,no,no,no,no,yes,no,21529,2,11633,2,1880,37660,4574,8756,14199,9760,66,33,2206,1681,3200,6596,7283,4502,9485,7673,80.9,10958,10454,10860,83.36,1216,no
Christpher Brummer,12,3,no,no,no,no,no,no,no,no,no,no,no,no,no,no,no,no,no,no,no,no,no,no,no,no,no,no,no,no,no,no,no,no,no,no,21529,2,11633,2,1880,37660,4574,8756,14199,9760,66,33,2206,1681,3200,6596,7283,4502,9485,7673,80.9,10958,10454,10860,83.36,1216,no
Cristal Azul Otero,12,3,no,no,no,no,no,no,no,no,no,no,no,yes,no,no,no,no,no,no,no,no,no,no,no,no,no,no,no,no,no,no,no,no,no,no,21529,2,11633,2,1880,37660,4574,8756,14199,9760,66,33,2206,1681,3200,6596,7283,4502,9485,7673,80.9,10958,10454,10860,83.36,1216,no
Ahlam K Osman,12,3,no,yes,no,no,no,no,no,yes,no,no,no,no,no,no,no,no,no,no,no,no,no,no,no,no,no,no,no,no,no,no,no,no,no,no,21529,2,11633,2,1880,37660,4574,8756,14199,9760,66,33,2206,1681,3200,6596,7283,4502,9485,7673,80.9,10958,10454,10860,83.36,1216,no
Dan Gilk,12,3,no,no,no,no,no,no,yes,no,no,no,no,no,no,no,no,no,no,no,no,no,no,no,no,no,no,no,no,no,no,no,no,no,no,no,21529,2,11633,2,1880,37660,4574,8756,14199,9760,66,33,2206,1681,3200,6596,7283,4502,9485,7673,80.9,10958,10454,10860,83.36,1216,no
Steve Novick,12,3,no,no,no,no,no,no,no,no,no,yes,no,yes,no,no,yes,no,no,no,no,no,no,no,no,no,no,no,no,yes,no,no,no,no,no,yes,21529,2,11633,2,1880,37660,4574,8756,14199,9760,66,33,2206,1681,3200,6596,7283,4502,9485,7673,80.9,10958,10454,10860,83.36,1216,yes
Matthew (Matt) anderson,12,3,no,no,no,no,no,no,no,no,no,no,no,no,no,no,no,no,no,no,no,no,no,no,no,no,no,no,no,no,no,no,no,no,no,no,21529,2,11633,2,1880,37660,4574,8756,14199,9760,66,33,2206,1681,3200,6596,7283,4502,9485,7673,80.9,10958,10454,10860,83.36,1216,no
Kelly Janes (KJ),12,3,no,no,no,no,no,no,no,no,no,no,no,no,no,no,no,no,no,no,no,no,no,no,no,no,no,no,no,no,no,no,no,no,no,no,21529,2,11633,2,1880,37660,4574,8756,14199,9760,66,33,2206,1681,3200,6596,7283,4502,9485,7673,80.9,10958,10454,10860,83.36,1216,no
Terry Parker,12,3,no,no,no,no,no,no,no,no,no,no,no,no,no,no,no,no,no,no,no,no,no,no,no,no,no,no,no,no,no,no,no,no,no,no,21529,2,11633,2,1880,37660,4574,8756,14199,9760,66,33,2206,1681,3200,6596,7283,4502,9485,7673,80.9,10958,10454,10860,83.36,1216,no
Heart Free Pham,12,3,no,no,no,no,no,no,no,no,no,no,no,no,no,no,no,no,no,no,no,no,no,no,no,no,no,no,no,no,no,no,no,no,no,no,21529,2,11633,2,1880,37660,4574,8756,14199,9760,66,33,2206,1681,3200,6596,7283,4502,9485,7673,80.9,10958,10454,10860,83.36,1216,no
Kenneth (Kent) R. Landgraver III,12,3,no,no,no,no,no,no,no,no,no,no,no,no,no,no,no,no,no,no,no,no,no,no,no,no,no,no,no,no,no,no,no,no,no,no,21529,2,11633,2,1880,37660,4574,8756,14199,9760,66,33,2206,1681,3200,6596,7283,4502,9485,7673,80.9,10958,10454,10860,83.36,1216,no
Brian Conley,12,3,no,no,no,no,no,no,no,no,no,no,no,no,no,no,no,no,no,no,no,no,no,no,no,no,no,no,no,no,no,no,no,no,no,no,21529,2,11633,2,1880,37660,4574,8756,14199,9760,66,33,2206,1681,3200,6596,7283,4502,9485,7673,80.9,10958,10454,10860,83.36,1216,no
Jesse Cornett,12,3,no,no,yes,no,no,yes,no,no,yes,yes,yes,no,no,yes,no,no,no,no,yes,no,yes,yes,no,no,no,no,no,no,yes,no,no,no,no,no,21529,2,11633,2,1880,37660,4574,8756,14199,9760,66,33,2206,1681,3200,6596,7283,4502,9485,7673,80.9,10958,10454,10860,83.36,1216,no
John Sweeney,12,3,no,no,no,no,no,no,no,no,no,no,no,no,no,no,no,no,no,no,no,no,no,no,no,no,no,no,no,no,no,no,no,no,no,no,21529,2,11633,2,1880,37660,4574,8756,14199,9760,66,33,2206,1681,3200,6596,7283,4502,9485,7673,80.9,10958,10454,10860,83.36,1216,no
Theo Hathaway Saner,12,3,no,yes,no,no,no,no,no,no,no,no,no,no,no,no,no,no,no,no,no,no,no,no,no,no,no,no,no,no,no,no,no,no,no,no,21529,2,11633,2,1880,37660,4574,8756,14199,9760,66,33,2206,1681,3200,6596,7283,4502,9485,7673,80.9,10958,10454,10860,83.36,1216,no
Luke Zak,12,3,no,no,no,no,no,no,no,yes,no,no,no,no,no,no,no,no,no,no,no,no,no,no,no,no,yes,no,no,no,no,no,no,yes,no,no,21529,2,11633,2,1880,37660,4574,8756,14199,9760,66,33,2206,1681,3200,6596,7283,4502,9485,7673,80.9,10958,10454,10860,83.36,1216,no
Daniel DeMelo,12,3,no,no,yes,no,no,no,yes,no,yes,no,yes,no,no,no,no,yes,yes,no,no,no,no,no,no,no,no,no,no,no,no,no,no,yes,no,no,21529,2,11633,2,1880,37660,4574,8756,14199,9760,66,33,2206,1681,3200,6596,7283,4502,9485,7673,80.9,10958,10454,10860,83.36,1216,no
Chris Flanary,12,3,no,no,no,no,no,no,no,no,no,no,no,no,no,no,no,no,no,no,no,no,no,no,no,no,no,no,no,no,no,no,no,no,no,no,21529,2,11633,2,1880,37660,4574,8756,14199,9760,66,33,2206,1681,3200,6596,7283,4502,9485,7673,80.9,10958,10454,10860,83.36,1216,no
Angelita Morillo ,12,3,no,no,no,no,no,no,no,no,no,no,no,no,no,no,no,no,no,no,no,no,no,no,no,no,no,no,no,no,no,no,no,no,no,no,21529,2,11633,2,1880,37660,4574,8756,14199,9760,66,33,2206,1681,3200,6596,7283,4502,9485,7673,80.9,10958,10454,10860,83.36,1216,no
Tiffany Koyama Lane,59,3,yes,no,no,no,yes,yes,no,yes,no,no,no,no,yes,no,yes,no,no,yes,no,yes,yes,yes,yes,yes,yes,yes,yes,yes,yes,yes,no,no,yes,no,18428,1,7205,2,4136,29172,3182,9767,11671,7616,39,60,1819,2165,2832,5493,5036,4206,6645,5047,75.95,7921,7692,7789,76.58,884,yes
Philippe Knab,59,3,no,no,no,no,no,no,no,no,no,no,no,yes,no,no,no,no,no,no,yes,no,no,no,no,no,no,no,no,no,no,no,no,no,no,no,18428,1,7205,2,4136,29172,3182,9767,11671,7616,39,60,1819,2165,2832,5493,5036,4206,6645,5047,75.95,7921,7692,7789,76.58,884,no
Harrison Kass,59,3,no,no,yes,no,no,no,no,no,no,no,no,no,no,no,no,yes,no,no,no,no,no,no,no,no,no,no,no,no,no,no,no,no,no,no,18428,1,7205,2,4136,29172,3182,9767,11671,7616,39,60,1819,2165,2832,5493,5036,4206,6645,5047,75.95,7921,7692,7789,76.58,884,no
Kezia Wanner,59,3,no,no,no,no,no,no,no,no,no,yes,no,no,no,no,no,yes,yes,no,no,no,no,no,no,no,no,no,no,no,no,no,no,no,no,no,18428,1,7205,2,4136,29172,3182,9767,11671,7616,39,60,1819,2165,2832,5493,5036,4206,6645,5047,75.95,7921,7692,7789,76.58,884,no
Jonathan (Jon) Walker,59,3,no,no,no,no,no,no,yes,no,no,no,no,no,no,no,no,no,no,no,no,no,no,no,no,no,no,no,no,no,no,no,no,no,no,no,18428,1,7205,2,4136,29172,3182,9767,11671,7616,39,60,1819,2165,2832,5493,5036,4206,6645,5047,75.95,7921,7692,7789,76.58,884,no
Melodie Beirwagen,59,3,no,no,no,no,no,no,no,no,no,no,no,no,no,no,no,no,no,no,no,no,no,no,no,no,no,no,no,no,no,no,no,no,no,no,18428,1,7205,2,4136,29172,3182,9767,11671,7616,39,60,1819,2165,2832,5493,5036,4206,6645,5047,75.95,7921,7692,7789,76.58,884,no
Sandeep Bali,59,3,no,no,no,no,no,no,no,no,no,no,no,no,no,no,no,no,no,no,no,no,no,no,no,no,no,no,no,no,no,no,no,no,no,no,18428,1,7205,2,4136,29172,3182,9767,11671,7616,39,60,1819,2165,2832,5493,5036,4206,6645,5047,75.95,7921,7692,7789,76.58,884,no
Rex Burkholder,59,3,no,no,no,no,no,no,no,no,no,no,yes,no,no,no,no,no,no,no,yes,no,no,yes,no,no,no,no,no,no,no,no,no,no,yes,no,18428,1,7205,2,4136,29172,3182,9767,11671,7616,39,60,1819,2165,2832,5493,5036,4206,6645,5047,75.95,7921,7692,7789,76.58,884,no
Christpher Brummer,59,3,no,no,no,no,no,no,no,no,no,no,no,no,no,no,no,no,no,no,no,no,no,no,no,no,no,no,no,no,no,no,no,no,no,no,18428,1,7205,2,4136,29172,3182,9767,11671,7616,39,60,1819,2165,2832,5493,5036,4206,6645,5047,75.95,7921,7692,7789,76.58,884,no
Cristal Azul Otero,59,3,no,no,no,no,no,no,no,no,no,no,no,yes,no,no,no,no,no,no,no,no,no,no,no,no,no,no,no,no,no,no,no,no,no,no,18428,1,7205,2,4136,29172,3182,9767,11671,7616,39,60,1819,2165,2832,5493,5036,4206,6645,5047,75.95,7921,7692,7789,76.58,884,no
Ahlam K Osman,59,3,no,yes,no,no,no,no,no,yes,no,no,no,no,no,no,no,no,no,no,no,no,no,no,no,no,no,no,no,no,no,no,no,no,no,no,18428,1,7205,2,4136,29172,3182,9767,11671,7616,39,60,1819,2165,2832,5493,5036,4206,6645,5047,75.95,7921,7692,7789,76.58,884,no
Dan Gilk,59,3,no,no,no,no,no,no,yes,no,no,no,no,no,no,no,no,no,no,no,no,no,no,no,no,no,no,no,no,no,no,no,no,no,no,no,18428,1,7205,2,4136,29172,3182,9767,11671,7616,39,60,1819,2165,2832,5493,5036,4206,6645,5047,75.95,7921,7692,7789,76.58,884,no
Steve Novick,59,3,no,no,no,no,no,no,no,no,no,yes,no,yes,no,no,yes,no,no,no,no,no,no,no,no,no,no,no,no,yes,no,no,no,no,no,yes,18428,1,7205,2,4136,29172,3182,9767,11671,7616,39,60,1819,2165,2832,5493,5036,4206,6645,5047,75.95,7921,7692,7789,76.58,884,yes
Matthew (Matt) anderson,59,3,no,no,no,no,no,no,no,no,no,no,no,no,no,no,no,no,no,no,no,no,no,no,no,no,no,no,no,no,no,no,no,no,no,no,18428,1,7205,2,4136,29172,3182,9767,11671,7616,39,60,1819,2165,2832,5493,5036,4206,6645,5047,75.95,7921,7692,7789,76.58,884,no
Kelly Janes (KJ),59,3,no,no,no,no,no,no,no,no,no,no,no,no,no,no,no,no,no,no,no,no,no,no,no,no,no,no,no,no,no,no,no,no,no,no,18428,1,7205,2,4136,29172,3182,9767,11671,7616,39,60,1819,2165,2832,5493,5036,4206,6645,5047,75.95,7921,7692,7789,76.58,884,no
Terry Parker,59,3,no,no,no,no,no,no,no,no,no,no,no,no,no,no,no,no,no,no,no,no,no,no,no,no,no,no,no,no,no,no,no,no,no,no,18428,1,7205,2,4136,29172,3182,9767,11671,7616,39,60,1819,2165,2832,5493,5036,4206,6645,5047,75.95,7921,7692,7789,76.58,884,no
Heart Free Pham,59,3,no,no,no,no,no,no,no,no,no,no,no,no,no,no,no,no,no,no,no,no,no,no,no,no,no,no,no,no,no,no,no,no,no,no,18428,1,7205,2,4136,29172,3182,9767,11671,7616,39,60,1819,2165,2832,5493,5036,4206,6645,5047,75.95,7921,7692,7789,76.58,884,no
Kenneth (Kent) R. Landgraver III,59,3,no,no,no,no,no,no,no,no,no,no,no,no,no,no,no,no,no,no,no,no,no,no,no,no,no,no,no,no,no,no,no,no,no,no,18428,1,7205,2,4136,29172,3182,9767,11671,7616,39,60,1819,2165,2832,5493,5036,4206,6645,5047,75.95,7921,7692,7789,76.58,884,no
Brian Conley,59,3,no,no,no,no,no,no,no,no,no,no,no,no,no,no,no,no,no,no,no,no,no,no,no,no,no,no,no,no,no,no,no,no,no,no,18428,1,7205,2,4136,29172,3182,9767,11671,7616,39,60,1819,2165,2832,5493,5036,4206,6645,5047,75.95,7921,7692,7789,76.58,884,no
Jesse Cornett,59,3,no,no,yes,no,no,yes,no,no,yes,yes,yes,no,no,yes,no,no,no,no,yes,no,yes,yes,no,no,no,no,no,no,yes,no,no,no,no,no,18428,1,7205,2,4136,29172,3182,9767,11671,7616,39,60,1819,2165,2832,5493,5036,4206,6645,5047,75.95,7921,7692,7789,76.58,884,no
John Sweeney,59,3,no,no,no,no,no,no,no,no,no,no,no,no,no,no,no,no,no,no,no,no,no,no,no,no,no,no,no,no,no,no,no,no,no,no,18428,1,7205,2,4136,29172,3182,9767,11671,7616,39,60,1819,2165,2832,5493,5036,4206,6645,5047,75.95,7921,7692,7789,76.58,884,no
Theo Hathaway Saner,59,3,no,yes,no,no,no,no,no,no,no,no,no,no,no,no,no,no,no,no,no,no,no,no,no,no,no,no,no,no,no,no,no,no,no,no,18428,1,7205,2,4136,29172,3182,9767,11671,7616,39,60,1819,2165,2832,5493,5036,4206,6645,5047,75.95,7921,7692,7789,76.58,884,no
Luke Zak,59,3,no,no,no,no,no,no,no,yes,no,no,no,no,no,no,no,no,no,no,no,no,no,no,no,no,yes,no,no,no,no,no,no,yes,no,no,18428,1,7205,2,4136,29172,3182,9767,11671,7616,39,60,1819,2165,2832,5493,5036,4206,6645,5047,75.95,7921,7692,7789,76.58,884,no
Daniel DeMelo,59,3,no,no,yes,no,no,no,yes,no,yes,no,yes,no,no,no,no,yes,yes,no,no,no,no,no,no,no,no,no,no,no,no,no,no,yes,no,no,18428,1,7205,2,4136,29172,3182,9767,11671,7616,39,60,1819,2165,2832,5493,5036,4206,6645,5047,75.95,7921,7692,7789,76.58,884,no
Chris Flanary,59,3,no,no,no,no,no,no,no,no,no,no,no,no,no,no,no,no,no,no,no,no,no,no,no,no,no,no,no,no,no,no,no,no,no,no,18428,1,7205,2,4136,29172,3182,9767,11671,7616,39,60,1819,2165,2832,5493,5036,4206,6645,5047,75.95,7921,7692,7789,76.58,884,no
Angelita Morillo ,59,3,no,no,no,no,no,no,no,no,no,no,no,no,no,no,no,no,no,no,no,no,no,no,no,no,no,no,no,no,no,no,no,no,no,no,18428,1,7205,2,4136,29172,3182,9767,11671,7616,39,60,1819,2165,2832,5493,5036,4206,6645,5047,75.95,7921,7692,7789,76.58,884,no
Tiffany Koyama Lane,72,3,yes,no,no,no,yes,yes,no,yes,no,no,no,no,yes,no,yes,no,no,yes,no,yes,yes,yes,yes,yes,yes,yes,yes,yes,yes,yes,no,no,yes,no,10510,2,4722,2,889,17983,1720,3632,7542,5305,53,46,1312,692,1570,2849,3731,4208,3571,3097,86.73,7012,6396,6524,85.13,695,yes
Philippe Knab,72,3,no,no,no,no,no,no,no,no,no,no,no,yes,no,no,no,no,no,no,yes,no,no,no,no,no,no,no,no,no,no,no,no,no,no,no,10510,2,4722,2,889,17983,1720,3632,7542,5305,53,46,1312,692,1570,2849,3731,4208,3571,3097,86.73,7012,6396,6524,85.13,695,no
Harrison Kass,72,3,no,no,yes,no,no,no,no,no,no,no,no,no,no,no,no,yes,no,no,no,no,no,no,no,no,no,no,no,no,no,no,no,no,no,no,10510,2,4722,2,889,17983,1720,3632,7542,5305,53,46,1312,692,1570,2849,3731,4208,3571,3097,86.73,7012,6396,6524,85.13,695,no
Kezia Wanner,72,3,no,no,no,no,no,no,no,no,no,yes,no,no,no,no,no,yes,yes,no,no,no,no,no,no,no,no,no,no,no,no,no,no,no,no,no,10510,2,4722,2,889,17983,1720,3632,7542,5305,53,46,1312,692,1570,2849,3731,4208,3571,3097,86.73,7012,6396,6524,85.13,695,no
Jonathan (Jon) Walker,72,3,no,no,no,no,no,no,yes,no,no,no,no,no,no,no,no,no,no,no,no,no,no,no,no,no,no,no,no,no,no,no,no,no,no,no,10510,2,4722,2,889,17983,1720,3632,7542,5305,53,46,1312,692,1570,2849,3731,4208,3571,3097,86.73,7012,6396,6524,85.13,695,no
Melodie Beirwagen,72,3,no,no,no,no,no,no,no,no,no,no,no,no,no,no,no,no,no,no,no,no,no,no,no,no,no,no,no,no,no,no,no,no,no,no,10510,2,4722,2,889,17983,1720,3632,7542,5305,53,46,1312,692,1570,2849,3731,4208,3571,3097,86.73,7012,6396,6524,85.13,695,no
Sandeep Bali,72,3,no,no,no,no,no,no,no,no,no,no,no,no,no,no,no,no,no,no,no,no,no,no,no,no,no,no,no,no,no,no,no,no,no,no,10510,2,4722,2,889,17983,1720,3632,7542,5305,53,46,1312,692,1570,2849,3731,4208,3571,3097,86.73,7012,6396,6524,85.13,695,no
Rex Burkholder,72,3,no,no,no,no,no,no,no,no,no,no,yes,no,no,no,no,no,no,no,yes,no,no,yes,no,no,no,no,no,no,no,no,no,no,yes,no,10510,2,4722,2,889,17983,1720,3632,7542,5305,53,46,1312,692,1570,2849,3731,4208,3571,3097,86.73,7012,6396,6524,85.13,695,no
Christpher Brummer,72,3,no,no,no,no,no,no,no,no,no,no,no,no,no,no,no,no,no,no,no,no,no,no,no,no,no,no,no,no,no,no,no,no,no,no,10510,2,4722,2,889,17983,1720,3632,7542,5305,53,46,1312,692,1570,2849,3731,4208,3571,3097,86.73,7012,6396,6524,85.13,695,no
Cristal Azul Otero,72,3,no,no,no,no,no,no,no,no,no,no,no,yes,no,no,no,no,no,no,no,no,no,no,no,no,no,no,no,no,no,no,no,no,no,no,10510,2,4722,2,889,17983,1720,3632,7542,5305,53,46,1312,692,1570,2849,3731,4208,3571,3097,86.73,7012,6396,6524,85.13,695,no
Ahlam K Osman,72,3,no,yes,no,no,no,no,no,yes,no,no,no,no,no,no,no,no,no,no,no,no,no,no,no,no,no,no,no,no,no,no,no,no,no,no,10510,2,4722,2,889,17983,1720,3632,7542,5305,53,46,1312,692,1570,2849,3731,4208,3571,3097,86.73,7012,6396,6524,85.13,695,no
Dan Gilk,72,3,no,no,no,no,no,no,yes,no,no,no,no,no,no,no,no,no,no,no,no,no,no,no,no,no,no,no,no,no,no,no,no,no,no,no,10510,2,4722,2,889,17983,1720,3632,7542,5305,53,46,1312,692,1570,2849,3731,4208,3571,3097,86.73,7012,6396,6524,85.13,695,no
Steve Novick,72,3,no,no,no,no,no,no,no,no,no,yes,no,yes,no,no,yes,no,no,no,no,no,no,no,no,no,no,no,no,yes,no,no,no,no,no,yes,10510,2,4722,2,889,17983,1720,3632,7542,5305,53,46,1312,692,1570,2849,3731,4208,3571,3097,86.73,7012,6396,6524,85.13,695,yes
Matthew (Matt) anderson,72,3,no,no,no,no,no,no,no,no,no,no,no,no,no,no,no,no,no,no,no,no,no,no,no,no,no,no,no,no,no,no,no,no,no,no,10510,2,4722,2,889,17983,1720,3632,7542,5305,53,46,1312,692,1570,2849,3731,4208,3571,3097,86.73,7012,6396,6524,85.13,695,no
Kelly Janes (KJ),72,3,no,no,no,no,no,no,no,no,no,no,no,no,no,no,no,no,no,no,no,no,no,no,no,no,no,no,no,no,no,no,no,no,no,no,10510,2,4722,2,889,17983,1720,3632,7542,5305,53,46,1312,692,1570,2849,3731,4208,3571,3097,86.73,7012,6396,6524,85.13,695,no
Terry Parker,72,3,no,no,no,no,no,no,no,no,no,no,no,no,no,no,no,no,no,no,no,no,no,no,no,no,no,no,no,no,no,no,no,no,no,no,10510,2,4722,2,889,17983,1720,3632,7542,5305,53,46,1312,692,1570,2849,3731,4208,3571,3097,86.73,7012,6396,6524,85.13,695,no
Heart Free Pham,72,3,no,no,no,no,no,no,no,no,no,no,no,no,no,no,no,no,no,no,no,no,no,no,no,no,no,no,no,no,no,no,no,no,no,no,10510,2,4722,2,889,17983,1720,3632,7542,5305,53,46,1312,692,1570,2849,3731,4208,3571,3097,86.73,7012,6396,6524,85.13,695,no
Kenneth (Kent) R. Landgraver III,72,3,no,no,no,no,no,no,no,no,no,no,no,no,no,no,no,no,no,no,no,no,no,no,no,no,no,no,no,no,no,no,no,no,no,no,10510,2,4722,2,889,17983,1720,3632,7542,5305,53,46,1312,692,1570,2849,3731,4208,3571,3097,86.73,7012,6396,6524,85.13,695,no
Brian Conley,72,3,no,no,no,no,no,no,no,no,no,no,no,no,no,no,no,no,no,no,no,no,no,no,no,no,no,no,no,no,no,no,no,no,no,no,10510,2,4722,2,889,17983,1720,3632,7542,5305,53,46,1312,692,1570,2849,3731,4208,3571,3097,86.73,7012,6396,6524,85.13,695,no
Jesse Cornett,72,3,no,no,yes,no,no,yes,no,no,yes,yes,yes,no,no,yes,no,no,no,no,yes,no,yes,yes,no,no,no,no,no,no,yes,no,no,no,no,no,10510,2,4722,2,889,17983,1720,3632,7542,5305,53,46,1312,692,1570,2849,3731,4208,3571,3097,86.73,7012,6396,6524,85.13,695,no
John Sweeney,72,3,no,no,no,no,no,no,no,no,no,no,no,no,no,no,no,no,no,no,no,no,no,no,no,no,no,no,no,no,no,no,no,no,no,no,10510,2,4722,2,889,17983,1720,3632,7542,5305,53,46,1312,692,1570,2849,3731,4208,3571,3097,86.73,7012,6396,6524,85.13,695,no
Theo Hathaway Saner,72,3,no,yes,no,no,no,no,no,no,no,no,no,no,no,no,no,no,no,no,no,no,no,no,no,no,no,no,no,no,no,no,no,no,no,no,10510,2,4722,2,889,17983,1720,3632,7542,5305,53,46,1312,692,1570,2849,3731,4208,3571,3097,86.73,7012,6396,6524,85.13,695,no
Luke Zak,72,3,no,no,no,no,no,no,no,yes,no,no,no,no,no,no,no,no,no,no,no,no,no,no,no,no,yes,no,no,no,no,no,no,yes,no,no,10510,2,4722,2,889,17983,1720,3632,7542,5305,53,46,1312,692,1570,2849,3731,4208,3571,3097,86.73,7012,6396,6524,85.13,695,no
Daniel DeMelo,72,3,no,no,yes,no,no,no,yes,no,yes,no,yes,no,no,no,no,yes,yes,no,no,no,no,no,no,no,no,no,no,no,no,no,no,yes,no,no,10510,2,4722,2,889,17983,1720,3632,7542,5305,53,46,1312,692,1570,2849,3731,4208,3571,3097,86.73,7012,6396,6524,85.13,695,no
Chris Flanary,72,3,no,no,no,no,no,no,no,no,no,no,no,no,no,no,no,no,no,no,no,no,no,no,no,no,no,no,no,no,no,no,no,no,no,no,10510,2,4722,2,889,17983,1720,3632,7542,5305,53,46,1312,692,1570,2849,3731,4208,3571,3097,86.73,7012,6396,6524,85.13,695,no
Angelita Morillo ,72,3,no,no,no,no,no,no,no,no,no,no,no,no,no,no,no,no,no,no,no,no,no,no,no,no,no,no,no,no,no,no,no,no,no,no,10510,2,4722,2,889,17983,1720,3632,7542,5305,53,46,1312,692,1570,2849,3731,4208,3571,3097,86.73,7012,6396,6524,85.13,695,no
Tiffany Koyama Lane,23,3,yes,no,no,no,yes,yes,no,yes,no,no,no,no,yes,no,yes,no,no,yes,no,yes,yes,yes,yes,yes,yes,yes,yes,yes,yes,yes,no,no,yes,no,9879,2,5103,2,1418,17632,2838,5494,6327,3406,64,35,1068,678,1675,3359,2705,4603,5284,4063,76.89,5994,5816,6256,79.97,1094,yes
Philippe Knab,23,3,no,no,no,no,no,no,no,no,no,no,no,yes,no,no,no,no,no,no,yes,no,no,no,no,no,no,no,no,no,no,no,no,no,no,no,9879,2,5103,2,1418,17632,2838,5494,6327,3406,64,35,1068,678,1675,3359,2705,4603,5284,4063,76.89,5994,5816,6256,79.97,1094,no
Harrison Kass,23,3,no,no,yes,no,no,no,no,no,no,no,no,no,no,no,no,yes,no,no,no,no,no,no,no,no,no,no,no,no,no,no,no,no,no,no,9879,2,5103,2,1418,17632,2838,5494,6327,3406,64,35,1068,678,1675,3359,2705,4603,5284,4063,76.89,5994,5816,6256,79.97,1094,no
Kezia Wanner,23,3,no,no,no,no,no,no,no,no,no,yes,no,no,no,no,no,yes,yes,no,no,no,no,no,no,no,no,no,no,no,no,no,no,no,no,no,9879,2,5103,2,1418,17632,2838,5494,6327,3406,64,35,1068,678,1675,3359,2705,4603,5284,4063,76.89,5994,5816,6256,79.97,1094,no
Jonathan (Jon) Walker,23,3,no,no,no,no,no,no,yes,no,no,no,no,no,no,no,no,no,no,no,no,no,no,no,no,no,no,no,no,no,no,no,no,no,no,no,9879,2,5103,2,1418,17632,2838,5494,6327,3406,64,35,1068,678,1675,3359,2705,4603,5284,4063,76.89,5994,5816,6256,79.97,1094,no
Melodie Beirwagen,23,3,no,no,no,no,no,no,no,no,no,no,no,no,no,no,no,no,no,no,no,no,no,no,no,no,no,no,no,no,no,no,no,no,no,no,9879,2,5103,2,1418,17632,2838,5494,6327,3406,64,35,1068,678,1675,3359,2705,4603,5284,4063,76.89,5994,5816,6256,79.97,1094,no
Sandeep Bali,23,3,no,no,no,no,no,no,no,no,no,no,no,no,no,no,no,no,no,no,no,no,no,no,no,no,no,no,no,no,no,no,no,no,no,no,9879,2,5103,2,1418,17632,2838,5494,6327,3406,64,35,1068,678,1675,3359,2705,4603,5284,4063,76.89,5994,5816,6256,79.97,1094,no
Rex Burkholder,23,3,no,no,no,no,no,no,no,no,no,no,yes,no,no,no,no,no,no,no,yes,no,no,yes,no,no,no,no,no,no,no,no,no,no,yes,no,9879,2,5103,2,1418,17632,2838,5494,6327,3406,64,35,1068,678,1675,3359,2705,4603,5284,4063,76.89,5994,5816,6256,79.97,1094,no
Christpher Brummer,23,3,no,no,no,no,no,no,no,no,no,no,no,no,no,no,no,no,no,no,no,no,no,no,no,no,no,no,no,no,no,no,no,no,no,no,9879,2,5103,2,1418,17632,2838,5494,6327,3406,64,35,1068,678,1675,3359,2705,4603,5284,4063,76.89,5994,5816,6256,79.97,1094,no
Cristal Azul Otero,23,3,no,no,no,no,no,no,no,no,no,no,no,yes,no,no,no,no,no,no,no,no,no,no,no,no,no,no,no,no,no,no,no,no,no,no,9879,2,5103,2,1418,17632,2838,5494,6327,3406,64,35,1068,678,1675,3359,2705,4603,5284,4063,76.89,5994,5816,6256,79.97,1094,no
Ahlam K Osman,23,3,no,yes,no,no,no,no,no,yes,no,no,no,no,no,no,no,no,no,no,no,no,no,no,no,no,no,no,no,no,no,no,no,no,no,no,9879,2,5103,2,1418,17632,2838,5494,6327,3406,64,35,1068,678,1675,3359,2705,4603,5284,4063,76.89,5994,5816,6256,79.97,1094,no
Dan Gilk,23,3,no,no,no,no,no,no,yes,no,no,no,no,no,no,no,no,no,no,no,no,no,no,no,no,no,no,no,no,no,no,no,no,no,no,no,9879,2,5103,2,1418,17632,2838,5494,6327,3406,64,35,1068,678,1675,3359,2705,4603,5284,4063,76.89,5994,5816,6256,79.97,1094,no
Steve Novick,23,3,no,no,no,no,no,no,no,no,no,yes,no,yes,no,no,yes,no,no,no,no,no,no,no,no,no,no,no,no,yes,no,no,no,no,no,yes,9879,2,5103,2,1418,17632,2838,5494,6327,3406,64,35,1068,678,1675,3359,2705,4603,5284,4063,76.89,5994,5816,6256,79.97,1094,yes
Matthew (Matt) anderson,23,3,no,no,no,no,no,no,no,no,no,no,no,no,no,no,no,no,no,no,no,no,no,no,no,no,no,no,no,no,no,no,no,no,no,no,9879,2,5103,2,1418,17632,2838,5494,6327,3406,64,35,1068,678,1675,3359,2705,4603,5284,4063,76.89,5994,5816,6256,79.97,1094,no
Kelly Janes (KJ),23,3,no,no,no,no,no,no,no,no,no,no,no,no,no,no,no,no,no,no,no,no,no,no,no,no,no,no,no,no,no,no,no,no,no,no,9879,2,5103,2,1418,17632,2838,5494,6327,3406,64,35,1068,678,1675,3359,2705,4603,5284,4063,76.89,5994,5816,6256,79.97,1094,no
Terry Parker,23,3,no,no,no,no,no,no,no,no,no,no,no,no,no,no,no,no,no,no,no,no,no,no,no,no,no,no,no,no,no,no,no,no,no,no,9879,2,5103,2,1418,17632,2838,5494,6327,3406,64,35,1068,678,1675,3359,2705,4603,5284,4063,76.89,5994,5816,6256,79.97,1094,no
Heart Free Pham,23,3,no,no,no,no,no,no,no,no,no,no,no,no,no,no,no,no,no,no,no,no,no,no,no,no,no,no,no,no,no,no,no,no,no,no,9879,2,5103,2,1418,17632,2838,5494,6327,3406,64,35,1068,678,1675,3359,2705,4603,5284,4063,76.89,5994,5816,6256,79.97,1094,no
Kenneth (Kent) R. Landgraver III,23,3,no,no,no,no,no,no,no,no,no,no,no,no,no,no,no,no,no,no,no,no,no,no,no,no,no,no,no,no,no,no,no,no,no,no,9879,2,5103,2,1418,17632,2838,5494,6327,3406,64,35,1068,678,1675,3359,2705,4603,5284,4063,76.89,5994,5816,6256,79.97,1094,no
Brian Conley,23,3,no,no,no,no,no,no,no,no,no,no,no,no,no,no,no,no,no,no,no,no,no,no,no,no,no,no,no,no,no,no,no,no,no,no,9879,2,5103,2,1418,17632,2838,5494,6327,3406,64,35,1068,678,1675,3359,2705,4603,5284,4063,76.89,5994,5816,6256,79.97,1094,no
Jesse Cornett,23,3,no,no,yes,no,no,yes,no,no,yes,yes,yes,no,no,yes,no,no,no,no,yes,no,yes,yes,no,no,no,no,no,no,yes,no,no,no,no,no,9879,2,5103,2,1418,17632,2838,5494,6327,3406,64,35,1068,678,1675,3359,2705,4603,5284,4063,76.89,5994,5816,6256,79.97,1094,no
John Sweeney,23,3,no,no,no,no,no,no,no,no,no,no,no,no,no,no,no,no,no,no,no,no,no,no,no,no,no,no,no,no,no,no,no,no,no,no,9879,2,5103,2,1418,17632,2838,5494,6327,3406,64,35,1068,678,1675,3359,2705,4603,5284,4063,76.89,5994,5816,6256,79.97,1094,no
Theo Hathaway Saner,23,3,no,yes,no,no,no,no,no,no,no,no,no,no,no,no,no,no,no,no,no,no,no,no,no,no,no,no,no,no,no,no,no,no,no,no,9879,2,5103,2,1418,17632,2838,5494,6327,3406,64,35,1068,678,1675,3359,2705,4603,5284,4063,76.89,5994,5816,6256,79.97,1094,no
Luke Zak,23,3,no,no,no,no,no,no,no,yes,no,no,no,no,no,no,no,no,no,no,no,no,no,no,no,no,yes,no,no,no,no,no,no,yes,no,no,9879,2,5103,2,1418,17632,2838,5494,6327,3406,64,35,1068,678,1675,3359,2705,4603,5284,4063,76.89,5994,5816,6256,79.97,1094,no
Daniel DeMelo,23,3,no,no,yes,no,no,no,yes,no,yes,no,yes,no,no,no,no,yes,yes,no,no,no,no,no,no,no,no,no,no,no,no,no,no,yes,no,no,9879,2,5103,2,1418,17632,2838,5494,6327,3406,64,35,1068,678,1675,3359,2705,4603,5284,4063,76.89,5994,5816,6256,79.97,1094,no
Chris Flanary,23,3,no,no,no,no,no,no,no,no,no,no,no,no,no,no,no,no,no,no,no,no,no,no,no,no,no,no,no,no,no,no,no,no,no,no,9879,2,5103,2,1418,17632,2838,5494,6327,3406,64,35,1068,678,1675,3359,2705,4603,5284,4063,76.89,5994,5816,6256,79.97,1094,no
Angelita Morillo ,23,3,no,no,no,no,no,no,no,no,no,no,no,no,no,no,no,no,no,no,no,no,no,no,no,no,no,no,no,no,no,no,no,no,no,no,9879,2,5103,2,1418,17632,2838,5494,6327,3406,64,35,1068,678,1675,3359,2705,4603,5284,4063,76.89,5994,5816,6256,79.97,1094,no
Tiffany Koyama Lane,30,3,yes,no,no,no,yes,yes,no,yes,no,no,no,no,yes,no,yes,no,no,yes,no,yes,yes,yes,yes,yes,yes,yes,yes,yes,yes,yes,no,no,yes,no,16776,2,8334,2,1841,29464,5025,8907,9614,4821,61,38,1796,2039,2883,5296,3822,4503,9270,7070,76.27,9450,9197,9640,83.4,1076,yes
Philippe Knab,30,3,no,no,no,no,no,no,no,no,no,no,no,yes,no,no,no,no,no,no,yes,no,no,no,no,no,no,no,no,no,no,no,no,no,no,no,16776,2,8334,2,1841,29464,5025,8907,9614,4821,61,38,1796,2039,2883,5296,3822,4503,9270,7070,76.27,9450,9197,9640,83.4,1076,no
Harrison Kass,30,3,no,no,yes,no,no,no,no,no,no,no,no,no,no,no,no,yes,no,no,no,no,no,no,no,no,no,no,no,no,no,no,no,no,no,no,16776,2,8334,2,1841,29464,5025,8907,9614,4821,61,38,1796,2039,2883,5296,3822,4503,9270,7070,76.27,9450,9197,9640,83.4,1076,no
Kezia Wanner,30,3,no,no,no,no,no,no,no,no,no,yes,no,no,no,no,no,yes,yes,no,no,no,no,no,no,no,no,no,no,no,no,no,no,no,no,no,16776,2,8334,2,1841,29464,5025,8907,9614,4821,61,38,1796,2039,2883,5296,3822,4503,9270,7070,76.27,9450,9197,9640,83.4,1076,no
Jonathan (Jon) Walker,30,3,no,no,no,no,no,no,yes,no,no,no,no,no,no,no,no,no,no,no,no,no,no,no,no,no,no,no,no,no,no,no,no,no,no,no,16776,2,8334,2,1841,29464,5025,8907,9614,4821,61,38,1796,2039,2883,5296,3822,4503,9270,7070,76.27,9450,9197,9640,83.4,1076,no
Melodie Beirwagen,30,3,no,no,no,no,no,no,no,no,no,no,no,no,no,no,no,no,no,no,no,no,no,no,no,no,no,no,no,no,no,no,no,no,no,no,16776,2,8334,2,1841,29464,5025,8907,9614,4821,61,38,1796,2039,2883,5296,3822,4503,9270,7070,76.27,9450,9197,9640,83.4,1076,no
Sandeep Bali,30,3,no,no,no,no,no,no,no,no,no,no,no,no,no,no,no,no,no,no,no,no,no,no,no,no,no,no,no,no,no,no,no,no,no,no,16776,2,8334,2,1841,29464,5025,8907,9614,4821,61,38,1796,2039,2883,5296,3822,4503,9270,7070,76.27,9450,9197,9640,83.4,1076,no
Rex Burkholder,30,3,no,no,no,no,no,no,no,no,no,no,yes,no,no,no,no,no,no,no,yes,no,no,yes,no,no,no,no,no,no,no,no,no,no,yes,no,16776,2,8334,2,1841,29464,5025,8907,9614,4821,61,38,1796,2039,2883,5296,3822,4503,9270,7070,76.27,9450,9197,9640,83.4,1076,no
Christpher Brummer,30,3,no,no,no,no,no,no,no,no,no,no,no,no,no,no,no,no,no,no,no,no,no,no,no,no,no,no,no,no,no,no,no,no,no,no,16776,2,8334,2,1841,29464,5025,8907,9614,4821,61,38,1796,2039,2883,5296,3822,4503,9270,7070,76.27,9450,9197,9640,83.4,1076,no
Cristal Azul Otero,30,3,no,no,no,no,no,no,no,no,no,no,no,yes,no,no,no,no,no,no,no,no,no,no,no,no,no,no,no,no,no,no,no,no,no,no,16776,2,8334,2,1841,29464,5025,8907,9614,4821,61,38,1796,2039,2883,5296,3822,4503,9270,7070,76.27,9450,9197,9640,83.4,1076,no
Ahlam K Osman,30,3,no,yes,no,no,no,no,no,yes,no,no,no,no,no,no,no,no,no,no,no,no,no,no,no,no,no,no,no,no,no,no,no,no,no,no,16776,2,8334,2,1841,29464,5025,8907,9614,4821,61,38,1796,2039,2883,5296,3822,4503,9270,7070,76.27,9450,9197,9640,83.4,1076,no
Dan Gilk,30,3,no,no,no,no,no,no,yes,no,no,no,no,no,no,no,no,no,no,no,no,no,no,no,no,no,no,no,no,no,no,no,no,no,no,no,16776,2,8334,2,1841,29464,5025,8907,9614,4821,61,38,1796,2039,2883,5296,3822,4503,9270,7070,76.27,9450,9197,9640,83.4,1076,no
Steve Novick,30,3,no,no,no,no,no,no,no,no,no,yes,no,yes,no,no,yes,no,no,no,no,no,no,no,no,no,no,no,no,yes,no,no,no,no,no,yes,16776,2,8334,2,1841,29464,5025,8907,9614,4821,61,38,1796,2039,2883,5296,3822,4503,9270,7070,76.27,9450,9197,9640,83.4,1076,yes
Matthew (Matt) anderson,30,3,no,no,no,no,no,no,no,no,no,no,no,no,no,no,no,no,no,no,no,no,no,no,no,no,no,no,no,no,no,no,no,no,no,no,16776,2,8334,2,1841,29464,5025,8907,9614,4821,61,38,1796,2039,2883,5296,3822,4503,9270,7070,76.27,9450,9197,9640,83.4,1076,no
Kelly Janes (KJ),30,3,no,no,no,no,no,no,no,no,no,no,no,no,no,no,no,no,no,no,no,no,no,no,no,no,no,no,no,no,no,no,no,no,no,no,16776,2,8334,2,1841,29464,5025,8907,9614,4821,61,38,1796,2039,2883,5296,3822,4503,9270,7070,76.27,9450,9197,9640,83.4,1076,no
Terry Parker,30,3,no,no,no,no,no,no,no,no,no,no,no,no,no,no,no,no,no,no,no,no,no,no,no,no,no,no,no,no,no,no,no,no,no,no,16776,2,8334,2,1841,29464,5025,8907,9614,4821,61,38,1796,2039,2883,5296,3822,4503,9270,7070,76.27,9450,9197,9640,83.4,1076,no
Heart Free Pham,30,3,no,no,no,no,no,no,no,no,no,no,no,no,no,no,no,no,no,no,no,no,no,no,no,no,no,no,no,no,no,no,no,no,no,no,16776,2,8334,2,1841,29464,5025,8907,9614,4821,61,38,1796,2039,2883,5296,3822,4503,9270,7070,76.27,9450,9197,9640,83.4,1076,no
Kenneth (Kent) R. Landgraver III,30,3,no,no,no,no,no,no,no,no,no,no,no,no,no,no,no,no,no,no,no,no,no,no,no,no,no,no,no,no,no,no,no,no,no,no,16776,2,8334,2,1841,29464,5025,8907,9614,4821,61,38,1796,2039,2883,5296,3822,4503,9270,7070,76.27,9450,9197,9640,83.4,1076,no
Brian Conley,30,3,no,no,no,no,no,no,no,no,no,no,no,no,no,no,no,no,no,no,no,no,no,no,no,no,no,no,no,no,no,no,no,no,no,no,16776,2,8334,2,1841,29464,5025,8907,9614,4821,61,38,1796,2039,2883,5296,3822,4503,9270,7070,76.27,9450,9197,9640,83.4,1076,no
Jesse Cornett,30,3,no,no,yes,no,no,yes,no,no,yes,yes,yes,no,no,yes,no,no,no,no,yes,no,yes,yes,no,no,no,no,no,no,yes,no,no,no,no,no,16776,2,8334,2,1841,29464,5025,8907,9614,4821,61,38,1796,2039,2883,5296,3822,4503,9270,7070,76.27,9450,9197,9640,83.4,1076,no
John Sweeney,30,3,no,no,no,no,no,no,no,no,no,no,no,no,no,no,no,no,no,no,no,no,no,no,no,no,no,no,no,no,no,no,no,no,no,no,16776,2,8334,2,1841,29464,5025,8907,9614,4821,61,38,1796,2039,2883,5296,3822,4503,9270,7070,76.27,9450,9197,9640,83.4,1076,no
Theo Hathaway Saner,30,3,no,yes,no,no,no,no,no,no,no,no,no,no,no,no,no,no,no,no,no,no,no,no,no,no,no,no,no,no,no,no,no,no,no,no,16776,2,8334,2,1841,29464,5025,8907,9614,4821,61,38,1796,2039,2883,5296,3822,4503,9270,7070,76.27,9450,9197,9640,83.4,1076,no
Luke Zak,30,3,no,no,no,no,no,no,no,yes,no,no,no,no,no,no,no,no,no,no,no,no,no,no,no,no,yes,no,no,no,no,no,no,yes,no,no,16776,2,8334,2,1841,29464,5025,8907,9614,4821,61,38,1796,2039,2883,5296,3822,4503,9270,7070,76.27,9450,9197,9640,83.4,1076,no
Daniel DeMelo,30,3,no,no,yes,no,no,no,yes,no,yes,no,yes,no,no,no,no,yes,yes,no,no,no,no,no,no,no,no,no,no,no,no,no,no,yes,no,no,16776,2,8334,2,1841,29464,5025,8907,9614,4821,61,38,1796,2039,2883,5296,3822,4503,9270,7070,76.27,9450,9197,9640,83.4,1076,no
Chris Flanary,30,3,no,no,no,no,no,no,no,no,no,no,no,no,no,no,no,no,no,no,no,no,no,no,no,no,no,no,no,no,no,no,no,no,no,no,16776,2,8334,2,1841,29464,5025,8907,9614,4821,61,38,1796,2039,2883,5296,3822,4503,9270,7070,76.27,9450,9197,9640,83.4,1076,no
Angelita Morillo ,30,3,no,no,no,no,no,no,no,no,no,no,no,no,no,no,no,no,no,no,no,no,no,no,no,no,no,no,no,no,no,no,no,no,no,no,16776,2,8334,2,1841,29464,5025,8907,9614,4821,61,38,1796,2039,2883,5296,3822,4503,9270,7070,76.27,9450,9197,9640,83.4,1076,no
Tiffany Koyama Lane,77,3,yes,no,no,no,yes,yes,no,yes,no,no,no,no,yes,no,yes,no,no,yes,no,yes,yes,yes,yes,yes,yes,yes,yes,yes,yes,yes,no,no,yes,no,7547,2,3749,2,974,13104,1561,3022,5070,3474,59,40,800,794,1104,1976,2586,4505,3123,2257,72.27,9650,9608,9796,79.05,1187,yes
Philippe Knab,77,3,no,no,no,no,no,no,no,no,no,no,no,yes,no,no,no,no,no,no,yes,no,no,no,no,no,no,no,no,no,no,no,no,no,no,no,7547,2,3749,2,974,13104,1561,3022,5070,3474,59,40,800,794,1104,1976,2586,4505,3123,2257,72.27,9650,9608,9796,79.05,1187,no
Harrison Kass,77,3,no,no,yes,no,no,no,no,no,no,no,no,no,no,no,no,yes,no,no,no,no,no,no,no,no,no,no,no,no,no,no,no,no,no,no,7547,2,3749,2,974,13104,1561,3022,5070,3474,59,40,800,794,1104,1976,2586,4505,3123,2257,72.27,9650,9608,9796,79.05,1187,no
Kezia Wanner,77,3,no,no,no,no,no,no,no,no,no,yes,no,no,no,no,no,yes,yes,no,no,no,no,no,no,no,no,no,no,no,no,no,no,no,no,no,7547,2,3749,2,974,13104,1561,3022,5070,3474,59,40,800,794,1104,1976,2586,4505,3123,2257,72.27,9650,9608,9796,79.05,1187,no
Jonathan (Jon) Walker,77,3,no,no,no,no,no,no,yes,no,no,no,no,no,no,no,no,no,no,no,no,no,no,no,no,no,no,no,no,no,no,no,no,no,no,no,7547,2,3749,2,974,13104,1561,3022,5070,3474,59,40,800,794,1104,1976,2586,4505,3123,2257,72.27,9650,9608,9796,79.05,1187,no
Melodie Beirwagen,77,3,no,no,no,no,no,no,no,no,no,no,no,no,no,no,no,no,no,no,no,no,no,no,no,no,no,no,no,no,no,no,no,no,no,no,7547,2,3749,2,974,13104,1561,3022,5070,3474,59,40,800,794,1104,1976,2586,4505,3123,2257,72.27,9650,9608,9796,79.05,1187,no
Sandeep Bali,77,3,no,no,no,no,no,no,no,no,no,no,no,no,no,no,no,no,no,no,no,no,no,no,no,no,no,no,no,no,no,no,no,no,no,no,7547,2,3749,2,974,13104,1561,3022,5070,3474,59,40,800,794,1104,1976,2586,4505,3123,2257,72.27,9650,9608,9796,79.05,1187,no
Rex Burkholder,77,3,no,no,no,no,no,no,no,no,no,no,yes,no,no,no,no,no,no,no,yes,no,no,yes,no,no,no,no,no,no,no,no,no,no,yes,no,7547,2,3749,2,974,13104,1561,3022,5070,3474,59,40,800,794,1104,1976,2586,4505,3123,2257,72.27,9650,9608,9796,79.05,1187,no
Christpher Brummer,77,3,no,no,no,no,no,no,no,no,no,no,no,no,no,no,no,no,no,no,no,no,no,no,no,no,no,no,no,no,no,no,no,no,no,no,7547,2,3749,2,974,13104,1561,3022,5070,3474,59,40,800,794,1104,1976,2586,4505,3123,2257,72.27,9650,9608,9796,79.05,1187,no
Cristal Azul Otero,77,3,no,no,no,no,no,no,no,no,no,no,no,yes,no,no,no,no,no,no,no,no,no,no,no,no,no,no,no,no,no,no,no,no,no,no,7547,2,3749,2,974,13104,1561,3022,5070,3474,59,40,800,794,1104,1976,2586,4505,3123,2257,72.27,9650,9608,9796,79.05,1187,no
Ahlam K Osman,77,3,no,yes,no,no,no,no,no,yes,no,no,no,no,no,no,no,no,no,no,no,no,no,no,no,no,no,no,no,no,no,no,no,no,no,no,7547,2,3749,2,974,13104,1561,3022,5070,3474,59,40,800,794,1104,1976,2586,4505,3123,2257,72.27,9650,9608,9796,79.05,1187,no
Dan Gilk,77,3,no,no,no,no,no,no,yes,no,no,no,no,no,no,no,no,no,no,no,no,no,no,no,no,no,no,no,no,no,no,no,no,no,no,no,7547,2,3749,2,974,13104,1561,3022,5070,3474,59,40,800,794,1104,1976,2586,4505,3123,2257,72.27,9650,9608,9796,79.05,1187,no
Steve Novick,77,3,no,no,no,no,no,no,no,no,no,yes,no,yes,no,no,yes,no,no,no,no,no,no,no,no,no,no,no,no,yes,no,no,no,no,no,yes,7547,2,3749,2,974,13104,1561,3022,5070,3474,59,40,800,794,1104,1976,2586,4505,3123,2257,72.27,9650,9608,9796,79.05,1187,yes
Matthew (Matt) anderson,77,3,no,no,no,no,no,no,no,no,no,no,no,no,no,no,no,no,no,no,no,no,no,no,no,no,no,no,no,no,no,no,no,no,no,no,7547,2,3749,2,974,13104,1561,3022,5070,3474,59,40,800,794,1104,1976,2586,4505,3123,2257,72.27,9650,9608,9796,79.05,1187,no
Kelly Janes (KJ),77,3,no,no,no,no,no,no,no,no,no,no,no,no,no,no,no,no,no,no,no,no,no,no,no,no,no,no,no,no,no,no,no,no,no,no,7547,2,3749,2,974,13104,1561,3022,5070,3474,59,40,800,794,1104,1976,2586,4505,3123,2257,72.27,9650,9608,9796,79.05,1187,no
Terry Parker,77,3,no,no,no,no,no,no,no,no,no,no,no,no,no,no,no,no,no,no,no,no,no,no,no,no,no,no,no,no,no,no,no,no,no,no,7547,2,3749,2,974,13104,1561,3022,5070,3474,59,40,800,794,1104,1976,2586,4505,3123,2257,72.27,9650,9608,9796,79.05,1187,no
Heart Free Pham,77,3,no,no,no,no,no,no,no,no,no,no,no,no,no,no,no,no,no,no,no,no,no,no,no,no,no,no,no,no,no,no,no,no,no,no,7547,2,3749,2,974,13104,1561,3022,5070,3474,59,40,800,794,1104,1976,2586,4505,3123,2257,72.27,9650,9608,9796,79.05,1187,no
Kenneth (Kent) R. Landgraver III,77,3,no,no,no,no,no,no,no,no,no,no,no,no,no,no,no,no,no,no,no,no,no,no,no,no,no,no,no,no,no,no,no,no,no,no,7547,2,3749,2,974,13104,1561,3022,5070,3474,59,40,800,794,1104,1976,2586,4505,3123,2257,72.27,9650,9608,9796,79.05,1187,no
Brian Conley,77,3,no,no,no,no,no,no,no,no,no,no,no,no,no,no,no,no,no,no,no,no,no,no,no,no,no,no,no,no,no,no,no,no,no,no,7547,2,3749,2,974,13104,1561,3022,5070,3474,59,40,800,794,1104,1976,2586,4505,3123,2257,72.27,9650,9608,9796,79.05,1187,no
Jesse Cornett,77,3,no,no,yes,no,no,yes,no,no,yes,yes,yes,no,no,yes,no,no,no,no,yes,no,yes,yes,no,no,no,no,no,no,yes,no,no,no,no,no,7547,2,3749,2,974,13104,1561,3022,5070,3474,59,40,800,794,1104,1976,2586,4505,3123,2257,72.27,9650,9608,9796,79.05,1187,no
John Sweeney,77,3,no,no,no,no,no,no,no,no,no,no,no,no,no,no,no,no,no,no,no,no,no,no,no,no,no,no,no,no,no,no,no,no,no,no,7547,2,3749,2,974,13104,1561,3022,5070,3474,59,40,800,794,1104,1976,2586,4505,3123,2257,72.27,9650,9608,9796,79.05,1187,no
Theo Hathaway Saner,77,3,no,yes,no,no,no,no,no,no,no,no,no,no,no,no,no,no,no,no,no,no,no,no,no,no,no,no,no,no,no,no,no,no,no,no,7547,2,3749,2,974,13104,1561,3022,5070,3474,59,40,800,794,1104,1976,2586,4505,3123,2257,72.27,9650,9608,9796,79.05,1187,no
Luke Zak,77,3,no,no,no,no,no,no,no,yes,no,no,no,no,no,no,no,no,no,no,no,no,no,no,no,no,yes,no,no,no,no,no,no,yes,no,no,7547,2,3749,2,974,13104,1561,3022,5070,3474,59,40,800,794,1104,1976,2586,4505,3123,2257,72.27,9650,9608,9796,79.05,1187,no
Daniel DeMelo,77,3,no,no,yes,no,no,no,yes,no,yes,no,yes,no,no,no,no,yes,yes,no,no,no,no,no,no,no,no,no,no,no,no,no,no,yes,no,no,7547,2,3749,2,974,13104,1561,3022,5070,3474,59,40,800,794,1104,1976,2586,4505,3123,2257,72.27,9650,9608,9796,79.05,1187,no
Chris Flanary,77,3,no,no,no,no,no,no,no,no,no,no,no,no,no,no,no,no,no,no,no,no,no,no,no,no,no,no,no,no,no,no,no,no,no,no,7547,2,3749,2,974,13104,1561,3022,5070,3474,59,40,800,794,1104,1976,2586,4505,3123,2257,72.27,9650,9608,9796,79.05,1187,no
Angelita Morillo ,54,3,no,no,no,no,no,no,no,no,no,no,no,no,no,no,no,no,no,no,no,no,no,no,no,no,no,no,no,no,no,no,no,no,no,no,12530,2,7156,2,2231,23484,6431,7575,6328,3058,62,37,1511,1142,2399,4269,2778,4605,7407,4611,62.25,10579,11338,12687,63.81,1904,no
Tiffany Koyama Lane,54,3,yes,no,no,no,yes,yes,no,yes,no,no,no,no,yes,no,yes,no,no,yes,no,yes,yes,yes,yes,yes,yes,yes,yes,yes,yes,yes,no,no,yes,no,12530,2,7156,2,2231,23484,6431,7575,6328,3058,62,37,1511,1142,2399,4269,2778,4605,7407,4611,62.25,10579,11338,12687,63.81,1904,yes
Philippe Knab,54,3,no,no,no,no,no,no,no,no,no,no,no,yes,no,no,no,no,no,no,yes,no,no,no,no,no,no,no,no,no,no,no,no,no,no,no,12530,2,7156,2,2231,23484,6431,7575,6328,3058,62,37,1511,1142,2399,4269,2778,4605,7407,4611,62.25,10579,11338,12687,63.81,1904,no
Harrison Kass,54,3,no,no,yes,no,no,no,no,no,no,no,no,no,no,no,no,yes,no,no,no,no,no,no,no,no,no,no,no,no,no,no,no,no,no,no,12530,2,7156,2,2231,23484,6431,7575,6328,3058,62,37,1511,1142,2399,4269,2778,4605,7407,4611,62.25,10579,11338,12687,63.81,1904,no
Kezia Wanner,54,3,no,no,no,no,no,no,no,no,no,yes,no,no,no,no,no,yes,yes,no,no,no,no,no,no,no,no,no,no,no,no,no,no,no,no,no,12530,2,7156,2,2231,23484,6431,7575,6328,3058,62,37,1511,1142,2399,4269,2778,4605,7407,4611,62.25,10579,11338,12687,63.81,1904,no
Jonathan (Jon) Walker,54,3,no,no,no,no,no,no,yes,no,no,no,no,no,no,no,no,no,no,no,no,no,no,no,no,no,no,no,no,no,no,no,no,no,no,no,12530,2,7156,2,2231,23484,6431,7575,6328,3058,62,37,1511,1142,2399,4269,2778,4605,7407,4611,62.25,10579,11338,12687,63.81,1904,no
Melodie Beirwagen,54,3,no,no,no,no,no,no,no,no,no,no,no,no,no,no,no,no,no,no,no,no,no,no,no,no,no,no,no,no,no,no,no,no,no,no,12530,2,7156,2,2231,23484,6431,7575,6328,3058,62,37,1511,1142,2399,4269,2778,4605,7407,4611,62.25,10579,11338,12687,63.81,1904,no
Sandeep Bali,54,3,no,no,no,no,no,no,no,no,no,no,no,no,no,no,no,no,no,no,no,no,no,no,no,no,no,no,no,no,no,no,no,no,no,no,12530,2,7156,2,2231,23484,6431,7575,6328,3058,62,37,1511,1142,2399,4269,2778,4605,7407,4611,62.25,10579,11338,12687,63.81,1904,no
Rex Burkholder,54,3,no,no,no,no,no,no,no,no,no,no,yes,no,no,no,no,no,no,no,yes,no,no,yes,no,no,no,no,no,no,no,no,no,no,yes,no,12530,2,7156,2,2231,23484,6431,7575,6328,3058,62,37,1511,1142,2399,4269,2778,4605,7407,4611,62.25,10579,11338,12687,63.81,1904,no
Christpher Brummer,54,3,no,no,no,no,no,no,no,no,no,no,no,no,no,no,no,no,no,no,no,no,no,no,no,no,no,no,no,no,no,no,no,no,no,no,12530,2,7156,2,2231,23484,6431,7575,6328,3058,62,37,1511,1142,2399,4269,2778,4605,7407,4611,62.25,10579,11338,12687,63.81,1904,no
Cristal Azul Otero,54,3,no,no,no,no,no,no,no,no,no,no,no,yes,no,no,no,no,no,no,no,no,no,no,no,no,no,no,no,no,no,no,no,no,no,no,12530,2,7156,2,2231,23484,6431,7575,6328,3058,62,37,1511,1142,2399,4269,2778,4605,7407,4611,62.25,10579,11338,12687,63.81,1904,no
Ahlam K Osman,54,3,no,yes,no,no,no,no,no,yes,no,no,no,no,no,no,no,no,no,no,no,no,no,no,no,no,no,no,no,no,no,no,no,no,no,no,12530,2,7156,2,2231,23484,6431,7575,6328,3058,62,37,1511,1142,2399,4269,2778,4605,7407,4611,62.25,10579,11338,12687,63.81,1904,no
Dan Gilk,54,3,no,no,no,no,no,no,yes,no,no,no,no,no,no,no,no,no,no,no,no,no,no,no,no,no,no,no,no,no,no,no,no,no,no,no,12530,2,7156,2,2231,23484,6431,7575,6328,3058,62,37,1511,1142,2399,4269,2778,4605,7407,4611,62.25,10579,11338,12687,63.81,1904,no
Steve Novick,54,3,no,no,no,no,no,no,no,no,no,yes,no,yes,no,no,yes,no,no,no,no,no,no,no,no,no,no,no,no,yes,no,no,no,no,no,yes,12530,2,7156,2,2231,23484,6431,7575,6328,3058,62,37,1511,1142,2399,4269,2778,4605,7407,4611,62.25,10579,11338,12687,63.81,1904,yes
Matthew (Matt) anderson,54,3,no,no,no,no,no,no,no,no,no,no,no,no,no,no,no,no,no,no,no,no,no,no,no,no,no,no,no,no,no,no,no,no,no,no,12530,2,7156,2,2231,23484,6431,7575,6328,3058,62,37,1511,1142,2399,4269,2778,4605,7407,4611,62.25,10579,11338,12687,63.81,1904,no
Kelly Janes (KJ),54,3,no,no,no,no,no,no,no,no,no,no,no,no,no,no,no,no,no,no,no,no,no,no,no,no,no,no,no,no,no,no,no,no,no,no,12530,2,7156,2,2231,23484,6431,7575,6328,3058,62,37,1511,1142,2399,4269,2778,4605,7407,4611,62.25,10579,11338,12687,63.81,1904,no
Terry Parker,54,3,no,no,no,no,no,no,no,no,no,no,no,no,no,no,no,no,no,no,no,no,no,no,no,no,no,no,no,no,no,no,no,no,no,no,12530,2,7156,2,2231,23484,6431,7575,6328,3058,62,37,1511,1142,2399,4269,2778,4605,7407,4611,62.25,10579,11338,12687,63.81,1904,no
Heart Free Pham,54,3,no,no,no,no,no,no,no,no,no,no,no,no,no,no,no,no,no,no,no,no,no,no,no,no,no,no,no,no,no,no,no,no,no,no,12530,2,7156,2,2231,23484,6431,7575,6328,3058,62,37,1511,1142,2399,4269,2778,4605,7407,4611,62.25,10579,11338,12687,63.81,1904,no
Kenneth (Kent) R. Landgraver III,54,3,no,no,no,no,no,no,no,no,no,no,no,no,no,no,no,no,no,no,no,no,no,no,no,no,no,no,no,no,no,no,no,no,no,no,12530,2,7156,2,2231,23484,6431,7575,6328,3058,62,37,1511,1142,2399,4269,2778,4605,7407,4611,62.25,10579,11338,12687,63.81,1904,no
Brian Conley,54,3,no,no,no,no,no,no,no,no,no,no,no,no,no,no,no,no,no,no,no,no,no,no,no,no,no,no,no,no,no,no,no,no,no,no,12530,2,7156,2,2231,23484,6431,7575,6328,3058,62,37,1511,1142,2399,4269,2778,4605,7407,4611,62.25,10579,11338,12687,63.81,1904,no
Jesse Cornett,54,3,no,no,yes,no,no,yes,no,no,yes,yes,yes,no,no,yes,no,no,no,no,yes,no,yes,yes,no,no,no,no,no,no,yes,no,no,no,no,no,12530,2,7156,2,2231,23484,6431,7575,6328,3058,62,37,1511,1142,2399,4269,2778,4605,7407,4611,62.25,10579,11338,12687,63.81,1904,no
John Sweeney,54,3,no,no,no,no,no,no,no,no,no,no,no,no,no,no,no,no,no,no,no,no,no,no,no,no,no,no,no,no,no,no,no,no,no,no,12530,2,7156,2,2231,23484,6431,7575,6328,3058,62,37,1511,1142,2399,4269,2778,4605,7407,4611,62.25,10579,11338,12687,63.81,1904,no
Theo Hathaway Saner,54,3,no,yes,no,no,no,no,no,no,no,no,no,no,no,no,no,no,no,no,no,no,no,no,no,no,no,no,no,no,no,no,no,no,no,no,12530,2,7156,2,2231,23484,6431,7575,6328,3058,62,37,1511,1142,2399,4269,2778,4605,7407,4611,62.25,10579,11338,12687,63.81,1904,no
Luke Zak,54,3,no,no,no,no,no,no,no,yes,no,no,no,no,no,no,no,no,no,no,no,no,no,no,no,no,yes,no,no,no,no,no,no,yes,no,no,12530,2,7156,2,2231,23484,6431,7575,6328,3058,62,37,1511,1142,2399,4269,2778,4605,7407,4611,62.25,10579,11338,12687,63.81,1904,no
Daniel DeMelo,54,3,no,no,yes,no,no,no,yes,no,yes,no,yes,no,no,no,no,yes,yes,no,no,no,no,no,no,no,no,no,no,no,no,no,no,yes,no,no,12530,2,7156,2,2231,23484,6431,7575,6328,3058,62,37,1511,1142,2399,4269,2778,4605,7407,4611,62.25,10579,11338,12687,63.81,1904,no
Chris Flanary,54,3,no,no,no,no,no,no,no,no,no,no,no,no,no,no,no,no,no,no,no,no,no,no,no,no,no,no,no,no,no,no,no,no,no,no,12530,2,7156,2,2231,23484,6431,7575,6328,3058,62,37,1511,1142,2399,4269,2778,4605,7407,4611,62.25,10579,11338,12687,63.81,1904,no
Angelita Morillo ,54,3,no,no,no,no,no,no,no,no,no,no,no,no,no,no,no,no,no,no,no,no,no,no,no,no,no,no,no,no,no,no,no,no,no,no,12530,2,7156,2,2231,23484,6431,7575,6328,3058,62,37,1511,1142,2399,4269,2778,4605,7407,4611,62.25,10579,11338,12687,63.81,1904,no
Tiffany Koyama Lane,11,3,yes,no,no,no,yes,yes,no,yes,no,no,no,no,yes,no,yes,no,no,yes,no,yes,yes,yes,yes,yes,yes,yes,yes,yes,yes,yes,no,no,yes,no,27098,2,15782,2,5143,51201,11950,16711,14104,7552,58,41,3822,2333,4996,8612,6440,4606,7552,4563,60.42,6297,7696,8446,59.05,1630,yes
Philippe Knab,11,3,no,no,no,no,no,no,no,no,no,no,no,yes,no,no,no,no,no,no,yes,no,no,no,no,no,no,no,no,no,no,no,no,no,no,no,27098,2,15782,2,5143,51201,11950,16711,14104,7552,58,41,3822,2333,4996,8612,6440,4606,7552,4563,60.42,6297,7696,8446,59.05,1630,no
Harrison Kass,11,3,no,no,yes,no,no,no,no,no,no,no,no,no,no,no,no,yes,no,no,no,no,no,no,no,no,no,no,no,no,no,no,no,no,no,no,27098,2,15782,2,5143,51201,11950,16711,14104,7552,58,41,3822,2333,4996,8612,6440,4606,7552,4563,60.42,6297,7696,8446,59.05,1630,no
Kezia Wanner,11,3,no,no,no,no,no,no,no,no,no,yes,no,no,no,no,no,yes,yes,no,no,no,no,no,no,no,no,no,no,no,no,no,no,no,no,no,27098,2,15782,2,5143,51201,11950,16711,14104,7552,58,41,3822,2333,4996,8612,6440,4606,7552,4563,60.42,6297,7696,8446,59.05,1630,no
Jonathan (Jon) Walker,11,3,no,no,no,no,no,no,yes,no,no,no,no,no,no,no,no,no,no,no,no,no,no,no,no,no,no,no,no,no,no,no,no,no,no,no,27098,2,15782,2,5143,51201,11950,16711,14104,7552,58,41,3822,2333,4996,8612,6440,4606,7552,4563,60.42,6297,7696,8446,59.05,1630,no
Melodie Beirwagen,11,3,no,no,no,no,no,no,no,no,no,no,no,no,no,no,no,no,no,no,no,no,no,no,no,no,no,no,no,no,no,no,no,no,no,no,27098,2,15782,2,5143,51201,11950,16711,14104,7552,58,41,3822,2333,4996,8612,6440,4606,7552,4563,60.42,6297,7696,8446,59.05,1630,no
Sandeep Bali,11,3,no,no,no,no,no,no,no,no,no,no,no,no,no,no,no,no,no,no,no,no,no,no,no,no,no,no,no,no,no,no,no,no,no,no,27098,2,15782,2,5143,51201,11950,16711,14104,7552,58,41,3822,2333,4996,8612,6440,4606,7552,4563,60.42,6297,7696,8446,59.05,1630,no
Rex Burkholder,11,3,no,no,no,no,no,no,no,no,no,no,yes,no,no,no,no,no,no,no,yes,no,no,yes,no,no,no,no,no,no,no,no,no,no,yes,no,27098,2,15782,2,5143,51201,11950,16711,14104,7552,58,41,3822,2333,4996,8612,6440,4606,7552,4563,60.42,6297,7696,8446,59.05,1630,no
Christpher Brummer,11,3,no,no,no,no,no,no,no,no,no,no,no,no,no,no,no,no,no,no,no,no,no,no,no,no,no,no,no,no,no,no,no,no,no,no,27098,2,15782,2,5143,51201,11950,16711,14104,7552,58,41,3822,2333,4996,8612,6440,4606,7552,4563,60.42,6297,7696,8446,59.05,1630,no
Cristal Azul Otero,11,3,no,no,no,no,no,no,no,no,no,no,no,yes,no,no,no,no,no,no,no,no,no,no,no,no,no,no,no,no,no,no,no,no,no,no,27098,2,15782,2,5143,51201,11950,16711,14104,7552,58,41,3822,2333,4996,8612,6440,4606,7552,4563,60.42,6297,7696,8446,59.05,1630,no
Ahlam K Osman,11,3,no,yes,no,no,no,no,no,yes,no,no,no,no,no,no,no,no,no,no,no,no,no,no,no,no,no,no,no,no,no,no,no,no,no,no,27098,2,15782,2,5143,51201,11950,16711,14104,7552,58,41,3822,2333,4996,8612,6440,4606,7552,4563,60.42,6297,7696,8446,59.05,1630,no
Dan Gilk,11,3,no,no,no,no,no,no,yes,no,no,no,no,no,no,no,no,no,no,no,no,no,no,no,no,no,no,no,no,no,no,no,no,no,no,no,27098,2,15782,2,5143,51201,11950,16711,14104,7552,58,41,3822,2333,4996,8612,6440,4606,7552,4563,60.42,6297,7696,8446,59.05,1630,no
Steve Novick,11,3,no,no,no,no,no,no,no,no,no,yes,no,yes,no,no,yes,no,no,no,no,no,no,no,no,no,no,no,no,yes,no,no,no,no,no,yes,27098,2,15782,2,5143,51201,11950,16711,14104,7552,58,41,3822,2333,4996,8612,6440,4606,7552,4563,60.42,6297,7696,8446,59.05,1630,yes
Matthew (Matt) anderson,11,3,no,no,no,no,no,no,no,no,no,no,no,no,no,no,no,no,no,no,no,no,no,no,no,no,no,no,no,no,no,no,no,no,no,no,27098,2,15782,2,5143,51201,11950,16711,14104,7552,58,41,3822,2333,4996,8612,6440,4606,7552,4563,60.42,6297,7696,8446,59.05,1630,no
Kelly Janes (KJ),11,3,no,no,no,no,no,no,no,no,no,no,no,no,no,no,no,no,no,no,no,no,no,no,no,no,no,no,no,no,no,no,no,no,no,no,27098,2,15782,2,5143,51201,11950,16711,14104,7552,58,41,3822,2333,4996,8612,6440,4606,7552,4563,60.42,6297,7696,8446,59.05,1630,no
Terry Parker,11,3,no,no,no,no,no,no,no,no,no,no,no,no,no,no,no,no,no,no,no,no,no,no,no,no,no,no,no,no,no,no,no,no,no,no,27098,2,15782,2,5143,51201,11950,16711,14104,7552,58,41,3822,2333,4996,8612,6440,4606,7552,4563,60.42,6297,7696,8446,59.05,1630,no
Heart Free Pham,11,3,no,no,no,no,no,no,no,no,no,no,no,no,no,no,no,no,no,no,no,no,no,no,no,no,no,no,no,no,no,no,no,no,no,no,27098,2,15782,2,5143,51201,11950,16711,14104,7552,58,41,3822,2333,4996,8612,6440,4606,7552,4563,60.42,6297,7696,8446,59.05,1630,no
Kenneth (Kent) R. Landgraver III,11,3,no,no,no,no,no,no,no,no,no,no,no,no,no,no,no,no,no,no,no,no,no,no,no,no,no,no,no,no,no,no,no,no,no,no,27098,2,15782,2,5143,51201,11950,16711,14104,7552,58,41,3822,2333,4996,8612,6440,4606,7552,4563,60.42,6297,7696,8446,59.05,1630,no
Brian Conley,11,3,no,no,no,no,no,no,no,no,no,no,no,no,no,no,no,no,no,no,no,no,no,no,no,no,no,no,no,no,no,no,no,no,no,no,27098,2,15782,2,5143,51201,11950,16711,14104,7552,58,41,3822,2333,4996,8612,6440,4606,7552,4563,60.42,6297,7696,8446,59.05,1630,no
Jesse Cornett,11,3,no,no,yes,no,no,yes,no,no,yes,yes,yes,no,no,yes,no,no,no,no,yes,no,yes,yes,no,no,no,no,no,no,yes,no,no,no,no,no,27098,2,15782,2,5143,51201,11950,16711,14104,7552,58,41,3822,2333,4996,8612,6440,4606,7552,4563,60.42,6297,7696,8446,59.05,1630,no
John Sweeney,11,3,no,no,no,no,no,no,no,no,no,no,no,no,no,no,no,no,no,no,no,no,no,no,no,no,no,no,no,no,no,no,no,no,no,no,27098,2,15782,2,5143,51201,11950,16711,14104,7552,58,41,3822,2333,4996,8612,6440,4606,7552,4563,60.42,6297,7696,8446,59.05,1630,no
Theo Hathaway Saner,11,3,no,yes,no,no,no,no,no,no,no,no,no,no,no,no,no,no,no,no,no,no,no,no,no,no,no,no,no,no,no,no,no,no,no,no,27098,2,15782,2,5143,51201,11950,16711,14104,7552,58,41,3822,2333,4996,8612,6440,4606,7552,4563,60.42,6297,7696,8446,59.05,1630,no
Luke Zak,11,3,no,no,no,no,no,no,no,yes,no,no,no,no,no,no,no,no,no,no,no,no,no,no,no,no,yes,no,no,no,no,no,no,yes,no,no,27098,2,15782,2,5143,51201,11950,16711,14104,7552,58,41,3822,2333,4996,8612,6440,4606,7552,4563,60.42,6297,7696,8446,59.05,1630,no
Daniel DeMelo,11,3,no,no,yes,no,no,no,yes,no,yes,no,yes,no,no,no,no,yes,yes,no,no,no,no,no,no,no,no,no,no,no,no,no,no,yes,no,no,27098,2,15782,2,5143,51201,11950,16711,14104,7552,58,41,3822,2333,4996,8612,6440,4606,7552,4563,60.42,6297,7696,8446,59.05,1630,no
Chris Flanary,11,3,no,no,no,no,no,no,no,no,no,no,no,no,no,no,no,no,no,no,no,no,no,no,no,no,no,no,no,no,no,no,no,no,no,no,27098,2,15782,2,5143,51201,11950,16711,14104,7552,58,41,3822,2333,4996,8612,6440,4606,7552,4563,60.42,6297,7696,8446,59.05,1630,no
Angelita Morillo ,11,3,no,no,no,no,no,no,no,no,no,no,no,no,no,no,no,no,no,no,no,no,no,no,no,no,no,no,no,no,no,no,no,no,no,no,27098,2,15782,2,5143,51201,11950,16711,14104,7552,58,41,3822,2333,4996,8612,6440,4606,7552,4563,60.42,6297,7696,8446,59.05,1630,no
Tiffany Koyama Lane,19,3,yes,no,no,no,yes,yes,no,yes,no,no,no,no,yes,no,yes,no,no,yes,no,yes,yes,yes,yes,yes,yes,yes,yes,yes,yes,yes,no,no,yes,no,8045,2,3861,2,1245,14302,3180,5278,3748,1436,49,50,1056,1320,1556,2175,1295,4507,509,291,57.17,1058,1125,1155,71.08,222,yes
Philippe Knab,19,3,no,no,no,no,no,no,no,no,no,no,no,yes,no,no,no,no,no,no,yes,no,no,no,no,no,no,no,no,no,no,no,no,no,no,no,8045,2,3861,2,1245,14302,3180,5278,3748,1436,49,50,1056,1320,1556,2175,1295,4507,509,291,57.17,1058,1125,1155,71.08,222,no
Harrison Kass,19,3,no,no,yes,no,no,no,no,no,no,no,no,no,no,no,no,yes,no,no,no,no,no,no,no,no,no,no,no,no,no,no,no,no,no,no,8045,2,3861,2,1245,14302,3180,5278,3748,1436,49,50,1056,1320,1556,2175,1295,4507,509,291,57.17,1058,1125,1155,71.08,222,no
Kezia Wanner,19,3,no,no,no,no,no,no,no,no,no,yes,no,no,no,no,no,yes,yes,no,no,no,no,no,no,no,no,no,no,no,no,no,no,no,no,no,8045,2,3861,2,1245,14302,3180,5278,3748,1436,49,50,1056,1320,1556,2175,1295,4507,509,291,57.17,1058,1125,1155,71.08,222,no
Jonathan (Jon) Walker,19,3,no,no,no,no,no,no,yes,no,no,no,no,no,no,no,no,no,no,no,no,no,no,no,no,no,no,no,no,no,no,no,no,no,no,no,8045,2,3861,2,1245,14302,3180,5278,3748,1436,49,50,1056,1320,1556,2175,1295,4507,509,291,57.17,1058,1125,1155,71.08,222,no
Melodie Beirwagen,19,3,no,no,no,no,no,no,no,no,no,no,no,no,no,no,no,no,no,no,no,no,no,no,no,no,no,no,no,no,no,no,no,no,no,no,8045,2,3861,2,1245,14302,3180,5278,3748,1436,49,50,1056,1320,1556,2175,1295,4507,509,291,57.17,1058,1125,1155,71.08,222,no
Sandeep Bali,19,3,no,no,no,no,no,no,no,no,no,no,no,no,no,no,no,no,no,no,no,no,no,no,no,no,no,no,no,no,no,no,no,no,no,no,8045,2,3861,2,1245,14302,3180,5278,3748,1436,49,50,1056,1320,1556,2175,1295,4507,509,291,57.17,1058,1125,1155,71.08,222,no
Rex Burkholder,19,3,no,no,no,no,no,no,no,no,no,no,yes,no,no,no,no,no,no,no,yes,no,no,yes,no,no,no,no,no,no,no,no,no,no,yes,no,8045,2,3861,2,1245,14302,3180,5278,3748,1436,49,50,1056,1320,1556,2175,1295,4507,509,291,57.17,1058,1125,1155,71.08,222,no
Christpher Brummer,19,3,no,no,no,no,no,no,no,no,no,no,no,no,no,no,no,no,no,no,no,no,no,no,no,no,no,no,no,no,no,no,no,no,no,no,8045,2,3861,2,1245,14302,3180,5278,3748,1436,49,50,1056,1320,1556,2175,1295,4507,509,291,57.17,1058,1125,1155,71.08,222,no
Cristal Azul Otero,19,3,no,no,no,no,no,no,no,no,no,no,no,yes,no,no,no,no,no,no,no,no,no,no,no,no,no,no,no,no,no,no,no,no,no,no,8045,2,3861,2,1245,14302,3180,5278,3748,1436,49,50,1056,1320,1556,2175,1295,4507,509,291,57.17,1058,1125,1155,71.08,222,no
Ahlam K Osman,19,3,no,yes,no,no,no,no,no,yes,no,no,no,no,no,no,no,no,no,no,no,no,no,no,no,no,no,no,no,no,no,no,no,no,no,no,8045,2,3861,2,1245,14302,3180,5278,3748,1436,49,50,1056,1320,1556,2175,1295,4507,509,291,57.17,1058,1125,1155,71.08,222,no
Dan Gilk,19,3,no,no,no,no,no,no,yes,no,no,no,no,no,no,no,no,no,no,no,no,no,no,no,no,no,no,no,no,no,no,no,no,no,no,no,8045,2,3861,2,1245,14302,3180,5278,3748,1436,49,50,1056,1320,1556,2175,1295,4507,509,291,57.17,1058,1125,1155,71.08,222,no
Steve Novick,19,3,no,no,no,no,no,no,no,no,no,yes,no,yes,no,no,yes,no,no,no,no,no,no,no,no,no,no,no,no,yes,no,no,no,no,no,yes,8045,2,3861,2,1245,14302,3180,5278,3748,1436,49,50,1056,1320,1556,2175,1295,4507,509,291,57.17,1058,1125,1155,71.08,222,yes
Matthew (Matt) anderson,19,3,no,no,no,no,no,no,no,no,no,no,no,no,no,no,no,no,no,no,no,no,no,no,no,no,no,no,no,no,no,no,no,no,no,no,8045,2,3861,2,1245,14302,3180,5278,3748,1436,49,50,1056,1320,1556,2175,1295,4507,509,291,57.17,1058,1125,1155,71.08,222,no
Kelly Janes (KJ),19,3,no,no,no,no,no,no,no,no,no,no,no,no,no,no,no,no,no,no,no,no,no,no,no,no,no,no,no,no,no,no,no,no,no,no,8045,2,3861,2,1245,14302,3180,5278,3748,1436,49,50,1056,1320,1556,2175,1295,4507,509,291,57.17,1058,1125,1155,71.08,222,no
Terry Parker,19,3,no,no,no,no,no,no,no,no,no,no,no,no,no,no,no,no,no,no,no,no,no,no,no,no,no,no,no,no,no,no,no,no,no,no,8045,2,3861,2,1245,14302,3180,5278,3748,1436,49,50,1056,1320,1556,2175,1295,4507,509,291,57.17,1058,1125,1155,71.08,222,no
Heart Free Pham,19,3,no,no,no,no,no,no,no,no,no,no,no,no,no,no,no,no,no,no,no,no,no,no,no,no,no,no,no,no,no,no,no,no,no,no,8045,2,3861,2,1245,14302,3180,5278,3748,1436,49,50,1056,1320,1556,2175,1295,4507,509,291,57.17,1058,1125,1155,71.08,222,no
Kenneth (Kent) R. Landgraver III,19,3,no,no,no,no,no,no,no,no,no,no,no,no,no,no,no,no,no,no,no,no,no,no,no,no,no,no,no,no,no,no,no,no,no,no,8045,2,3861,2,1245,14302,3180,5278,3748,1436,49,50,1056,1320,1556,2175,1295,4507,509,291,57.17,1058,1125,1155,71.08,222,no
Brian Conley,19,3,no,no,no,no,no,no,no,no,no,no,no,no,no,no,no,no,no,no,no,no,no,no,no,no,no,no,no,no,no,no,no,no,no,no,8045,2,3861,2,1245,14302,3180,5278,3748,1436,49,50,1056,1320,1556,2175,1295,4507,509,291,57.17,1058,1125,1155,71.08,222,no
Jesse Cornett,19,3,no,no,yes,no,no,yes,no,no,yes,yes,yes,no,no,yes,no,no,no,no,yes,no,yes,yes,no,no,no,no,no,no,yes,no,no,no,no,no,8045,2,3861,2,1245,14302,3180,5278,3748,1436,49,50,1056,1320,1556,2175,1295,4507,509,291,57.17,1058,1125,1155,71.08,222,no
John Sweeney,19,3,no,no,no,no,no,no,no,no,no,no,no,no,no,no,no,no,no,no,no,no,no,no,no,no,no,no,no,no,no,no,no,no,no,no,8045,2,3861,2,1245,14302,3180,5278,3748,1436,49,50,1056,1320,1556,2175,1295,4507,509,291,57.17,1058,1125,1155,71.08,222,no
Theo Hathaway Saner,19,3,no,yes,no,no,no,no,no,no,no,no,no,no,no,no,no,no,no,no,no,no,no,no,no,no,no,no,no,no,no,no,no,no,no,no,8045,2,3861,2,1245,14302,3180,5278,3748,1436,49,50,1056,1320,1556,2175,1295,4507,509,291,57.17,1058,1125,1155,71.08,222,no
Luke Zak,19,3,no,no,no,no,no,no,no,yes,no,no,no,no,no,no,no,no,no,no,no,no,no,no,no,no,yes,no,no,no,no,no,no,yes,no,no,8045,2,3861,2,1245,14302,3180,5278,3748,1436,49,50,1056,1320,1556,2175,1295,4507,509,291,57.17,1058,1125,1155,71.08,222,no
Daniel DeMelo,19,3,no,no,yes,no,no,no,yes,no,yes,no,yes,no,no,no,no,yes,yes,no,no,no,no,no,no,no,no,no,no,no,no,no,no,yes,no,no,8045,2,3861,2,1245,14302,3180,5278,3748,1436,49,50,1056,1320,1556,2175,1295,4507,509,291,57.17,1058,1125,1155,71.08,222,no
Chris Flanary,19,3,no,no,no,no,no,no,no,no,no,no,no,no,no,no,no,no,no,no,no,no,no,no,no,no,no,no,no,no,no,no,no,no,no,no,8045,2,3861,2,1245,14302,3180,5278,3748,1436,49,50,1056,1320,1556,2175,1295,4507,509,291,57.17,1058,1125,1155,71.08,222,no
Angelita Morillo ,19,3,no,no,no,no,no,no,no,no,no,no,no,no,no,no,no,no,no,no,no,no,no,no,no,no,no,no,no,no,no,no,no,no,no,no,8045,2,3861,2,1245,14302,3180,5278,3748,1436,49,50,1056,1320,1556,2175,1295,4507,509,291,57.17,1058,1125,1155,71.08,222,no
Tiffany Koyama Lane,20,3,yes,no,no,no,yes,yes,no,yes,no,no,no,no,yes,no,yes,no,no,yes,no,yes,yes,yes,yes,yes,yes,yes,yes,yes,yes,yes,no,no,yes,no,22124,2,12603,3,4004,40904,10110,14370,10413,5126,65,34,3200,1974,4026,7298,4748,4508,8694,5493,63.18,12255,12498,13254,69.86,2024,yes
Philippe Knab,20,3,no,no,no,no,no,no,no,no,no,no,no,yes,no,no,no,no,no,no,yes,no,no,no,no,no,no,no,no,no,no,no,no,no,no,no,22124,2,12603,3,4004,40904,10110,14370,10413,5126,65,34,3200,1974,4026,7298,4748,4508,8694,5493,63.18,12255,12498,13254,69.86,2024,no
Harrison Kass,20,3,no,no,yes,no,no,no,no,no,no,no,no,no,no,no,no,yes,no,no,no,no,no,no,no,no,no,no,no,no,no,no,no,no,no,no,22124,2,12603,3,4004,40904,10110,14370,10413,5126,65,34,3200,1974,4026,7298,4748,4508,8694,5493,63.18,12255,12498,13254,69.86,2024,no
Kezia Wanner,20,3,no,no,no,no,no,no,no,no,no,yes,no,no,no,no,no,yes,yes,no,no,no,no,no,no,no,no,no,no,no,no,no,no,no,no,no,22124,2,12603,3,4004,40904,10110,14370,10413,5126,65,34,3200,1974,4026,7298,4748,4508,8694,5493,63.18,12255,12498,13254,69.86,2024,no
Jonathan (Jon) Walker,20,3,no,no,no,no,no,no,yes,no,no,no,no,no,no,no,no,no,no,no,no,no,no,no,no,no,no,no,no,no,no,no,no,no,no,no,22124,2,12603,3,4004,40904,10110,14370,10413,5126,65,34,3200,1974,4026,7298,4748,4508,8694,5493,63.18,12255,12498,13254,69.86,2024,no
Melodie Beirwagen,20,3,no,no,no,no,no,no,no,no,no,no,no,no,no,no,no,no,no,no,no,no,no,no,no,no,no,no,no,no,no,no,no,no,no,no,22124,2,12603,3,4004,40904,10110,14370,10413,5126,65,34,3200,1974,4026,7298,4748,4508,8694,5493,63.18,12255,12498,13254,69.86,2024,no
Sandeep Bali,20,3,no,no,no,no,no,no,no,no,no,no,no,no,no,no,no,no,no,no,no,no,no,no,no,no,no,no,no,no,no,no,no,no,no,no,22124,2,12603,3,4004,40904,10110,14370,10413,5126,65,34,3200,1974,4026,7298,4748,4508,8694,5493,63.18,12255,12498,13254,69.86,2024,no
Rex Burkholder,20,3,no,no,no,no,no,no,no,no,no,no,yes,no,no,no,no,no,no,no,yes,no,no,yes,no,no,no,no,no,no,no,no,no,no,yes,no,22124,2,12603,3,4004,40904,10110,14370,10413,5126,65,34,3200,1974,4026,7298,4748,4508,8694,5493,63.18,12255,12498,13254,69.86,2024,no
Christpher Brummer,20,3,no,no,no,no,no,no,no,no,no,no,no,no,no,no,no,no,no,no,no,no,no,no,no,no,no,no,no,no,no,no,no,no,no,no,22124,2,12603,3,4004,40904,10110,14370,10413,5126,65,34,3200,1974,4026,7298,4748,4508,8694,5493,63.18,12255,12498,13254,69.86,2024,no
Cristal Azul Otero,20,3,no,no,no,no,no,no,no,no,no,no,no,yes,no,no,no,no,no,no,no,no,no,no,no,no,no,no,no,no,no,no,no,no,no,no,22124,2,12603,3,4004,40904,10110,14370,10413,5126,65,34,3200,1974,4026,7298,4748,4508,8694,5493,63.18,12255,12498,13254,69.86,2024,no
Ahlam K Osman,20,3,no,yes,no,no,no,no,no,yes,no,no,no,no,no,no,no,no,no,no,no,no,no,no,no,no,no,no,no,no,no,no,no,no,no,no,22124,2,12603,3,4004,40904,10110,14370,10413,5126,65,34,3200,1974,4026,7298,4748,4508,8694,5493,63.18,12255,12498,13254,69.86,2024,no
Dan Gilk,20,3,no,no,no,no,no,no,yes,no,no,no,no,no,no,no,no,no,no,no,no,no,no,no,no,no,no,no,no,no,no,no,no,no,no,no,22124,2,12603,3,4004,40904,10110,14370,10413,5126,65,34,3200,1974,4026,7298,4748,4508,8694,5493,63.18,12255,12498,13254,69.86,2024,no
Steve Novick,20,3,no,no,no,no,no,no,no,no,no,yes,no,yes,no,no,yes,no,no,no,no,no,no,no,no,no,no,no,no,yes,no,no,no,no,no,yes,22124,2,12603,3,4004,40904,10110,14370,10413,5126,65,34,3200,1974,4026,7298,4748,4508,8694,5493,63.18,12255,12498,13254,69.86,2024,yes
Matthew (Matt) anderson,20,3,no,no,no,no,no,no,no,no,no,no,no,no,no,no,no,no,no,no,no,no,no,no,no,no,no,no,no,no,no,no,no,no,no,no,22124,2,12603,3,4004,40904,10110,14370,10413,5126,65,34,3200,1974,4026,7298,4748,4508,8694,5493,63.18,12255,12498,13254,69.86,2024,no
Kelly Janes (KJ),20,3,no,no,no,no,no,no,no,no,no,no,no,no,no,no,no,no,no,no,no,no,no,no,no,no,no,no,no,no,no,no,no,no,no,no,22124,2,12603,3,4004,40904,10110,14370,10413,5126,65,34,3200,1974,4026,7298,4748,4508,8694,5493,63.18,12255,12498,13254,69.86,2024,no
Terry Parker,20,3,no,no,no,no,no,no,no,no,no,no,no,no,no,no,no,no,no,no,no,no,no,no,no,no,no,no,no,no,no,no,no,no,no,no,22124,2,12603,3,4004,40904,10110,14370,10413,5126,65,34,3200,1974,4026,7298,4748,4508,8694,5493,63.18,12255,12498,13254,69.86,2024,no
Heart Free Pham,20,3,no,no,no,no,no,no,no,no,no,no,no,no,no,no,no,no,no,no,no,no,no,no,no,no,no,no,no,no,no,no,no,no,no,no,22124,2,12603,3,4004,40904,10110,14370,10413,5126,65,34,3200,1974,4026,7298,4748,4508,8694,5493,63.18,12255,12498,13254,69.86,2024,no
Kenneth (Kent) R. Landgraver III,20,3,no,no,no,no,no,no,no,no,no,no,no,no,no,no,no,no,no,no,no,no,no,no,no,no,no,no,no,no,no,no,no,no,no,no,22124,2,12603,3,4004,40904,10110,14370,10413,5126,65,34,3200,1974,4026,7298,4748,4508,8694,5493,63.18,12255,12498,13254,69.86,2024,no
Brian Conley,20,3,no,no,no,no,no,no,no,no,no,no,no,no,no,no,no,no,no,no,no,no,no,no,no,no,no,no,no,no,no,no,no,no,no,no,22124,2,12603,3,4004,40904,10110,14370,10413,5126,65,34,3200,1974,4026,7298,4748,4508,8694,5493,63.18,12255,12498,13254,69.86,2024,no
Jesse Cornett,20,3,no,no,yes,no,no,yes,no,no,yes,yes,yes,no,no,yes,no,no,no,no,yes,no,yes,yes,no,no,no,no,no,no,yes,no,no,no,no,no,22124,2,12603,3,4004,40904,10110,14370,10413,5126,65,34,3200,1974,4026,7298,4748,4508,8694,5493,63.18,12255,12498,13254,69.86,2024,no
John Sweeney,20,3,no,no,no,no,no,no,no,no,no,no,no,no,no,no,no,no,no,no,no,no,no,no,no,no,no,no,no,no,no,no,no,no,no,no,22124,2,12603,3,4004,40904,10110,14370,10413,5126,65,34,3200,1974,4026,7298,4748,4508,8694,5493,63.18,12255,12498,13254,69.86,2024,no
Theo Hathaway Saner,20,3,no,yes,no,no,no,no,no,no,no,no,no,no,no,no,no,no,no,no,no,no,no,no,no,no,no,no,no,no,no,no,no,no,no,no,22124,2,12603,3,4004,40904,10110,14370,10413,5126,65,34,3200,1974,4026,7298,4748,4508,8694,5493,63.18,12255,12498,13254,69.86,2024,no
Luke Zak,20,3,no,no,no,no,no,no,no,yes,no,no,no,no,no,no,no,no,no,no,no,no,no,no,no,no,yes,no,no,no,no,no,no,yes,no,no,22124,2,12603,3,4004,40904,10110,14370,10413,5126,65,34,3200,1974,4026,7298,4748,4508,8694,5493,63.18,12255,12498,13254,69.86,2024,no
Daniel DeMelo,20,3,no,no,yes,no,no,no,yes,no,yes,no,yes,no,no,no,no,yes,yes,no,no,no,no,no,no,no,no,no,no,no,no,no,no,yes,no,no,22124,2,12603,3,4004,40904,10110,14370,10413,5126,65,34,3200,1974,4026,7298,4748,4508,8694,5493,63.18,12255,12498,13254,69.86,2024,no
Chris Flanary,20,3,no,no,no,no,no,no,no,no,no,no,no,no,no,no,no,no,no,no,no,no,no,no,no,no,no,no,no,no,no,no,no,no,no,no,22124,2,12603,3,4004,40904,10110,14370,10413,5126,65,34,3200,1974,4026,7298,4748,4508,8694,5493,63.18,12255,12498,13254,69.86,2024,no
Angelita Morillo ,20,3,no,no,no,no,no,no,no,no,no,no,no,no,no,no,no,no,no,no,no,no,no,no,no,no,no,no,no,no,no,no,no,no,no,no,22124,2,12603,3,4004,40904,10110,14370,10413,5126,65,34,3200,1974,4026,7298,4748,4508,8694,5493,63.18,12255,12498,13254,69.86,2024,no
Tiffany Koyama Lane,89,3,yes,no,no,no,yes,yes,no,yes,no,no,no,no,yes,no,yes,no,no,yes,no,yes,yes,yes,yes,yes,yes,yes,yes,yes,yes,yes,no,no,yes,no,12018,2,7425,2,2439,22324,6006,8911,5657,2467,58,41,883,1101,2383,4765,2464,CLACK-114,NA,NA,NA,NA,NA,NA,NA,NA,yes
Philippe Knab,89,3,no,no,no,no,no,no,no,no,no,no,no,yes,no,no,no,no,no,no,yes,no,no,no,no,no,no,no,no,no,no,no,no,no,no,no,12018,2,7425,2,2439,22324,6006,8911,5657,2467,58,41,883,1101,2383,4765,2464,CLACK-114,NA,NA,NA,NA,NA,NA,NA,NA,no
Harrison Kass,89,3,no,no,yes,no,no,no,no,no,no,no,no,no,no,no,no,yes,no,no,no,no,no,no,no,no,no,no,no,no,no,no,no,no,no,no,12018,2,7425,2,2439,22324,6006,8911,5657,2467,58,41,883,1101,2383,4765,2464,CLACK-114,NA,NA,NA,NA,NA,NA,NA,NA,no
Kezia Wanner,89,3,no,no,no,no,no,no,no,no,no,yes,no,no,no,no,no,yes,yes,no,no,no,no,no,no,no,no,no,no,no,no,no,no,no,no,no,12018,2,7425,2,2439,22324,6006,8911,5657,2467,58,41,883,1101,2383,4765,2464,CLACK-114,NA,NA,NA,NA,NA,NA,NA,NA,no
Jonathan (Jon) Walker,89,3,no,no,no,no,no,no,yes,no,no,no,no,no,no,no,no,no,no,no,no,no,no,no,no,no,no,no,no,no,no,no,no,no,no,no,12018,2,7425,2,2439,22324,6006,8911,5657,2467,58,41,883,1101,2383,4765,2464,CLACK-114,NA,NA,NA,NA,NA,NA,NA,NA,no
Melodie Beirwagen,89,3,no,no,no,no,no,no,no,no,no,no,no,no,no,no,no,no,no,no,no,no,no,no,no,no,no,no,no,no,no,no,no,no,no,no,12018,2,7425,2,2439,22324,6006,8911,5657,2467,58,41,883,1101,2383,4765,2464,CLACK-114,NA,NA,NA,NA,NA,NA,NA,NA,no
Sandeep Bali,89,3,no,no,no,no,no,no,no,no,no,no,no,no,no,no,no,no,no,no,no,no,no,no,no,no,no,no,no,no,no,no,no,no,no,no,12018,2,7425,2,2439,22324,6006,8911,5657,2467,58,41,883,1101,2383,4765,2464,CLACK-114,NA,NA,NA,NA,NA,NA,NA,NA,no
Rex Burkholder,89,3,no,no,no,no,no,no,no,no,no,no,yes,no,no,no,no,no,no,no,yes,no,no,yes,no,no,no,no,no,no,no,no,no,no,yes,no,12018,2,7425,2,2439,22324,6006,8911,5657,2467,58,41,883,1101,2383,4765,2464,CLACK-114,NA,NA,NA,NA,NA,NA,NA,NA,no
Christpher Brummer,89,3,no,no,no,no,no,no,no,no,no,no,no,no,no,no,no,no,no,no,no,no,no,no,no,no,no,no,no,no,no,no,no,no,no,no,12018,2,7425,2,2439,22324,6006,8911,5657,2467,58,41,883,1101,2383,4765,2464,CLACK-114,NA,NA,NA,NA,NA,NA,NA,NA,no
Cristal Azul Otero,89,3,no,no,no,no,no,no,no,no,no,no,no,yes,no,no,no,no,no,no,no,no,no,no,no,no,no,no,no,no,no,no,no,no,no,no,12018,2,7425,2,2439,22324,6006,8911,5657,2467,58,41,883,1101,2383,4765,2464,CLACK-114,NA,NA,NA,NA,NA,NA,NA,NA,no
Ahlam K Osman,89,3,no,yes,no,no,no,no,no,yes,no,no,no,no,no,no,no,no,no,no,no,no,no,no,no,no,no,no,no,no,no,no,no,no,no,no,12018,2,7425,2,2439,22324,6006,8911,5657,2467,58,41,883,1101,2383,4765,2464,CLACK-114,NA,NA,NA,NA,NA,NA,NA,NA,no
Dan Gilk,89,3,no,no,no,no,no,no,yes,no,no,no,no,no,no,no,no,no,no,no,no,no,no,no,no,no,no,no,no,no,no,no,no,no,no,no,12018,2,7425,2,2439,22324,6006,8911,5657,2467,58,41,883,1101,2383,4765,2464,CLACK-114,NA,NA,NA,NA,NA,NA,NA,NA,no
Steve Novick,89,3,no,no,no,no,no,no,no,no,no,yes,no,yes,no,no,yes,no,no,no,no,no,no,no,no,no,no,no,no,yes,no,no,no,no,no,yes,12018,2,7425,2,2439,22324,6006,8911,5657,2467,58,41,883,1101,2383,4765,2464,CLACK-114,NA,NA,NA,NA,NA,NA,NA,NA,yes
Matthew (Matt) anderson,89,3,no,no,no,no,no,no,no,no,no,no,no,no,no,no,no,no,no,no,no,no,no,no,no,no,no,no,no,no,no,no,no,no,no,no,12018,2,7425,2,2439,22324,6006,8911,5657,2467,58,41,883,1101,2383,4765,2464,CLACK-114,NA,NA,NA,NA,NA,NA,NA,NA,no
Kelly Janes (KJ),89,3,no,no,no,no,no,no,no,no,no,no,no,no,no,no,no,no,no,no,no,no,no,no,no,no,no,no,no,no,no,no,no,no,no,no,12018,2,7425,2,2439,22324,6006,8911,5657,2467,58,41,883,1101,2383,4765,2464,CLACK-114,NA,NA,NA,NA,NA,NA,NA,NA,no
Terry Parker,89,3,no,no,no,no,no,no,no,no,no,no,no,no,no,no,no,no,no,no,no,no,no,no,no,no,no,no,no,no,no,no,no,no,no,no,12018,2,7425,2,2439,22324,6006,8911,5657,2467,58,41,883,1101,2383,4765,2464,CLACK-114,NA,NA,NA,NA,NA,NA,NA,NA,no
Heart Free Pham,89,3,no,no,no,no,no,no,no,no,no,no,no,no,no,no,no,no,no,no,no,no,no,no,no,no,no,no,no,no,no,no,no,no,no,no,12018,2,7425,2,2439,22324,6006,8911,5657,2467,58,41,883,1101,2383,4765,2464,CLACK-114,NA,NA,NA,NA,NA,NA,NA,NA,no
Kenneth (Kent) R. Landgraver III,89,3,no,no,no,no,no,no,no,no,no,no,no,no,no,no,no,no,no,no,no,no,no,no,no,no,no,no,no,no,no,no,no,no,no,no,12018,2,7425,2,2439,22324,6006,8911,5657,2467,58,41,883,1101,2383,4765,2464,CLACK-114,NA,NA,NA,NA,NA,NA,NA,NA,no
Brian Conley,89,3,no,no,no,no,no,no,no,no,no,no,no,no,no,no,no,no,no,no,no,no,no,no,no,no,no,no,no,no,no,no,no,no,no,no,12018,2,7425,2,2439,22324,6006,8911,5657,2467,58,41,883,1101,2383,4765,2464,CLACK-114,NA,NA,NA,NA,NA,NA,NA,NA,no
Jesse Cornett,89,3,no,no,yes,no,no,yes,no,no,yes,yes,yes,no,no,yes,no,no,no,no,yes,no,yes,yes,no,no,no,no,no,no,yes,no,no,no,no,no,12018,2,7425,2,2439,22324,6006,8911,5657,2467,58,41,883,1101,2383,4765,2464,CLACK-114,NA,NA,NA,NA,NA,NA,NA,NA,no
John Sweeney,89,3,no,no,no,no,no,no,no,no,no,no,no,no,no,no,no,no,no,no,no,no,no,no,no,no,no,no,no,no,no,no,no,no,no,no,12018,2,7425,2,2439,22324,6006,8911,5657,2467,58,41,883,1101,2383,4765,2464,CLACK-114,NA,NA,NA,NA,NA,NA,NA,NA,no
Theo Hathaway Saner,89,3,no,yes,no,no,no,no,no,no,no,no,no,no,no,no,no,no,no,no,no,no,no,no,no,no,no,no,no,no,no,no,no,no,no,no,12018,2,7425,2,2439,22324,6006,8911,5657,2467,58,41,883,1101,2383,4765,2464,CLACK-114,NA,NA,NA,NA,NA,NA,NA,NA,no
Luke Zak,89,3,no,no,no,no,no,no,no,yes,no,no,no,no,no,no,no,no,no,no,no,no,no,no,no,no,yes,no,no,no,no,no,no,yes,no,no,12018,2,7425,2,2439,22324,6006,8911,5657,2467,58,41,883,1101,2383,4765,2464,CLACK-114,NA,NA,NA,NA,NA,NA,NA,NA,no
Daniel DeMelo,89,3,no,no,yes,no,no,no,yes,no,yes,no,yes,no,no,no,no,yes,yes,no,no,no,no,no,no,no,no,no,no,no,no,no,no,yes,no,no,12018,2,7425,2,2439,22324,6006,8911,5657,2467,58,41,883,1101,2383,4765,2464,CLACK-114,NA,NA,NA,NA,NA,NA,NA,NA,no
Chris Flanary,89,3,no,no,no,no,no,no,no,no,no,no,no,no,no,no,no,no,no,no,no,no,no,no,no,no,no,no,no,no,no,no,no,no,no,no,12018,2,7425,2,2439,22324,6006,8911,5657,2467,58,41,883,1101,2383,4765,2464,CLACK-114,NA,NA,NA,NA,NA,NA,NA,NA,no
Angelita Morillo ,89,3,no,no,no,no,no,no,no,no,no,no,no,no,no,no,no,no,no,no,no,no,no,no,no,no,no,no,no,no,no,no,no,no,no,no,12018,2,7425,2,2439,22324,6006,8911,5657,2467,58,41,883,1101,2383,4765,2464,CLACK-114,NA,NA,NA,NA,NA,NA,NA,NA,no
Bob Weinstein,32,4,no,no,no,no,no,no,no,no,no,no,yes,no,no,no,no,no,yes,no,yes,no,yes,no,no,no,no,no,no,no,no,no,yes,no,no,no,14566,2,8489,2,1848,23977,2161,4870,9729,8586,62,37,1363,845,2305,3363,6184,2804,7599,6356,83.64,23979,21974,24234,81.83,3356,no
Andra Vlavín,32,4,no,yes,no,no,no,no,no,no,no,no,no,no,no,no,no,no,no,no,no,no,no,no,no,no,no,no,no,no,no,no,no,no,no,no,14566,2,8489,2,1848,23977,2161,4870,9729,8586,62,37,1363,845,2305,3363,6184,2804,7599,6356,83.64,23979,21974,24234,81.83,3356,no
Kevin Goldsmith,32,4,no,no,no,no,no,no,no,no,no,no,no,no,no,no,no,no,no,no,no,no,no,no,no,no,no,no,no,no,no,no,no,no,no,no,14566,2,8489,2,1848,23977,2161,4870,9729,8586,62,37,1363,845,2305,3363,6184,2804,7599,6356,83.64,23979,21974,24234,81.83,3356,no
Mitch Green,32,4,yes,no,no,no,yes,yes,no,no,no,no,no,no,yes,yes,yes,no,no,yes,no,no,no,yes,no,yes,no,yes,no,no,yes,no,no,no,no,no,14566,2,8489,2,1848,23977,2161,4870,9729,8586,62,37,1363,845,2305,3363,6184,2804,7599,6356,83.64,23979,21974,24234,81.83,3356,yes
Joseph (Joe) Alfone,32,4,no,no,no,no,no,no,no,no,no,no,no,no,no,no,no,no,no,no,no,no,no,no,no,no,no,no,no,no,no,no,no,no,no,no,14566,2,8489,2,1848,23977,2161,4870,9729,8586,62,37,1363,845,2305,3363,6184,2804,7599,6356,83.64,23979,21974,24234,81.83,3356,no
Eli Arnold,32,4,no,no,yes,yes,no,no,yes,no,yes,yes,yes,yes,no,no,no,yes,no,no,yes,no,no,no,no,no,no,no,no,no,no,no,yes,no,no,no,14566,2,8489,2,1848,23977,2161,4870,9729,8586,62,37,1363,845,2305,3363,6184,2804,7599,6356,83.64,23979,21974,24234,81.83,3356,no
Stanley Penkin,32,4,no,no,no,no,no,no,yes,no,no,no,yes,no,no,no,no,no,yes,no,yes,no,no,yes,no,no,no,no,no,no,no,no,yes,no,no,no,14566,2,8489,2,1848,23977,2161,4870,9729,8586,62,37,1363,845,2305,3363,6184,2804,7599,6356,83.64,23979,21974,24234,81.83,3356,no
Tony Morse,32,4,no,no,no,yes,no,no,no,no,yes,no,yes,no,no,no,no,yes,no,no,no,no,yes,no,no,no,no,no,no,yes,no,no,yes,no,no,no,14566,2,8489,2,1848,23977,2161,4870,9729,8586,62,37,1363,845,2305,3363,6184,2804,7599,6356,83.64,23979,21974,24234,81.83,3356,no
Chloe Mason,32,4,no,no,no,no,no,no,no,no,no,no,no,no,no,no,no,no,no,no,no,no,no,no,no,no,no,no,no,no,no,no,no,no,no,no,14566,2,8489,2,1848,23977,2161,4870,9729,8586,62,37,1363,845,2305,3363,6184,2804,7599,6356,83.64,23979,21974,24234,81.83,3356,no
Chad Lykins,32,4,no,yes,no,yes,no,yes,no,no,no,no,no,no,no,no,yes,no,no,yes,no,yes,yes,yes,yes,yes,yes,yes,no,no,yes,no,no,no,no,no,14566,2,8489,2,1848,23977,2161,4870,9729,8586,62,37,1363,845,2305,3363,6184,2804,7599,6356,83.64,23979,21974,24234,81.83,3356,no
John Toran,32,4,no,no,no,no,no,no,no,no,no,no,no,no,no,no,no,no,no,no,yes,no,no,no,no,no,no,no,no,no,no,no,no,no,no,no,14566,2,8489,2,1848,23977,2161,4870,9729,8586,62,37,1363,845,2305,3363,6184,2804,7599,6356,83.64,23979,21974,24234,81.83,3356,no
Ciatta R Thompson,32,4,no,no,no,no,no,no,no,no,no,no,no,no,no,no,no,no,no,no,no,no,no,no,no,no,no,no,no,no,no,no,no,no,no,no,14566,2,8489,2,1848,23977,2161,4870,9729,8586,62,37,1363,845,2305,3363,6184,2804,7599,6356,83.64,23979,21974,24234,81.83,3356,no
Michael Trimble,32,4,no,no,no,no,no,no,no,no,no,no,no,no,no,no,no,no,no,no,no,no,no,no,no,no,no,no,no,no,no,no,no,no,no,no,14566,2,8489,2,1848,23977,2161,4870,9729,8586,62,37,1363,845,2305,3363,6184,2804,7599,6356,83.64,23979,21974,24234,81.83,3356,no
Bob Callahan,32,4,no,no,no,no,no,no,no,no,no,no,no,no,no,no,no,no,no,no,no,no,no,no,no,no,no,no,no,no,no,no,no,no,no,no,14566,2,8489,2,1848,23977,2161,4870,9729,8586,62,37,1363,845,2305,3363,6184,2804,7599,6356,83.64,23979,21974,24234,81.83,3356,no
Olivia Clark,32,4,no,no,yes,yes,yes,no,yes,no,yes,yes,yes,yes,no,no,no,yes,no,no,yes,no,yes,yes,no,no,yes,no,no,yes,no,no,yes,no,no,no,14566,2,8489,2,1848,23977,2161,4870,9729,8586,62,37,1363,845,2305,3363,6184,2804,7599,6356,83.64,23979,21974,24234,81.83,3356,yes
Lisa Freeman,32,4,no,no,no,no,no,no,no,no,no,no,no,no,no,no,no,no,no,yes,no,yes,no,yes,yes,yes,yes,yes,yes,no,no,no,no,no,no,no,14566,2,8489,2,1848,23977,2161,4870,9729,8586,62,37,1363,845,2305,3363,6184,2804,7599,6356,83.64,23979,21974,24234,81.83,3356,no
Sarah Silkie,32,4,no,yes,no,no,no,yes,no,no,no,no,no,no,no,yes,yes,no,no,no,no,no,no,yes,yes,no,no,no,no,no,yes,no,no,no,no,no,14566,2,8489,2,1848,23977,2161,4870,9729,8586,62,37,1363,845,2305,3363,6184,2804,7599,6356,83.64,23979,21974,24234,81.83,3356,no
Chris Henry,32,4,no,yes,no,no,no,no,no,no,no,no,no,no,no,no,no,no,no,no,no,no,no,no,no,no,no,no,no,no,no,no,no,no,no,no,14566,2,8489,2,1848,23977,2161,4870,9729,8586,62,37,1363,845,2305,3363,6184,2804,7599,6356,83.64,23979,21974,24234,81.83,3356,no
Ben Hufford,32,4,no,no,no,no,no,no,yes,no,no,no,yes,no,no,no,no,no,no,no,no,no,no,no,no,no,no,no,no,no,no,no,no,no,no,no,14566,2,8489,2,1848,23977,2161,4870,9729,8586,62,37,1363,845,2305,3363,6184,2804,7599,6356,83.64,23979,21974,24234,81.83,3356,no
Moses Ross,32,4,no,no,no,no,no,no,no,no,no,no,no,no,no,no,no,no,no,no,no,no,no,no,no,no,no,no,no,no,no,yes,no,no,no,no,14566,2,8489,2,1848,23977,2161,4870,9729,8586,62,37,1363,845,2305,3363,6184,2804,7599,6356,83.64,23979,21974,24234,81.83,3356,no
Eric Zimmerman,32,4,no,no,yes,yes,yes,no,yes,no,no,yes,yes,yes,no,no,no,yes,yes,no,yes,no,no,no,no,no,no,no,no,yes,no,no,yes,no,no,no,14566,2,8489,2,1848,23977,2161,4870,9729,8586,62,37,1363,845,2305,3363,6184,2804,7599,6356,83.64,23979,21974,24234,81.83,3356,yes
Mike DiNapoli,32,4,no,no,no,no,no,no,no,no,no,no,no,no,no,no,no,no,no,no,no,yes,no,no,no,no,no,no,no,no,no,no,no,no,no,no,14566,2,8489,2,1848,23977,2161,4870,9729,8586,62,37,1363,845,2305,3363,6184,2804,7599,6356,83.64,23979,21974,24234,81.83,3356,no
Bob Weinstein,53,4,no,no,no,no,no,no,no,no,no,no,yes,no,no,no,no,no,yes,no,yes,no,yes,no,no,no,no,no,no,no,no,no,yes,no,no,no,29807,1,6050,2,6742,37625,5126,11760,15053,10547,21,78,5195,3276,5069,6500,7030,3303,9456,6344,67.09,10641,11354,11714,76.26,2823,no
Andra Vlavín,53,4,no,yes,no,no,no,no,no,no,no,no,no,no,no,no,no,no,no,no,no,no,no,no,no,no,no,no,no,no,no,no,no,no,no,no,29807,1,6050,2,6742,37625,5126,11760,15053,10547,21,78,5195,3276,5069,6500,7030,3303,9456,6344,67.09,10641,11354,11714,76.26,2823,no
Kevin Goldsmith,53,4,no,no,no,no,no,no,no,no,no,no,no,no,no,no,no,no,no,no,no,no,no,no,no,no,no,no,no,no,no,no,no,no,no,no,29807,1,6050,2,6742,37625,5126,11760,15053,10547,21,78,5195,3276,5069,6500,7030,3303,9456,6344,67.09,10641,11354,11714,76.26,2823,no
Mitch Green,53,4,yes,no,no,no,yes,yes,no,no,no,no,no,no,yes,yes,yes,no,no,yes,no,no,no,yes,no,yes,no,yes,no,no,yes,no,no,no,no,no,29807,1,6050,2,6742,37625,5126,11760,15053,10547,21,78,5195,3276,5069,6500,7030,3303,9456,6344,67.09,10641,11354,11714,76.26,2823,yes
Joseph (Joe) Alfone,53,4,no,no,no,no,no,no,no,no,no,no,no,no,no,no,no,no,no,no,no,no,no,no,no,no,no,no,no,no,no,no,no,no,no,no,29807,1,6050,2,6742,37625,5126,11760,15053,10547,21,78,5195,3276,5069,6500,7030,3303,9456,6344,67.09,10641,11354,11714,76.26,2823,no
Eli Arnold,53,4,no,no,yes,yes,no,no,yes,no,yes,yes,yes,yes,no,no,no,yes,no,no,yes,no,no,no,no,no,no,no,no,no,no,no,yes,no,no,no,29807,1,6050,2,6742,37625,5126,11760,15053,10547,21,78,5195,3276,5069,6500,7030,3303,9456,6344,67.09,10641,11354,11714,76.26,2823,no
Stanley Penkin,53,4,no,no,no,no,no,no,yes,no,no,no,yes,no,no,no,no,no,yes,no,yes,no,no,yes,no,no,no,no,no,no,no,no,yes,no,no,no,29807,1,6050,2,6742,37625,5126,11760,15053,10547,21,78,5195,3276,5069,6500,7030,3303,9456,6344,67.09,10641,11354,11714,76.26,2823,no
Tony Morse,53,4,no,no,no,yes,no,no,no,no,yes,no,yes,no,no,no,no,yes,no,no,no,no,yes,no,no,no,no,no,no,yes,no,no,yes,no,no,no,29807,1,6050,2,6742,37625,5126,11760,15053,10547,21,78,5195,3276,5069,6500,7030,3303,9456,6344,67.09,10641,11354,11714,76.26,2823,no
Chloe Mason,53,4,no,no,no,no,no,no,no,no,no,no,no,no,no,no,no,no,no,no,no,no,no,no,no,no,no,no,no,no,no,no,no,no,no,no,29807,1,6050,2,6742,37625,5126,11760,15053,10547,21,78,5195,3276,5069,6500,7030,3303,9456,6344,67.09,10641,11354,11714,76.26,2823,no
Chad Lykins,53,4,no,yes,no,yes,no,yes,no,no,no,no,no,no,no,no,yes,no,no,yes,no,yes,yes,yes,yes,yes,yes,yes,no,no,yes,no,no,no,no,no,29807,1,6050,2,6742,37625,5126,11760,15053,10547,21,78,5195,3276,5069,6500,7030,3303,9456,6344,67.09,10641,11354,11714,76.26,2823,no
John Toran,53,4,no,no,no,no,no,no,no,no,no,no,no,no,no,no,no,no,no,no,yes,no,no,no,no,no,no,no,no,no,no,no,no,no,no,no,29807,1,6050,2,6742,37625,5126,11760,15053,10547,21,78,5195,3276,5069,6500,7030,3303,9456,6344,67.09,10641,11354,11714,76.26,2823,no
Ciatta R Thompson,53,4,no,no,no,no,no,no,no,no,no,no,no,no,no,no,no,no,no,no,no,no,no,no,no,no,no,no,no,no,no,no,no,no,no,no,29807,1,6050,2,6742,37625,5126,11760,15053,10547,21,78,5195,3276,5069,6500,7030,3303,9456,6344,67.09,10641,11354,11714,76.26,2823,no
Michael Trimble,53,4,no,no,no,no,no,no,no,no,no,no,no,no,no,no,no,no,no,no,no,no,no,no,no,no,no,no,no,no,no,no,no,no,no,no,29807,1,6050,2,6742,37625,5126,11760,15053,10547,21,78,5195,3276,5069,6500,7030,3303,9456,6344,67.09,10641,11354,11714,76.26,2823,no
Bob Callahan,53,4,no,no,no,no,no,no,no,no,no,no,no,no,no,no,no,no,no,no,no,no,no,no,no,no,no,no,no,no,no,no,no,no,no,no,29807,1,6050,2,6742,37625,5126,11760,15053,10547,21,78,5195,3276,5069,6500,7030,3303,9456,6344,67.09,10641,11354,11714,76.26,2823,no
Olivia Clark,53,4,no,no,yes,yes,yes,no,yes,no,yes,yes,yes,yes,no,no,no,yes,no,no,yes,no,yes,yes,no,no,yes,no,no,yes,no,no,yes,no,no,no,29807,1,6050,2,6742,37625,5126,11760,15053,10547,21,78,5195,3276,5069,6500,7030,3303,9456,6344,67.09,10641,11354,11714,76.26,2823,yes
Lisa Freeman,53,4,no,no,no,no,no,no,no,no,no,no,no,no,no,no,no,no,no,yes,no,yes,no,yes,yes,yes,yes,yes,yes,no,no,no,no,no,no,no,29807,1,6050,2,6742,37625,5126,11760,15053,10547,21,78,5195,3276,5069,6500,7030,3303,9456,6344,67.09,10641,11354,11714,76.26,2823,no
Sarah Silkie,53,4,no,yes,no,no,no,yes,no,no,no,no,no,no,no,yes,yes,no,no,no,no,no,no,yes,yes,no,no,no,no,no,yes,no,no,no,no,no,29807,1,6050,2,6742,37625,5126,11760,15053,10547,21,78,5195,3276,5069,6500,7030,3303,9456,6344,67.09,10641,11354,11714,76.26,2823,no
Chris Henry,53,4,no,yes,no,no,no,no,no,no,no,no,no,no,no,no,no,no,no,no,no,no,no,no,no,no,no,no,no,no,no,no,no,no,no,no,29807,1,6050,2,6742,37625,5126,11760,15053,10547,21,78,5195,3276,5069,6500,7030,3303,9456,6344,67.09,10641,11354,11714,76.26,2823,no
Ben Hufford,53,4,no,no,no,no,no,no,yes,no,no,no,yes,no,no,no,no,no,no,no,no,no,no,no,no,no,no,no,no,no,no,no,no,no,no,no,29807,1,6050,2,6742,37625,5126,11760,15053,10547,21,78,5195,3276,5069,6500,7030,3303,9456,6344,67.09,10641,11354,11714,76.26,2823,no
Moses Ross,53,4,no,no,no,no,no,no,no,no,no,no,no,no,no,no,no,no,no,no,no,no,no,no,no,no,no,no,no,no,no,yes,no,no,no,no,29807,1,6050,2,6742,37625,5126,11760,15053,10547,21,78,5195,3276,5069,6500,7030,3303,9456,6344,67.09,10641,11354,11714,76.26,2823,no
Eric Zimmerman,53,4,no,no,yes,yes,yes,no,yes,no,no,yes,yes,yes,no,no,no,yes,yes,no,yes,no,no,no,no,no,no,no,no,yes,no,no,yes,no,no,no,29807,1,6050,2,6742,37625,5126,11760,15053,10547,21,78,5195,3276,5069,6500,7030,3303,9456,6344,67.09,10641,11354,11714,76.26,2823,yes
Mike DiNapoli,53,4,no,no,no,no,no,no,no,no,no,no,no,no,no,no,no,no,no,no,no,yes,no,no,no,no,no,no,no,no,no,no,no,no,no,no,29807,1,6050,2,6742,37625,5126,11760,15053,10547,21,78,5195,3276,5069,6500,7030,3303,9456,6344,67.09,10641,11354,11714,76.26,2823,no
Bob Weinstein,66,4,no,no,no,no,no,no,no,no,no,no,yes,no,no,no,no,no,yes,no,yes,no,yes,no,no,no,no,no,no,no,no,no,yes,no,no,no,10528,2,5394,2,2922,17951,2445,5315,6997,5156,52,47,1055,918,1395,2963,3693,4103,4060,3475,85.59,6054,5599,5023,83.48,805,no
Andra Vlavín,66,4,no,yes,no,no,no,no,no,no,no,no,no,no,no,no,no,no,no,no,no,no,no,no,no,no,no,no,no,no,no,no,no,no,no,no,10528,2,5394,2,2922,17951,2445,5315,6997,5156,52,47,1055,918,1395,2963,3693,4103,4060,3475,85.59,6054,5599,5023,83.48,805,no
Kevin Goldsmith,66,4,no,no,no,no,no,no,no,no,no,no,no,no,no,no,no,no,no,no,no,no,no,no,no,no,no,no,no,no,no,no,no,no,no,no,10528,2,5394,2,2922,17951,2445,5315,6997,5156,52,47,1055,918,1395,2963,3693,4103,4060,3475,85.59,6054,5599,5023,83.48,805,no
Mitch Green,66,4,yes,no,no,no,yes,yes,no,no,no,no,no,no,yes,yes,yes,no,no,yes,no,no,no,yes,no,yes,no,yes,no,no,yes,no,no,no,no,no,10528,2,5394,2,2922,17951,2445,5315,6997,5156,52,47,1055,918,1395,2963,3693,4103,4060,3475,85.59,6054,5599,5023,83.48,805,yes
Joseph (Joe) Alfone,66,4,no,no,no,no,no,no,no,no,no,no,no,no,no,no,no,no,no,no,no,no,no,no,no,no,no,no,no,no,no,no,no,no,no,no,10528,2,5394,2,2922,17951,2445,5315,6997,5156,52,47,1055,918,1395,2963,3693,4103,4060,3475,85.59,6054,5599,5023,83.48,805,no
Eli Arnold,66,4,no,no,yes,yes,no,no,yes,no,yes,yes,yes,yes,no,no,no,yes,no,no,yes,no,no,no,no,no,no,no,no,no,no,no,yes,no,no,no,10528,2,5394,2,2922,17951,2445,5315,6997,5156,52,47,1055,918,1395,2963,3693,4103,4060,3475,85.59,6054,5599,5023,83.48,805,no
Stanley Penkin,66,4,no,no,no,no,no,no,yes,no,no,no,yes,no,no,no,no,no,yes,no,yes,no,no,yes,no,no,no,no,no,no,no,no,yes,no,no,no,10528,2,5394,2,2922,17951,2445,5315,6997,5156,52,47,1055,918,1395,2963,3693,4103,4060,3475,85.59,6054,5599,5023,83.48,805,no
Tony Morse,66,4,no,no,no,yes,no,no,no,no,yes,no,yes,no,no,no,no,yes,no,no,no,no,yes,no,no,no,no,no,no,yes,no,no,yes,no,no,no,10528,2,5394,2,2922,17951,2445,5315,6997,5156,52,47,1055,918,1395,2963,3693,4103,4060,3475,85.59,6054,5599,5023,83.48,805,no
Chloe Mason,66,4,no,no,no,no,no,no,no,no,no,no,no,no,no,no,no,no,no,no,no,no,no,no,no,no,no,no,no,no,no,no,no,no,no,no,10528,2,5394,2,2922,17951,2445,5315,6997,5156,52,47,1055,918,1395,2963,3693,4103,4060,3475,85.59,6054,5599,5023,83.48,805,no
Chad Lykins,66,4,no,yes,no,yes,no,yes,no,no,no,no,no,no,no,no,yes,no,no,yes,no,yes,yes,yes,yes,yes,yes,yes,no,no,yes,no,no,no,no,no,10528,2,5394,2,2922,17951,2445,5315,6997,5156,52,47,1055,918,1395,2963,3693,4103,4060,3475,85.59,6054,5599,5023,83.48,805,no
John Toran,66,4,no,no,no,no,no,no,no,no,no,no,no,no,no,no,no,no,no,no,yes,no,no,no,no,no,no,no,no,no,no,no,no,no,no,no,10528,2,5394,2,2922,17951,2445,5315,6997,5156,52,47,1055,918,1395,2963,3693,4103,4060,3475,85.59,6054,5599,5023,83.48,805,no
Ciatta R Thompson,66,4,no,no,no,no,no,no,no,no,no,no,no,no,no,no,no,no,no,no,no,no,no,no,no,no,no,no,no,no,no,no,no,no,no,no,10528,2,5394,2,2922,17951,2445,5315,6997,5156,52,47,1055,918,1395,2963,3693,4103,4060,3475,85.59,6054,5599,5023,83.48,805,no
Michael Trimble,66,4,no,no,no,no,no,no,no,no,no,no,no,no,no,no,no,no,no,no,no,no,no,no,no,no,no,no,no,no,no,no,no,no,no,no,10528,2,5394,2,2922,17951,2445,5315,6997,5156,52,47,1055,918,1395,2963,3693,4103,4060,3475,85.59,6054,5599,5023,83.48,805,no
Bob Callahan,66,4,no,no,no,no,no,no,no,no,no,no,no,no,no,no,no,no,no,no,no,no,no,no,no,no,no,no,no,no,no,no,no,no,no,no,10528,2,5394,2,2922,17951,2445,5315,6997,5156,52,47,1055,918,1395,2963,3693,4103,4060,3475,85.59,6054,5599,5023,83.48,805,no
Olivia Clark,66,4,no,no,yes,yes,yes,no,yes,no,yes,yes,yes,yes,no,no,no,yes,no,no,yes,no,yes,yes,no,no,yes,no,no,yes,no,no,yes,no,no,no,10528,2,5394,2,2922,17951,2445,5315,6997,5156,52,47,1055,918,1395,2963,3693,4103,4060,3475,85.59,6054,5599,5023,83.48,805,yes
Lisa Freeman,66,4,no,no,no,no,no,no,no,no,no,no,no,no,no,no,no,no,no,yes,no,yes,no,yes,yes,yes,yes,yes,yes,no,no,no,no,no,no,no,10528,2,5394,2,2922,17951,2445,5315,6997,5156,52,47,1055,918,1395,2963,3693,4103,4060,3475,85.59,6054,5599,5023,83.48,805,no
Sarah Silkie,66,4,no,yes,no,no,no,yes,no,no,no,no,no,no,no,yes,yes,no,no,no,no,no,no,yes,yes,no,no,no,no,no,yes,no,no,no,no,no,10528,2,5394,2,2922,17951,2445,5315,6997,5156,52,47,1055,918,1395,2963,3693,4103,4060,3475,85.59,6054,5599,5023,83.48,805,no
Chris Henry,66,4,no,yes,no,no,no,no,no,no,no,no,no,no,no,no,no,no,no,no,no,no,no,no,no,no,no,no,no,no,no,no,no,no,no,no,10528,2,5394,2,2922,17951,2445,5315,6997,5156,52,47,1055,918,1395,2963,3693,4103,4060,3475,85.59,6054,5599,5023,83.48,805,no
Ben Hufford,66,4,no,no,no,no,no,no,yes,no,no,no,yes,no,no,no,no,no,no,no,no,no,no,no,no,no,no,no,no,no,no,no,no,no,no,no,10528,2,5394,2,2922,17951,2445,5315,6997,5156,52,47,1055,918,1395,2963,3693,4103,4060,3475,85.59,6054,5599,5023,83.48,805,no
Moses Ross,66,4,no,no,no,no,no,no,no,no,no,no,no,no,no,no,no,no,no,no,no,no,no,no,no,no,no,no,no,no,no,yes,no,no,no,no,10528,2,5394,2,2922,17951,2445,5315,6997,5156,52,47,1055,918,1395,2963,3693,4103,4060,3475,85.59,6054,5599,5023,83.48,805,no
Eric Zimmerman,66,4,no,no,yes,yes,yes,no,yes,no,no,yes,yes,yes,no,no,no,yes,yes,no,yes,no,no,no,no,no,no,no,no,yes,no,no,yes,no,no,no,10528,2,5394,2,2922,17951,2445,5315,6997,5156,52,47,1055,918,1395,2963,3693,4103,4060,3475,85.59,6054,5599,5023,83.48,805,yes
Mike DiNapoli,66,4,no,no,no,no,no,no,no,no,no,no,no,no,no,no,no,no,no,no,no,yes,no,no,no,no,no,no,no,no,no,no,no,no,no,no,10528,2,5394,2,2922,17951,2445,5315,6997,5156,52,47,1055,918,1395,2963,3693,4103,4060,3475,85.59,6054,5599,5023,83.48,805,no
Bob Weinstein,37,4,no,no,no,no,no,no,no,no,no,no,yes,no,no,no,no,no,yes,no,yes,no,yes,no,no,no,no,no,no,no,no,no,yes,no,no,no,18634,2,10058,2,2138,31506,2932,8442,12946,8549,64,35,1429,1176,2899,5690,6875,2806,9620,7798,81.06,12441,11594,12136,81.31,1205,no
Andra Vlavín,37,4,no,yes,no,no,no,no,no,no,no,no,no,no,no,no,no,no,no,no,no,no,no,no,no,no,no,no,no,no,no,no,no,no,no,no,18634,2,10058,2,2138,31506,2932,8442,12946,8549,64,35,1429,1176,2899,5690,6875,2806,9620,7798,81.06,12441,11594,12136,81.31,1205,no
Kevin Goldsmith,37,4,no,no,no,no,no,no,no,no,no,no,no,no,no,no,no,no,no,no,no,no,no,no,no,no,no,no,no,no,no,no,no,no,no,no,18634,2,10058,2,2138,31506,2932,8442,12946,8549,64,35,1429,1176,2899,5690,6875,2806,9620,7798,81.06,12441,11594,12136,81.31,1205,no
Mitch Green,37,4,yes,no,no,no,yes,yes,no,no,no,no,no,no,yes,yes,yes,no,no,yes,no,no,no,yes,no,yes,no,yes,no,no,yes,no,no,no,no,no,18634,2,10058,2,2138,31506,2932,8442,12946,8549,64,35,1429,1176,2899,5690,6875,2806,9620,7798,81.06,12441,11594,12136,81.31,1205,yes
Joseph (Joe) Alfone,37,4,no,no,no,no,no,no,no,no,no,no,no,no,no,no,no,no,no,no,no,no,no,no,no,no,no,no,no,no,no,no,no,no,no,no,18634,2,10058,2,2138,31506,2932,8442,12946,8549,64,35,1429,1176,2899,5690,6875,2806,9620,7798,81.06,12441,11594,12136,81.31,1205,no
Eli Arnold,37,4,no,no,yes,yes,no,no,yes,no,yes,yes,yes,yes,no,no,no,yes,no,no,yes,no,no,no,no,no,no,no,no,no,no,no,yes,no,no,no,18634,2,10058,2,2138,31506,2932,8442,12946,8549,64,35,1429,1176,2899,5690,6875,2806,9620,7798,81.06,12441,11594,12136,81.31,1205,no
Stanley Penkin,37,4,no,no,no,no,no,no,yes,no,no,no,yes,no,no,no,no,no,yes,no,yes,no,no,yes,no,no,no,no,no,no,no,no,yes,no,no,no,18634,2,10058,2,2138,31506,2932,8442,12946,8549,64,35,1429,1176,2899,5690,6875,2806,9620,7798,81.06,12441,11594,12136,81.31,1205,no
Tony Morse,37,4,no,no,no,yes,no,no,no,no,yes,no,yes,no,no,no,no,yes,no,no,no,no,yes,no,no,no,no,no,no,yes,no,no,yes,no,no,no,18634,2,10058,2,2138,31506,2932,8442,12946,8549,64,35,1429,1176,2899,5690,6875,2806,9620,7798,81.06,12441,11594,12136,81.31,1205,no
Chloe Mason,37,4,no,no,no,no,no,no,no,no,no,no,no,no,no,no,no,no,no,no,no,no,no,no,no,no,no,no,no,no,no,no,no,no,no,no,18634,2,10058,2,2138,31506,2932,8442,12946,8549,64,35,1429,1176,2899,5690,6875,2806,9620,7798,81.06,12441,11594,12136,81.31,1205,no
Chad Lykins,37,4,no,yes,no,yes,no,yes,no,no,no,no,no,no,no,no,yes,no,no,yes,no,yes,yes,yes,yes,yes,yes,yes,no,no,yes,no,no,no,no,no,18634,2,10058,2,2138,31506,2932,8442,12946,8549,64,35,1429,1176,2899,5690,6875,2806,9620,7798,81.06,12441,11594,12136,81.31,1205,no
John Toran,37,4,no,no,no,no,no,no,no,no,no,no,no,no,no,no,no,no,no,no,yes,no,no,no,no,no,no,no,no,no,no,no,no,no,no,no,18634,2,10058,2,2138,31506,2932,8442,12946,8549,64,35,1429,1176,2899,5690,6875,2806,9620,7798,81.06,12441,11594,12136,81.31,1205,no
Ciatta R Thompson,37,4,no,no,no,no,no,no,no,no,no,no,no,no,no,no,no,no,no,no,no,no,no,no,no,no,no,no,no,no,no,no,no,no,no,no,18634,2,10058,2,2138,31506,2932,8442,12946,8549,64,35,1429,1176,2899,5690,6875,2806,9620,7798,81.06,12441,11594,12136,81.31,1205,no
Michael Trimble,37,4,no,no,no,no,no,no,no,no,no,no,no,no,no,no,no,no,no,no,no,no,no,no,no,no,no,no,no,no,no,no,no,no,no,no,18634,2,10058,2,2138,31506,2932,8442,12946,8549,64,35,1429,1176,2899,5690,6875,2806,9620,7798,81.06,12441,11594,12136,81.31,1205,no
Bob Callahan,37,4,no,no,no,no,no,no,no,no,no,no,no,no,no,no,no,no,no,no,no,no,no,no,no,no,no,no,no,no,no,no,no,no,no,no,18634,2,10058,2,2138,31506,2932,8442,12946,8549,64,35,1429,1176,2899,5690,6875,2806,9620,7798,81.06,12441,11594,12136,81.31,1205,no
Olivia Clark,37,4,no,no,yes,yes,yes,no,yes,no,yes,yes,yes,yes,no,no,no,yes,no,no,yes,no,yes,yes,no,no,yes,no,no,yes,no,no,yes,no,no,no,18634,2,10058,2,2138,31506,2932,8442,12946,8549,64,35,1429,1176,2899,5690,6875,2806,9620,7798,81.06,12441,11594,12136,81.31,1205,yes
Lisa Freeman,37,4,no,no,no,no,no,no,no,no,no,no,no,no,no,no,no,no,no,yes,no,yes,no,yes,yes,yes,yes,yes,yes,no,no,no,no,no,no,no,18634,2,10058,2,2138,31506,2932,8442,12946,8549,64,35,1429,1176,2899,5690,6875,2806,9620,7798,81.06,12441,11594,12136,81.31,1205,no
Sarah Silkie,37,4,no,yes,no,no,no,yes,no,no,no,no,no,no,no,yes,yes,no,no,no,no,no,no,yes,yes,no,no,no,no,no,yes,no,no,no,no,no,18634,2,10058,2,2138,31506,2932,8442,12946,8549,64,35,1429,1176,2899,5690,6875,2806,9620,7798,81.06,12441,11594,12136,81.31,1205,no
Chris Henry,37,4,no,yes,no,no,no,no,no,no,no,no,no,no,no,no,no,no,no,no,no,no,no,no,no,no,no,no,no,no,no,no,no,no,no,no,18634,2,10058,2,2138,31506,2932,8442,12946,8549,64,35,1429,1176,2899,5690,6875,2806,9620,7798,81.06,12441,11594,12136,81.31,1205,no
Ben Hufford,37,4,no,no,no,no,no,no,yes,no,no,no,yes,no,no,no,no,no,no,no,no,no,no,no,no,no,no,no,no,no,no,no,no,no,no,no,18634,2,10058,2,2138,31506,2932,8442,12946,8549,64,35,1429,1176,2899,5690,6875,2806,9620,7798,81.06,12441,11594,12136,81.31,1205,no
Moses Ross,37,4,no,no,no,no,no,no,no,no,no,no,no,no,no,no,no,no,no,no,no,no,no,no,no,no,no,no,no,no,no,yes,no,no,no,no,18634,2,10058,2,2138,31506,2932,8442,12946,8549,64,35,1429,1176,2899,5690,6875,2806,9620,7798,81.06,12441,11594,12136,81.31,1205,no
Eric Zimmerman,37,4,no,no,yes,yes,yes,no,yes,no,no,yes,yes,yes,no,no,no,yes,yes,no,yes,no,no,no,no,no,no,no,no,yes,no,no,yes,no,no,no,18634,2,10058,2,2138,31506,2932,8442,12946,8549,64,35,1429,1176,2899,5690,6875,2806,9620,7798,81.06,12441,11594,12136,81.31,1205,yes
Mike DiNapoli,37,4,no,no,no,no,no,no,no,no,no,no,no,no,no,no,no,no,no,no,no,yes,no,no,no,no,no,no,no,no,no,no,no,no,no,no,18634,2,10058,2,2138,31506,2932,8442,12946,8549,64,35,1429,1176,2899,5690,6875,2806,9620,7798,81.06,12441,11594,12136,81.31,1205,no
Bob Weinstein,44,4,no,no,no,no,no,no,no,no,no,no,yes,no,no,no,no,no,yes,no,yes,no,yes,no,no,no,no,no,no,no,no,no,yes,no,no,no,23608,1,10126,2,3103,35767,2943,8436,14214,12427,50,49,2373,1598,3702,7130,7800,2801,8497,6934,81.61,11963,11161,12068,81.02,1285,no
Andra Vlavín,44,4,no,yes,no,no,no,no,no,no,no,no,no,no,no,no,no,no,no,no,no,no,no,no,no,no,no,no,no,no,no,no,no,no,no,no,23608,1,10126,2,3103,35767,2943,8436,14214,12427,50,49,2373,1598,3702,7130,7800,2801,8497,6934,81.61,11963,11161,12068,81.02,1285,no
Kevin Goldsmith,44,4,no,no,no,no,no,no,no,no,no,no,no,no,no,no,no,no,no,no,no,no,no,no,no,no,no,no,no,no,no,no,no,no,no,no,23608,1,10126,2,3103,35767,2943,8436,14214,12427,50,49,2373,1598,3702,7130,7800,2801,8497,6934,81.61,11963,11161,12068,81.02,1285,no
Mitch Green,44,4,yes,no,no,no,yes,yes,no,no,no,no,no,no,yes,yes,yes,no,no,yes,no,no,no,yes,no,yes,no,yes,no,no,yes,no,no,no,no,no,23608,1,10126,2,3103,35767,2943,8436,14214,12427,50,49,2373,1598,3702,7130,7800,2801,8497,6934,81.61,11963,11161,12068,81.02,1285,yes
Joseph (Joe) Alfone,44,4,no,no,no,no,no,no,no,no,no,no,no,no,no,no,no,no,no,no,no,no,no,no,no,no,no,no,no,no,no,no,no,no,no,no,23608,1,10126,2,3103,35767,2943,8436,14214,12427,50,49,2373,1598,3702,7130,7800,2801,8497,6934,81.61,11963,11161,12068,81.02,1285,no
Eli Arnold,44,4,no,no,yes,yes,no,no,yes,no,yes,yes,yes,yes,no,no,no,yes,no,no,yes,no,no,no,no,no,no,no,no,no,no,no,yes,no,no,no,23608,1,10126,2,3103,35767,2943,8436,14214,12427,50,49,2373,1598,3702,7130,7800,2801,8497,6934,81.61,11963,11161,12068,81.02,1285,no
Stanley Penkin,44,4,no,no,no,no,no,no,yes,no,no,no,yes,no,no,no,no,no,yes,no,yes,no,no,yes,no,no,no,no,no,no,no,no,yes,no,no,no,23608,1,10126,2,3103,35767,2943,8436,14214,12427,50,49,2373,1598,3702,7130,7800,2801,8497,6934,81.61,11963,11161,12068,81.02,1285,no
Tony Morse,44,4,no,no,no,yes,no,no,no,no,yes,no,yes,no,no,no,no,yes,no,no,no,no,yes,no,no,no,no,no,no,yes,no,no,yes,no,no,no,23608,1,10126,2,3103,35767,2943,8436,14214,12427,50,49,2373,1598,3702,7130,7800,2801,8497,6934,81.61,11963,11161,12068,81.02,1285,no
Chloe Mason,44,4,no,no,no,no,no,no,no,no,no,no,no,no,no,no,no,no,no,no,no,no,no,no,no,no,no,no,no,no,no,no,no,no,no,no,23608,1,10126,2,3103,35767,2943,8436,14214,12427,50,49,2373,1598,3702,7130,7800,2801,8497,6934,81.61,11963,11161,12068,81.02,1285,no
Chad Lykins,44,4,no,yes,no,yes,no,yes,no,no,no,no,no,no,no,no,yes,no,no,yes,no,yes,yes,yes,yes,yes,yes,yes,no,no,yes,no,no,no,no,no,23608,1,10126,2,3103,35767,2943,8436,14214,12427,50,49,2373,1598,3702,7130,7800,2801,8497,6934,81.61,11963,11161,12068,81.02,1285,no
John Toran,44,4,no,no,no,no,no,no,no,no,no,no,no,no,no,no,no,no,no,no,yes,no,no,no,no,no,no,no,no,no,no,no,no,no,no,no,23608,1,10126,2,3103,35767,2943,8436,14214,12427,50,49,2373,1598,3702,7130,7800,2801,8497,6934,81.61,11963,11161,12068,81.02,1285,no
Ciatta R Thompson,44,4,no,no,no,no,no,no,no,no,no,no,no,no,no,no,no,no,no,no,no,no,no,no,no,no,no,no,no,no,no,no,no,no,no,no,23608,1,10126,2,3103,35767,2943,8436,14214,12427,50,49,2373,1598,3702,7130,7800,2801,8497,6934,81.61,11963,11161,12068,81.02,1285,no
Michael Trimble,44,4,no,no,no,no,no,no,no,no,no,no,no,no,no,no,no,no,no,no,no,no,no,no,no,no,no,no,no,no,no,no,no,no,no,no,23608,1,10126,2,3103,35767,2943,8436,14214,12427,50,49,2373,1598,3702,7130,7800,2801,8497,6934,81.61,11963,11161,12068,81.02,1285,no
Bob Callahan,44,4,no,no,no,no,no,no,no,no,no,no,no,no,no,no,no,no,no,no,no,no,no,no,no,no,no,no,no,no,no,no,no,no,no,no,23608,1,10126,2,3103,35767,2943,8436,14214,12427,50,49,2373,1598,3702,7130,7800,2801,8497,6934,81.61,11963,11161,12068,81.02,1285,no
Olivia Clark,44,4,no,no,yes,yes,yes,no,yes,no,yes,yes,yes,yes,no,no,no,yes,no,no,yes,no,yes,yes,no,no,yes,no,no,yes,no,no,yes,no,no,no,23608,1,10126,2,3103,35767,2943,8436,14214,12427,50,49,2373,1598,3702,7130,7800,2801,8497,6934,81.61,11963,11161,12068,81.02,1285,yes
Lisa Freeman,44,4,no,no,no,no,no,no,no,no,no,no,no,no,no,no,no,no,no,yes,no,yes,no,yes,yes,yes,yes,yes,yes,no,no,no,no,no,no,no,23608,1,10126,2,3103,35767,2943,8436,14214,12427,50,49,2373,1598,3702,7130,7800,2801,8497,6934,81.61,11963,11161,12068,81.02,1285,no
Sarah Silkie,44,4,no,yes,no,no,no,yes,no,no,no,no,no,no,no,yes,yes,no,no,no,no,no,no,yes,yes,no,no,no,no,no,yes,no,no,no,no,no,23608,1,10126,2,3103,35767,2943,8436,14214,12427,50,49,2373,1598,3702,7130,7800,2801,8497,6934,81.61,11963,11161,12068,81.02,1285,no
Chris Henry,44,4,no,yes,no,no,no,no,no,no,no,no,no,no,no,no,no,no,no,no,no,no,no,no,no,no,no,no,no,no,no,no,no,no,no,no,23608,1,10126,2,3103,35767,2943,8436,14214,12427,50,49,2373,1598,3702,7130,7800,2801,8497,6934,81.61,11963,11161,12068,81.02,1285,no
Ben Hufford,44,4,no,no,no,no,no,no,yes,no,no,no,yes,no,no,no,no,no,no,no,no,no,no,no,no,no,no,no,no,no,no,no,no,no,no,no,23608,1,10126,2,3103,35767,2943,8436,14214,12427,50,49,2373,1598,3702,7130,7800,2801,8497,6934,81.61,11963,11161,12068,81.02,1285,no
Moses Ross,44,4,no,no,no,no,no,no,no,no,no,no,no,no,no,no,no,no,no,no,no,no,no,no,no,no,no,no,no,no,no,yes,no,no,no,no,23608,1,10126,2,3103,35767,2943,8436,14214,12427,50,49,2373,1598,3702,7130,7800,2801,8497,6934,81.61,11963,11161,12068,81.02,1285,no
Eric Zimmerman,44,4,no,no,yes,yes,yes,no,yes,no,no,yes,yes,yes,no,no,no,yes,yes,no,yes,no,no,no,no,no,no,no,no,yes,no,no,yes,no,no,no,23608,1,10126,2,3103,35767,2943,8436,14214,12427,50,49,2373,1598,3702,7130,7800,2801,8497,6934,81.61,11963,11161,12068,81.02,1285,yes
Mike DiNapoli,44,4,no,no,no,no,no,no,no,no,no,no,no,no,no,no,no,no,no,no,no,yes,no,no,no,no,no,no,no,no,no,no,no,no,no,no,23608,1,10126,2,3103,35767,2943,8436,14214,12427,50,49,2373,1598,3702,7130,7800,2801,8497,6934,81.61,11963,11161,12068,81.02,1285,no
Bob Weinstein,50,4,no,no,no,no,no,no,no,no,no,no,yes,no,no,no,no,no,yes,no,yes,no,yes,no,no,no,no,no,no,no,no,no,yes,no,no,no,17030,2,9125,2,2926,28342,2744,8526,11073,8217,66,33,1514,1046,2070,5484,6316,3803,8676,7499,86.43,13624,12220,12068,77.73,1092,no
Andra Vlavín,50,4,no,yes,no,no,no,no,no,no,no,no,no,no,no,no,no,no,no,no,no,no,no,no,no,no,no,no,no,no,no,no,no,no,no,no,17030,2,9125,2,2926,28342,2744,8526,11073,8217,66,33,1514,1046,2070,5484,6316,3803,8676,7499,86.43,13624,12220,12068,77.73,1092,no
Kevin Goldsmith,50,4,no,no,no,no,no,no,no,no,no,no,no,no,no,no,no,no,no,no,no,no,no,no,no,no,no,no,no,no,no,no,no,no,no,no,17030,2,9125,2,2926,28342,2744,8526,11073,8217,66,33,1514,1046,2070,5484,6316,3803,8676,7499,86.43,13624,12220,12068,77.73,1092,no
Mitch Green,50,4,yes,no,no,no,yes,yes,no,no,no,no,no,no,yes,yes,yes,no,no,yes,no,no,no,yes,no,yes,no,yes,no,no,yes,no,no,no,no,no,17030,2,9125,2,2926,28342,2744,8526,11073,8217,66,33,1514,1046,2070,5484,6316,3803,8676,7499,86.43,13624,12220,12068,77.73,1092,yes
Joseph (Joe) Alfone,50,4,no,no,no,no,no,no,no,no,no,no,no,no,no,no,no,no,no,no,no,no,no,no,no,no,no,no,no,no,no,no,no,no,no,no,17030,2,9125,2,2926,28342,2744,8526,11073,8217,66,33,1514,1046,2070,5484,6316,3803,8676,7499,86.43,13624,12220,12068,77.73,1092,no
Eli Arnold,50,4,no,no,yes,yes,no,no,yes,no,yes,yes,yes,yes,no,no,no,yes,no,no,yes,no,no,no,no,no,no,no,no,no,no,no,yes,no,no,no,17030,2,9125,2,2926,28342,2744,8526,11073,8217,66,33,1514,1046,2070,5484,6316,3803,8676,7499,86.43,13624,12220,12068,77.73,1092,no
Stanley Penkin,50,4,no,no,no,no,no,no,yes,no,no,no,yes,no,no,no,no,no,yes,no,yes,no,no,yes,no,no,no,no,no,no,no,no,yes,no,no,no,17030,2,9125,2,2926,28342,2744,8526,11073,8217,66,33,1514,1046,2070,5484,6316,3803,8676,7499,86.43,13624,12220,12068,77.73,1092,no
Tony Morse,50,4,no,no,no,yes,no,no,no,no,yes,no,yes,no,no,no,no,yes,no,no,no,no,yes,no,no,no,no,no,no,yes,no,no,yes,no,no,no,17030,2,9125,2,2926,28342,2744,8526,11073,8217,66,33,1514,1046,2070,5484,6316,3803,8676,7499,86.43,13624,12220,12068,77.73,1092,no
Chloe Mason,50,4,no,no,no,no,no,no,no,no,no,no,no,no,no,no,no,no,no,no,no,no,no,no,no,no,no,no,no,no,no,no,no,no,no,no,17030,2,9125,2,2926,28342,2744,8526,11073,8217,66,33,1514,1046,2070,5484,6316,3803,8676,7499,86.43,13624,12220,12068,77.73,1092,no
Chad Lykins,50,4,no,yes,no,yes,no,yes,no,no,no,no,no,no,no,no,yes,no,no,yes,no,yes,yes,yes,yes,yes,yes,yes,no,no,yes,no,no,no,no,no,17030,2,9125,2,2926,28342,2744,8526,11073,8217,66,33,1514,1046,2070,5484,6316,3803,8676,7499,86.43,13624,12220,12068,77.73,1092,no
John Toran,50,4,no,no,no,no,no,no,no,no,no,no,no,no,no,no,no,no,no,no,yes,no,no,no,no,no,no,no,no,no,no,no,no,no,no,no,17030,2,9125,2,2926,28342,2744,8526,11073,8217,66,33,1514,1046,2070,5484,6316,3803,8676,7499,86.43,13624,12220,12068,77.73,1092,no
Ciatta R Thompson,50,4,no,no,no,no,no,no,no,no,no,no,no,no,no,no,no,no,no,no,no,no,no,no,no,no,no,no,no,no,no,no,no,no,no,no,17030,2,9125,2,2926,28342,2744,8526,11073,8217,66,33,1514,1046,2070,5484,6316,3803,8676,7499,86.43,13624,12220,12068,77.73,1092,no
Michael Trimble,50,4,no,no,no,no,no,no,no,no,no,no,no,no,no,no,no,no,no,no,no,no,no,no,no,no,no,no,no,no,no,no,no,no,no,no,17030,2,9125,2,2926,28342,2744,8526,11073,8217,66,33,1514,1046,2070,5484,6316,3803,8676,7499,86.43,13624,12220,12068,77.73,1092,no
Bob Callahan,50,4,no,no,no,no,no,no,no,no,no,no,no,no,no,no,no,no,no,no,no,no,no,no,no,no,no,no,no,no,no,no,no,no,no,no,17030,2,9125,2,2926,28342,2744,8526,11073,8217,66,33,1514,1046,2070,5484,6316,3803,8676,7499,86.43,13624,12220,12068,77.73,1092,no
Olivia Clark,50,4,no,no,yes,yes,yes,no,yes,no,yes,yes,yes,yes,no,no,no,yes,no,no,yes,no,yes,yes,no,no,yes,no,no,yes,no,no,yes,no,no,no,17030,2,9125,2,2926,28342,2744,8526,11073,8217,66,33,1514,1046,2070,5484,6316,3803,8676,7499,86.43,13624,12220,12068,77.73,1092,yes
Lisa Freeman,50,4,no,no,no,no,no,no,no,no,no,no,no,no,no,no,no,no,no,yes,no,yes,no,yes,yes,yes,yes,yes,yes,no,no,no,no,no,no,no,17030,2,9125,2,2926,28342,2744,8526,11073,8217,66,33,1514,1046,2070,5484,6316,3803,8676,7499,86.43,13624,12220,12068,77.73,1092,no
Sarah Silkie,50,4,no,yes,no,no,no,yes,no,no,no,no,no,no,no,yes,yes,no,no,no,no,no,no,yes,yes,no,no,no,no,no,yes,no,no,no,no,no,17030,2,9125,2,2926,28342,2744,8526,11073,8217,66,33,1514,1046,2070,5484,6316,3803,8676,7499,86.43,13624,12220,12068,77.73,1092,no
Chris Henry,50,4,no,yes,no,no,no,no,no,no,no,no,no,no,no,no,no,no,no,no,no,no,no,no,no,no,no,no,no,no,no,no,no,no,no,no,17030,2,9125,2,2926,28342,2744,8526,11073,8217,66,33,1514,1046,2070,5484,6316,3803,8676,7499,86.43,13624,12220,12068,77.73,1092,no
Ben Hufford,50,4,no,no,no,no,no,no,yes,no,no,no,yes,no,no,no,no,no,no,no,no,no,no,no,no,no,no,no,no,no,no,no,no,no,no,no,17030,2,9125,2,2926,28342,2744,8526,11073,8217,66,33,1514,1046,2070,5484,6316,3803,8676,7499,86.43,13624,12220,12068,77.73,1092,no
Moses Ross,50,4,no,no,no,no,no,no,no,no,no,no,no,no,no,no,no,no,no,no,no,no,no,no,no,no,no,no,no,no,no,yes,no,no,no,no,17030,2,9125,2,2926,28342,2744,8526,11073,8217,66,33,1514,1046,2070,5484,6316,3803,8676,7499,86.43,13624,12220,12068,77.73,1092,no
Eric Zimmerman,50,4,no,no,yes,yes,yes,no,yes,no,no,yes,yes,yes,no,no,no,yes,yes,no,yes,no,no,no,no,no,no,no,no,yes,no,no,yes,no,no,no,17030,2,9125,2,2926,28342,2744,8526,11073,8217,66,33,1514,1046,2070,5484,6316,3803,8676,7499,86.43,13624,12220,12068,77.73,1092,yes
Mike DiNapoli,50,4,no,no,no,no,no,no,no,no,no,no,no,no,no,no,no,no,no,no,no,yes,no,no,no,no,no,no,no,no,no,no,no,no,no,no,17030,2,9125,2,2926,28342,2744,8526,11073,8217,66,33,1514,1046,2070,5484,6316,3803,8676,7499,86.43,13624,12220,12068,77.73,1092,no
Bob Weinstein,61,4,no,no,no,no,no,no,no,no,no,no,yes,no,no,no,no,no,yes,no,yes,no,yes,no,no,no,no,no,no,no,no,no,yes,no,no,no,22342,2,11019,2,5458,35872,4490,8788,14902,11822,65,35,2165,1687,2850,5757,9143,3304,8911,7347,82.45,15772,15162,16321,76.65,1465,no
Andra Vlavín,61,4,no,yes,no,no,no,no,no,no,no,no,no,no,no,no,no,no,no,no,no,no,no,no,no,no,no,no,no,no,no,no,no,no,no,no,22342,2,11019,2,5458,35872,4490,8788,14902,11822,65,35,2165,1687,2850,5757,9143,3304,8911,7347,82.45,15772,15162,16321,76.65,1465,no
Kevin Goldsmith,61,4,no,no,no,no,no,no,no,no,no,no,no,no,no,no,no,no,no,no,no,no,no,no,no,no,no,no,no,no,no,no,no,no,no,no,22342,2,11019,2,5458,35872,4490,8788,14902,11822,65,35,2165,1687,2850,5757,9143,3304,8911,7347,82.45,15772,15162,16321,76.65,1465,no
Mitch Green,61,4,yes,no,no,no,yes,yes,no,no,no,no,no,no,yes,yes,yes,no,no,yes,no,no,no,yes,no,yes,no,yes,no,no,yes,no,no,no,no,no,22342,2,11019,2,5458,35872,4490,8788,14902,11822,65,35,2165,1687,2850,5757,9143,3304,8911,7347,82.45,15772,15162,16321,76.65,1465,yes
Joseph (Joe) Alfone,61,4,no,no,no,no,no,no,no,no,no,no,no,no,no,no,no,no,no,no,no,no,no,no,no,no,no,no,no,no,no,no,no,no,no,no,22342,2,11019,2,5458,35872,4490,8788,14902,11822,65,35,2165,1687,2850,5757,9143,3304,8911,7347,82.45,15772,15162,16321,76.65,1465,no
Eli Arnold,61,4,no,no,yes,yes,no,no,yes,no,yes,yes,yes,yes,no,no,no,yes,no,no,yes,no,no,no,no,no,no,no,no,no,no,no,yes,no,no,no,22342,2,11019,2,5458,35872,4490,8788,14902,11822,65,35,2165,1687,2850,5757,9143,3304,8911,7347,82.45,15772,15162,16321,76.65,1465,no
Stanley Penkin,61,4,no,no,no,no,no,no,yes,no,no,no,yes,no,no,no,no,no,yes,no,yes,no,no,yes,no,no,no,no,no,no,no,no,yes,no,no,no,22342,2,11019,2,5458,35872,4490,8788,14902,11822,65,35,2165,1687,2850,5757,9143,3304,8911,7347,82.45,15772,15162,16321,76.65,1465,no
Tony Morse,61,4,no,no,no,yes,no,no,no,no,yes,no,yes,no,no,no,no,yes,no,no,no,no,yes,no,no,no,no,no,no,yes,no,no,yes,no,no,no,22342,2,11019,2,5458,35872,4490,8788,14902,11822,65,35,2165,1687,2850,5757,9143,3304,8911,7347,82.45,15772,15162,16321,76.65,1465,no
Chloe Mason,61,4,no,no,no,no,no,no,no,no,no,no,no,no,no,no,no,no,no,no,no,no,no,no,no,no,no,no,no,no,no,no,no,no,no,no,22342,2,11019,2,5458,35872,4490,8788,14902,11822,65,35,2165,1687,2850,5757,9143,3304,8911,7347,82.45,15772,15162,16321,76.65,1465,no
Chad Lykins,61,4,no,yes,no,yes,no,yes,no,no,no,no,no,no,no,no,yes,no,no,yes,no,yes,yes,yes,yes,yes,yes,yes,no,no,yes,no,no,no,no,no,22342,2,11019,2,5458,35872,4490,8788,14902,11822,65,35,2165,1687,2850,5757,9143,3304,8911,7347,82.45,15772,15162,16321,76.65,1465,no
John Toran,61,4,no,no,no,no,no,no,no,no,no,no,no,no,no,no,no,no,no,no,yes,no,no,no,no,no,no,no,no,no,no,no,no,no,no,no,22342,2,11019,2,5458,35872,4490,8788,14902,11822,65,35,2165,1687,2850,5757,9143,3304,8911,7347,82.45,15772,15162,16321,76.65,1465,no
Ciatta R Thompson,61,4,no,no,no,no,no,no,no,no,no,no,no,no,no,no,no,no,no,no,no,no,no,no,no,no,no,no,no,no,no,no,no,no,no,no,22342,2,11019,2,5458,35872,4490,8788,14902,11822,65,35,2165,1687,2850,5757,9143,3304,8911,7347,82.45,15772,15162,16321,76.65,1465,no
Michael Trimble,61,4,no,no,no,no,no,no,no,no,no,no,no,no,no,no,no,no,no,no,no,no,no,no,no,no,no,no,no,no,no,no,no,no,no,no,22342,2,11019,2,5458,35872,4490,8788,14902,11822,65,35,2165,1687,2850,5757,9143,3304,8911,7347,82.45,15772,15162,16321,76.65,1465,no
Bob Callahan,61,4,no,no,no,no,no,no,no,no,no,no,no,no,no,no,no,no,no,no,no,no,no,no,no,no,no,no,no,no,no,no,no,no,no,no,22342,2,11019,2,5458,35872,4490,8788,14902,11822,65,35,2165,1687,2850,5757,9143,3304,8911,7347,82.45,15772,15162,16321,76.65,1465,no
Olivia Clark,61,4,no,no,yes,yes,yes,no,yes,no,yes,yes,yes,yes,no,no,no,yes,no,no,yes,no,yes,yes,no,no,yes,no,no,yes,no,no,yes,no,no,no,22342,2,11019,2,5458,35872,4490,8788,14902,11822,65,35,2165,1687,2850,5757,9143,3304,8911,7347,82.45,15772,15162,16321,76.65,1465,yes
Lisa Freeman,61,4,no,no,no,no,no,no,no,no,no,no,no,no,no,no,no,no,no,yes,no,yes,no,yes,yes,yes,yes,yes,yes,no,no,no,no,no,no,no,22342,2,11019,2,5458,35872,4490,8788,14902,11822,65,35,2165,1687,2850,5757,9143,3304,8911,7347,82.45,15772,15162,16321,76.65,1465,no
Sarah Silkie,61,4,no,yes,no,no,no,yes,no,no,no,no,no,no,no,yes,yes,no,no,no,no,no,no,yes,yes,no,no,no,no,no,yes,no,no,no,no,no,22342,2,11019,2,5458,35872,4490,8788,14902,11822,65,35,2165,1687,2850,5757,9143,3304,8911,7347,82.45,15772,15162,16321,76.65,1465,no
Chris Henry,61,4,no,yes,no,no,no,no,no,no,no,no,no,no,no,no,no,no,no,no,no,no,no,no,no,no,no,no,no,no,no,no,no,no,no,no,22342,2,11019,2,5458,35872,4490,8788,14902,11822,65,35,2165,1687,2850,5757,9143,3304,8911,7347,82.45,15772,15162,16321,76.65,1465,no
Ben Hufford,61,4,no,no,no,no,no,no,yes,no,no,no,yes,no,no,no,no,no,no,no,no,no,no,no,no,no,no,no,no,no,no,no,no,no,no,no,22342,2,11019,2,5458,35872,4490,8788,14902,11822,65,35,2165,1687,2850,5757,9143,3304,8911,7347,82.45,15772,15162,16321,76.65,1465,no
Moses Ross,61,4,no,no,no,no,no,no,no,no,no,no,no,no,no,no,no,no,no,no,no,no,no,no,no,no,no,no,no,no,no,yes,no,no,no,no,22342,2,11019,2,5458,35872,4490,8788,14902,11822,65,35,2165,1687,2850,5757,9143,3304,8911,7347,82.45,15772,15162,16321,76.65,1465,no
Eric Zimmerman,61,4,no,no,yes,yes,yes,no,yes,no,no,yes,yes,yes,no,no,no,yes,yes,no,yes,no,no,no,no,no,no,no,no,yes,no,no,yes,no,no,no,22342,2,11019,2,5458,35872,4490,8788,14902,11822,65,35,2165,1687,2850,5757,9143,3304,8911,7347,82.45,15772,15162,16321,76.65,1465,yes
Mike DiNapoli,61,4,no,no,no,no,no,no,no,no,no,no,no,no,no,no,no,no,no,no,no,yes,no,no,no,no,no,no,no,no,no,no,no,no,no,no,22342,2,11019,2,5458,35872,4490,8788,14902,11822,65,35,2165,1687,2850,5757,9143,3304,8911,7347,82.45,15772,15162,16321,76.65,1465,no
Bob Weinstein,74,4,no,no,no,no,no,no,no,no,no,no,yes,no,no,no,no,no,yes,no,yes,no,yes,no,no,no,no,no,no,no,no,no,yes,no,no,no,9294,2,5567,2,1005,15903,1470,4689,6088,4241,62,37,1003,483,1258,2431,3809,3804,3989,3027,75.88,5005,4644,5092,78.7,640,no
Andra Vlavín,74,4,no,yes,no,no,no,no,no,no,no,no,no,no,no,no,no,no,no,no,no,no,no,no,no,no,no,no,no,no,no,no,no,no,no,no,9294,2,5567,2,1005,15903,1470,4689,6088,4241,62,37,1003,483,1258,2431,3809,3804,3989,3027,75.88,5005,4644,5092,78.7,640,no
Kevin Goldsmith,74,4,no,no,no,no,no,no,no,no,no,no,no,no,no,no,no,no,no,no,no,no,no,no,no,no,no,no,no,no,no,no,no,no,no,no,9294,2,5567,2,1005,15903,1470,4689,6088,4241,62,37,1003,483,1258,2431,3809,3804,3989,3027,75.88,5005,4644,5092,78.7,640,no
Mitch Green,74,4,yes,no,no,no,yes,yes,no,no,no,no,no,no,yes,yes,yes,no,no,yes,no,no,no,yes,no,yes,no,yes,no,no,yes,no,no,no,no,no,9294,2,5567,2,1005,15903,1470,4689,6088,4241,62,37,1003,483,1258,2431,3809,3804,3989,3027,75.88,5005,4644,5092,78.7,640,yes
Joseph (Joe) Alfone,74,4,no,no,no,no,no,no,no,no,no,no,no,no,no,no,no,no,no,no,no,no,no,no,no,no,no,no,no,no,no,no,no,no,no,no,9294,2,5567,2,1005,15903,1470,4689,6088,4241,62,37,1003,483,1258,2431,3809,3804,3989,3027,75.88,5005,4644,5092,78.7,640,no
Eli Arnold,74,4,no,no,yes,yes,no,no,yes,no,yes,yes,yes,yes,no,no,no,yes,no,no,yes,no,no,no,no,no,no,no,no,no,no,no,yes,no,no,no,9294,2,5567,2,1005,15903,1470,4689,6088,4241,62,37,1003,483,1258,2431,3809,3804,3989,3027,75.88,5005,4644,5092,78.7,640,no
Stanley Penkin,74,4,no,no,no,no,no,no,yes,no,no,no,yes,no,no,no,no,no,yes,no,yes,no,no,yes,no,no,no,no,no,no,no,no,yes,no,no,no,9294,2,5567,2,1005,15903,1470,4689,6088,4241,62,37,1003,483,1258,2431,3809,3804,3989,3027,75.88,5005,4644,5092,78.7,640,no
Tony Morse,74,4,no,no,no,yes,no,no,no,no,yes,no,yes,no,no,no,no,yes,no,no,no,no,yes,no,no,no,no,no,no,yes,no,no,yes,no,no,no,9294,2,5567,2,1005,15903,1470,4689,6088,4241,62,37,1003,483,1258,2431,3809,3804,3989,3027,75.88,5005,4644,5092,78.7,640,no
Chloe Mason,74,4,no,no,no,no,no,no,no,no,no,no,no,no,no,no,no,no,no,no,no,no,no,no,no,no,no,no,no,no,no,no,no,no,no,no,9294,2,5567,2,1005,15903,1470,4689,6088,4241,62,37,1003,483,1258,2431,3809,3804,3989,3027,75.88,5005,4644,5092,78.7,640,no
Chad Lykins,74,4,no,yes,no,yes,no,yes,no,no,no,no,no,no,no,no,yes,no,no,yes,no,yes,yes,yes,yes,yes,yes,yes,no,no,yes,no,no,no,no,no,9294,2,5567,2,1005,15903,1470,4689,6088,4241,62,37,1003,483,1258,2431,3809,3804,3989,3027,75.88,5005,4644,5092,78.7,640,no
John Toran,74,4,no,no,no,no,no,no,no,no,no,no,no,no,no,no,no,no,no,no,yes,no,no,no,no,no,no,no,no,no,no,no,no,no,no,no,9294,2,5567,2,1005,15903,1470,4689,6088,4241,62,37,1003,483,1258,2431,3809,3804,3989,3027,75.88,5005,4644,5092,78.7,640,no
Ciatta R Thompson,74,4,no,no,no,no,no,no,no,no,no,no,no,no,no,no,no,no,no,no,no,no,no,no,no,no,no,no,no,no,no,no,no,no,no,no,9294,2,5567,2,1005,15903,1470,4689,6088,4241,62,37,1003,483,1258,2431,3809,3804,3989,3027,75.88,5005,4644,5092,78.7,640,no
Michael Trimble,74,4,no,no,no,no,no,no,no,no,no,no,no,no,no,no,no,no,no,no,no,no,no,no,no,no,no,no,no,no,no,no,no,no,no,no,9294,2,5567,2,1005,15903,1470,4689,6088,4241,62,37,1003,483,1258,2431,3809,3804,3989,3027,75.88,5005,4644,5092,78.7,640,no
Bob Callahan,74,4,no,no,no,no,no,no,no,no,no,no,no,no,no,no,no,no,no,no,no,no,no,no,no,no,no,no,no,no,no,no,no,no,no,no,9294,2,5567,2,1005,15903,1470,4689,6088,4241,62,37,1003,483,1258,2431,3809,3804,3989,3027,75.88,5005,4644,5092,78.7,640,no
Olivia Clark,74,4,no,no,yes,yes,yes,no,yes,no,yes,yes,yes,yes,no,no,no,yes,no,no,yes,no,yes,yes,no,no,yes,no,no,yes,no,no,yes,no,no,no,9294,2,5567,2,1005,15903,1470,4689,6088,4241,62,37,1003,483,1258,2431,3809,3804,3989,3027,75.88,5005,4644,5092,78.7,640,yes
Lisa Freeman,74,4,no,no,no,no,no,no,no,no,no,no,no,no,no,no,no,no,no,yes,no,yes,no,yes,yes,yes,yes,yes,yes,no,no,no,no,no,no,no,9294,2,5567,2,1005,15903,1470,4689,6088,4241,62,37,1003,483,1258,2431,3809,3804,3989,3027,75.88,5005,4644,5092,78.7,640,no
Sarah Silkie,74,4,no,yes,no,no,no,yes,no,no,no,no,no,no,no,yes,yes,no,no,no,no,no,no,yes,yes,no,no,no,no,no,yes,no,no,no,no,no,9294,2,5567,2,1005,15903,1470,4689,6088,4241,62,37,1003,483,1258,2431,3809,3804,3989,3027,75.88,5005,4644,5092,78.7,640,no
Chris Henry,74,4,no,yes,no,no,no,no,no,no,no,no,no,no,no,no,no,no,no,no,no,no,no,no,no,no,no,no,no,no,no,no,no,no,no,no,9294,2,5567,2,1005,15903,1470,4689,6088,4241,62,37,1003,483,1258,2431,3809,3804,3989,3027,75.88,5005,4644,5092,78.7,640,no
Ben Hufford,74,4,no,no,no,no,no,no,yes,no,no,no,yes,no,no,no,no,no,no,no,no,no,no,no,no,no,no,no,no,no,no,no,no,no,no,no,9294,2,5567,2,1005,15903,1470,4689,6088,4241,62,37,1003,483,1258,2431,3809,3804,3989,3027,75.88,5005,4644,5092,78.7,640,no
Moses Ross,74,4,no,no,no,no,no,no,no,no,no,no,no,no,no,no,no,no,no,no,no,no,no,no,no,no,no,no,no,no,no,yes,no,no,no,no,9294,2,5567,2,1005,15903,1470,4689,6088,4241,62,37,1003,483,1258,2431,3809,3804,3989,3027,75.88,5005,4644,5092,78.7,640,no
Eric Zimmerman,74,4,no,no,yes,yes,yes,no,yes,no,no,yes,yes,yes,no,no,no,yes,yes,no,yes,no,no,no,no,no,no,no,no,yes,no,no,yes,no,no,no,9294,2,5567,2,1005,15903,1470,4689,6088,4241,62,37,1003,483,1258,2431,3809,3804,3989,3027,75.88,5005,4644,5092,78.7,640,yes
Mike DiNapoli,74,4,no,no,no,no,no,no,no,no,no,no,no,no,no,no,no,no,no,no,no,yes,no,no,no,no,no,no,no,no,no,no,no,no,no,no,9294,2,5567,2,1005,15903,1470,4689,6088,4241,62,37,1003,483,1258,2431,3809,3804,3989,3027,75.88,5005,4644,5092,78.7,640,no
Bob Weinstein,42,4,no,no,no,no,no,no,no,no,no,no,yes,no,no,no,no,no,yes,no,yes,no,yes,no,no,no,no,no,no,no,no,no,yes,no,no,no,15728,1,5032,2,2400,21436,1913,5082,9152,7026,39,60,1998,2005,2158,3550,5134,3302,8835,6903,78.13,10185,9894,10640,85.7,964,no
Andra Vlavín,42,4,no,yes,no,no,no,no,no,no,no,no,no,no,no,no,no,no,no,no,no,no,no,no,no,no,no,no,no,no,no,no,no,no,no,no,15728,1,5032,2,2400,21436,1913,5082,9152,7026,39,60,1998,2005,2158,3550,5134,3302,8835,6903,78.13,10185,9894,10640,85.7,964,no
Kevin Goldsmith,42,4,no,no,no,no,no,no,no,no,no,no,no,no,no,no,no,no,no,no,no,no,no,no,no,no,no,no,no,no,no,no,no,no,no,no,15728,1,5032,2,2400,21436,1913,5082,9152,7026,39,60,1998,2005,2158,3550,5134,3302,8835,6903,78.13,10185,9894,10640,85.7,964,no
Mitch Green,42,4,yes,no,no,no,yes,yes,no,no,no,no,no,no,yes,yes,yes,no,no,yes,no,no,no,yes,no,yes,no,yes,no,no,yes,no,no,no,no,no,15728,1,5032,2,2400,21436,1913,5082,9152,7026,39,60,1998,2005,2158,3550,5134,3302,8835,6903,78.13,10185,9894,10640,85.7,964,yes
Joseph (Joe) Alfone,42,4,no,no,no,no,no,no,no,no,no,no,no,no,no,no,no,no,no,no,no,no,no,no,no,no,no,no,no,no,no,no,no,no,no,no,15728,1,5032,2,2400,21436,1913,5082,9152,7026,39,60,1998,2005,2158,3550,5134,3302,8835,6903,78.13,10185,9894,10640,85.7,964,no
Eli Arnold,42,4,no,no,yes,yes,no,no,yes,no,yes,yes,yes,yes,no,no,no,yes,no,no,yes,no,no,no,no,no,no,no,no,no,no,no,yes,no,no,no,15728,1,5032,2,2400,21436,1913,5082,9152,7026,39,60,1998,2005,2158,3550,5134,3302,8835,6903,78.13,10185,9894,10640,85.7,964,no
Stanley Penkin,42,4,no,no,no,no,no,no,yes,no,no,no,yes,no,no,no,no,no,yes,no,yes,no,no,yes,no,no,no,no,no,no,no,no,yes,no,no,no,15728,1,5032,2,2400,21436,1913,5082,9152,7026,39,60,1998,2005,2158,3550,5134,3302,8835,6903,78.13,10185,9894,10640,85.7,964,no
Tony Morse,42,4,no,no,no,yes,no,no,no,no,yes,no,yes,no,no,no,no,yes,no,no,no,no,yes,no,no,no,no,no,no,yes,no,no,yes,no,no,no,15728,1,5032,2,2400,21436,1913,5082,9152,7026,39,60,1998,2005,2158,3550,5134,3302,8835,6903,78.13,10185,9894,10640,85.7,964,no
Chloe Mason,42,4,no,no,no,no,no,no,no,no,no,no,no,no,no,no,no,no,no,no,no,no,no,no,no,no,no,no,no,no,no,no,no,no,no,no,15728,1,5032,2,2400,21436,1913,5082,9152,7026,39,60,1998,2005,2158,3550,5134,3302,8835,6903,78.13,10185,9894,10640,85.7,964,no
Chad Lykins,42,4,no,yes,no,yes,no,yes,no,no,no,no,no,no,no,no,yes,no,no,yes,no,yes,yes,yes,yes,yes,yes,yes,no,no,yes,no,no,no,no,no,15728,1,5032,2,2400,21436,1913,5082,9152,7026,39,60,1998,2005,2158,3550,5134,3302,8835,6903,78.13,10185,9894,10640,85.7,964,no
John Toran,42,4,no,no,no,no,no,no,no,no,no,no,no,no,no,no,no,no,no,no,yes,no,no,no,no,no,no,no,no,no,no,no,no,no,no,no,15728,1,5032,2,2400,21436,1913,5082,9152,7026,39,60,1998,2005,2158,3550,5134,3302,8835,6903,78.13,10185,9894,10640,85.7,964,no
Ciatta R Thompson,42,4,no,no,no,no,no,no,no,no,no,no,no,no,no,no,no,no,no,no,no,no,no,no,no,no,no,no,no,no,no,no,no,no,no,no,15728,1,5032,2,2400,21436,1913,5082,9152,7026,39,60,1998,2005,2158,3550,5134,3302,8835,6903,78.13,10185,9894,10640,85.7,964,no
Michael Trimble,42,4,no,no,no,no,no,no,no,no,no,no,no,no,no,no,no,no,no,no,no,no,no,no,no,no,no,no,no,no,no,no,no,no,no,no,15728,1,5032,2,2400,21436,1913,5082,9152,7026,39,60,1998,2005,2158,3550,5134,3302,8835,6903,78.13,10185,9894,10640,85.7,964,no
Bob Callahan,42,4,no,no,no,no,no,no,no,no,no,no,no,no,no,no,no,no,no,no,no,no,no,no,no,no,no,no,no,no,no,no,no,no,no,no,15728,1,5032,2,2400,21436,1913,5082,9152,7026,39,60,1998,2005,2158,3550,5134,3302,8835,6903,78.13,10185,9894,10640,85.7,964,no
Olivia Clark,42,4,no,no,yes,yes,yes,no,yes,no,yes,yes,yes,yes,no,no,no,yes,no,no,yes,no,yes,yes,no,no,yes,no,no,yes,no,no,yes,no,no,no,15728,1,5032,2,2400,21436,1913,5082,9152,7026,39,60,1998,2005,2158,3550,5134,3302,8835,6903,78.13,10185,9894,10640,85.7,964,yes
Lisa Freeman,42,4,no,no,no,no,no,no,no,no,no,no,no,no,no,no,no,no,no,yes,no,yes,no,yes,yes,yes,yes,yes,yes,no,no,no,no,no,no,no,15728,1,5032,2,2400,21436,1913,5082,9152,7026,39,60,1998,2005,2158,3550,5134,3302,8835,6903,78.13,10185,9894,10640,85.7,964,no
Sarah Silkie,42,4,no,yes,no,no,no,yes,no,no,no,no,no,no,no,yes,yes,no,no,no,no,no,no,yes,yes,no,no,no,no,no,yes,no,no,no,no,no,15728,1,5032,2,2400,21436,1913,5082,9152,7026,39,60,1998,2005,2158,3550,5134,3302,8835,6903,78.13,10185,9894,10640,85.7,964,no
Chris Henry,42,4,no,yes,no,no,no,no,no,no,no,no,no,no,no,no,no,no,no,no,no,no,no,no,no,no,no,no,no,no,no,no,no,no,no,no,15728,1,5032,2,2400,21436,1913,5082,9152,7026,39,60,1998,2005,2158,3550,5134,3302,8835,6903,78.13,10185,9894,10640,85.7,964,no
Ben Hufford,42,4,no,no,no,no,no,no,yes,no,no,no,yes,no,no,no,no,no,no,no,no,no,no,no,no,no,no,no,no,no,no,no,no,no,no,no,15728,1,5032,2,2400,21436,1913,5082,9152,7026,39,60,1998,2005,2158,3550,5134,3302,8835,6903,78.13,10185,9894,10640,85.7,964,no
Moses Ross,42,4,no,no,no,no,no,no,no,no,no,no,no,no,no,no,no,no,no,no,no,no,no,no,no,no,no,no,no,no,no,yes,no,no,no,no,15728,1,5032,2,2400,21436,1913,5082,9152,7026,39,60,1998,2005,2158,3550,5134,3302,8835,6903,78.13,10185,9894,10640,85.7,964,no
Eric Zimmerman,42,4,no,no,yes,yes,yes,no,yes,no,no,yes,yes,yes,no,no,no,yes,yes,no,yes,no,no,no,no,no,no,no,no,yes,no,no,yes,no,no,no,15728,1,5032,2,2400,21436,1913,5082,9152,7026,39,60,1998,2005,2158,3550,5134,3302,8835,6903,78.13,10185,9894,10640,85.7,964,yes
Mike DiNapoli,42,4,no,no,no,no,no,no,no,no,no,no,no,no,no,no,no,no,no,no,no,yes,no,no,no,no,no,no,no,no,no,no,no,no,no,no,15728,1,5032,2,2400,21436,1913,5082,9152,7026,39,60,1998,2005,2158,3550,5134,3302,8835,6903,78.13,10185,9894,10640,85.7,964,no
Bob Weinstein,34,4,no,no,no,no,no,no,no,no,no,no,yes,no,no,no,no,no,yes,no,yes,no,yes,no,no,no,no,no,no,no,no,no,yes,no,no,no,24232,2,12461,2,3604,40084,4163,11540,15855,11095,61,38,2088,1833,3003,7716,8726,3805,7536,6118,81.18,5923,5985,6460,80.2,719,no
Andra Vlavín,34,4,no,yes,no,no,no,no,no,no,no,no,no,no,no,no,no,no,no,no,no,no,no,no,no,no,no,no,no,no,no,no,no,no,no,no,24232,2,12461,2,3604,40084,4163,11540,15855,11095,61,38,2088,1833,3003,7716,8726,3805,7536,6118,81.18,5923,5985,6460,80.2,719,no
Kevin Goldsmith,34,4,no,no,no,no,no,no,no,no,no,no,no,no,no,no,no,no,no,no,no,no,no,no,no,no,no,no,no,no,no,no,no,no,no,no,24232,2,12461,2,3604,40084,4163,11540,15855,11095,61,38,2088,1833,3003,7716,8726,3805,7536,6118,81.18,5923,5985,6460,80.2,719,no
Mitch Green,34,4,yes,no,no,no,yes,yes,no,no,no,no,no,no,yes,yes,yes,no,no,yes,no,no,no,yes,no,yes,no,yes,no,no,yes,no,no,no,no,no,24232,2,12461,2,3604,40084,4163,11540,15855,11095,61,38,2088,1833,3003,7716,8726,3805,7536,6118,81.18,5923,5985,6460,80.2,719,yes
Joseph (Joe) Alfone,34,4,no,no,no,no,no,no,no,no,no,no,no,no,no,no,no,no,no,no,no,no,no,no,no,no,no,no,no,no,no,no,no,no,no,no,24232,2,12461,2,3604,40084,4163,11540,15855,11095,61,38,2088,1833,3003,7716,8726,3805,7536,6118,81.18,5923,5985,6460,80.2,719,no
Eli Arnold,34,4,no,no,yes,yes,no,no,yes,no,yes,yes,yes,yes,no,no,no,yes,no,no,yes,no,no,no,no,no,no,no,no,no,no,no,yes,no,no,no,24232,2,12461,2,3604,40084,4163,11540,15855,11095,61,38,2088,1833,3003,7716,8726,3805,7536,6118,81.18,5923,5985,6460,80.2,719,no
Stanley Penkin,34,4,no,no,no,no,no,no,yes,no,no,no,yes,no,no,no,no,no,yes,no,yes,no,no,yes,no,no,no,no,no,no,no,no,yes,no,no,no,24232,2,12461,2,3604,40084,4163,11540,15855,11095,61,38,2088,1833,3003,7716,8726,3805,7536,6118,81.18,5923,5985,6460,80.2,719,no
Tony Morse,34,4,no,no,no,yes,no,no,no,no,yes,no,yes,no,no,no,no,yes,no,no,no,no,yes,no,no,no,no,no,no,yes,no,no,yes,no,no,no,24232,2,12461,2,3604,40084,4163,11540,15855,11095,61,38,2088,1833,3003,7716,8726,3805,7536,6118,81.18,5923,5985,6460,80.2,719,no
Chloe Mason,34,4,no,no,no,no,no,no,no,no,no,no,no,no,no,no,no,no,no,no,no,no,no,no,no,no,no,no,no,no,no,no,no,no,no,no,24232,2,12461,2,3604,40084,4163,11540,15855,11095,61,38,2088,1833,3003,7716,8726,3805,7536,6118,81.18,5923,5985,6460,80.2,719,no
Chad Lykins,34,4,no,yes,no,yes,no,yes,no,no,no,no,no,no,no,no,yes,no,no,yes,no,yes,yes,yes,yes,yes,yes,yes,no,no,yes,no,no,no,no,no,24232,2,12461,2,3604,40084,4163,11540,15855,11095,61,38,2088,1833,3003,7716,8726,3805,7536,6118,81.18,5923,5985,6460,80.2,719,no
John Toran,34,4,no,no,no,no,no,no,no,no,no,no,no,no,no,no,no,no,no,no,yes,no,no,no,no,no,no,no,no,no,no,no,no,no,no,no,24232,2,12461,2,3604,40084,4163,11540,15855,11095,61,38,2088,1833,3003,7716,8726,3805,7536,6118,81.18,5923,5985,6460,80.2,719,no
Ciatta R Thompson,34,4,no,no,no,no,no,no,no,no,no,no,no,no,no,no,no,no,no,no,no,no,no,no,no,no,no,no,no,no,no,no,no,no,no,no,24232,2,12461,2,3604,40084,4163,11540,15855,11095,61,38,2088,1833,3003,7716,8726,3805,7536,6118,81.18,5923,5985,6460,80.2,719,no
Michael Trimble,34,4,no,no,no,no,no,no,no,no,no,no,no,no,no,no,no,no,no,no,no,no,no,no,no,no,no,no,no,no,no,no,no,no,no,no,24232,2,12461,2,3604,40084,4163,11540,15855,11095,61,38,2088,1833,3003,7716,8726,3805,7536,6118,81.18,5923,5985,6460,80.2,719,no
Bob Callahan,34,4,no,no,no,no,no,no,no,no,no,no,no,no,no,no,no,no,no,no,no,no,no,no,no,no,no,no,no,no,no,no,no,no,no,no,24232,2,12461,2,3604,40084,4163,11540,15855,11095,61,38,2088,1833,3003,7716,8726,3805,7536,6118,81.18,5923,5985,6460,80.2,719,no
Olivia Clark,34,4,no,no,yes,yes,yes,no,yes,no,yes,yes,yes,yes,no,no,no,yes,no,no,yes,no,yes,yes,no,no,yes,no,no,yes,no,no,yes,no,no,no,24232,2,12461,2,3604,40084,4163,11540,15855,11095,61,38,2088,1833,3003,7716,8726,3805,7536,6118,81.18,5923,5985,6460,80.2,719,yes
Lisa Freeman,34,4,no,no,no,no,no,no,no,no,no,no,no,no,no,no,no,no,no,yes,no,yes,no,yes,yes,yes,yes,yes,yes,no,no,no,no,no,no,no,24232,2,12461,2,3604,40084,4163,11540,15855,11095,61,38,2088,1833,3003,7716,8726,3805,7536,6118,81.18,5923,5985,6460,80.2,719,no
Sarah Silkie,34,4,no,yes,no,no,no,yes,no,no,no,no,no,no,no,yes,yes,no,no,no,no,no,no,yes,yes,no,no,no,no,no,yes,no,no,no,no,no,24232,2,12461,2,3604,40084,4163,11540,15855,11095,61,38,2088,1833,3003,7716,8726,3805,7536,6118,81.18,5923,5985,6460,80.2,719,no
Chris Henry,34,4,no,yes,no,no,no,no,no,no,no,no,no,no,no,no,no,no,no,no,no,no,no,no,no,no,no,no,no,no,no,no,no,no,no,no,24232,2,12461,2,3604,40084,4163,11540,15855,11095,61,38,2088,1833,3003,7716,8726,3805,7536,6118,81.18,5923,5985,6460,80.2,719,no
Ben Hufford,34,4,no,no,no,no,no,no,yes,no,no,no,yes,no,no,no,no,no,no,no,no,no,no,no,no,no,no,no,no,no,no,no,no,no,no,no,24232,2,12461,2,3604,40084,4163,11540,15855,11095,61,38,2088,1833,3003,7716,8726,3805,7536,6118,81.18,5923,5985,6460,80.2,719,no
Moses Ross,34,4,no,no,no,no,no,no,no,no,no,no,no,no,no,no,no,no,no,no,no,no,no,no,no,no,no,no,no,no,no,yes,no,no,no,no,24232,2,12461,2,3604,40084,4163,11540,15855,11095,61,38,2088,1833,3003,7716,8726,3805,7536,6118,81.18,5923,5985,6460,80.2,719,no
Eric Zimmerman,34,4,no,no,yes,yes,yes,no,yes,no,no,yes,yes,yes,no,no,no,yes,yes,no,yes,no,no,no,no,no,no,no,no,yes,no,no,yes,no,no,no,24232,2,12461,2,3604,40084,4163,11540,15855,11095,61,38,2088,1833,3003,7716,8726,3805,7536,6118,81.18,5923,5985,6460,80.2,719,yes
Mike DiNapoli,34,4,no,no,no,no,no,no,no,no,no,no,no,no,no,no,no,no,no,no,no,yes,no,no,no,no,no,no,no,no,no,no,no,no,no,no,24232,2,12461,2,3604,40084,4163,11540,15855,11095,61,38,2088,1833,3003,7716,8726,3805,7536,6118,81.18,5923,5985,6460,80.2,719,no
Bob Weinstein,38,4,no,no,no,no,no,no,no,no,no,no,yes,no,no,no,no,no,yes,no,yes,no,yes,no,no,no,no,no,no,no,no,no,yes,no,no,no,19948,1,3824,2,2917,24395,2708,6038,10590,7386,16,83,3328,2117,2985,4772,5397,3307,6076,4760,78.34,6186,6541,7034,82.53,729,no
Andra Vlavín,38,4,no,yes,no,no,no,no,no,no,no,no,no,no,no,no,no,no,no,no,no,no,no,no,no,no,no,no,no,no,no,no,no,no,no,no,19948,1,3824,2,2917,24395,2708,6038,10590,7386,16,83,3328,2117,2985,4772,5397,3307,6076,4760,78.34,6186,6541,7034,82.53,729,no
Kevin Goldsmith,38,4,no,no,no,no,no,no,no,no,no,no,no,no,no,no,no,no,no,no,no,no,no,no,no,no,no,no,no,no,no,no,no,no,no,no,19948,1,3824,2,2917,24395,2708,6038,10590,7386,16,83,3328,2117,2985,4772,5397,3307,6076,4760,78.34,6186,6541,7034,82.53,729,no
Mitch Green,38,4,yes,no,no,no,yes,yes,no,no,no,no,no,no,yes,yes,yes,no,no,yes,no,no,no,yes,no,yes,no,yes,no,no,yes,no,no,no,no,no,19948,1,3824,2,2917,24395,2708,6038,10590,7386,16,83,3328,2117,2985,4772,5397,3307,6076,4760,78.34,6186,6541,7034,82.53,729,yes
Joseph (Joe) Alfone,38,4,no,no,no,no,no,no,no,no,no,no,no,no,no,no,no,no,no,no,no,no,no,no,no,no,no,no,no,no,no,no,no,no,no,no,19948,1,3824,2,2917,24395,2708,6038,10590,7386,16,83,3328,2117,2985,4772,5397,3307,6076,4760,78.34,6186,6541,7034,82.53,729,no
Eli Arnold,38,4,no,no,yes,yes,no,no,yes,no,yes,yes,yes,yes,no,no,no,yes,no,no,yes,no,no,no,no,no,no,no,no,no,no,no,yes,no,no,no,19948,1,3824,2,2917,24395,2708,6038,10590,7386,16,83,3328,2117,2985,4772,5397,3307,6076,4760,78.34,6186,6541,7034,82.53,729,no
Stanley Penkin,38,4,no,no,no,no,no,no,yes,no,no,no,yes,no,no,no,no,no,yes,no,yes,no,no,yes,no,no,no,no,no,no,no,no,yes,no,no,no,19948,1,3824,2,2917,24395,2708,6038,10590,7386,16,83,3328,2117,2985,4772,5397,3307,6076,4760,78.34,6186,6541,7034,82.53,729,no
Tony Morse,38,4,no,no,no,yes,no,no,no,no,yes,no,yes,no,no,no,no,yes,no,no,no,no,yes,no,no,no,no,no,no,yes,no,no,yes,no,no,no,19948,1,3824,2,2917,24395,2708,6038,10590,7386,16,83,3328,2117,2985,4772,5397,3307,6076,4760,78.34,6186,6541,7034,82.53,729,no
Chloe Mason,38,4,no,no,no,no,no,no,no,no,no,no,no,no,no,no,no,no,no,no,no,no,no,no,no,no,no,no,no,no,no,no,no,no,no,no,19948,1,3824,2,2917,24395,2708,6038,10590,7386,16,83,3328,2117,2985,4772,5397,3307,6076,4760,78.34,6186,6541,7034,82.53,729,no
Chad Lykins,38,4,no,yes,no,yes,no,yes,no,no,no,no,no,no,no,no,yes,no,no,yes,no,yes,yes,yes,yes,yes,yes,yes,no,no,yes,no,no,no,no,no,19948,1,3824,2,2917,24395,2708,6038,10590,7386,16,83,3328,2117,2985,4772,5397,3307,6076,4760,78.34,6186,6541,7034,82.53,729,no
John Toran,38,4,no,no,no,no,no,no,no,no,no,no,no,no,no,no,no,no,no,no,yes,no,no,no,no,no,no,no,no,no,no,no,no,no,no,no,19948,1,3824,2,2917,24395,2708,6038,10590,7386,16,83,3328,2117,2985,4772,5397,3307,6076,4760,78.34,6186,6541,7034,82.53,729,no
Ciatta R Thompson,38,4,no,no,no,no,no,no,no,no,no,no,no,no,no,no,no,no,no,no,no,no,no,no,no,no,no,no,no,no,no,no,no,no,no,no,19948,1,3824,2,2917,24395,2708,6038,10590,7386,16,83,3328,2117,2985,4772,5397,3307,6076,4760,78.34,6186,6541,7034,82.53,729,no
Michael Trimble,38,4,no,no,no,no,no,no,no,no,no,no,no,no,no,no,no,no,no,no,no,no,no,no,no,no,no,no,no,no,no,no,no,no,no,no,19948,1,3824,2,2917,24395,2708,6038,10590,7386,16,83,3328,2117,2985,4772,5397,3307,6076,4760,78.34,6186,6541,7034,82.53,729,no
Bob Callahan,38,4,no,no,no,no,no,no,no,no,no,no,no,no,no,no,no,no,no,no,no,no,no,no,no,no,no,no,no,no,no,no,no,no,no,no,19948,1,3824,2,2917,24395,2708,6038,10590,7386,16,83,3328,2117,2985,4772,5397,3307,6076,4760,78.34,6186,6541,7034,82.53,729,no
Olivia Clark,38,4,no,no,yes,yes,yes,no,yes,no,yes,yes,yes,yes,no,no,no,yes,no,no,yes,no,yes,yes,no,no,yes,no,no,yes,no,no,yes,no,no,no,19948,1,3824,2,2917,24395,2708,6038,10590,7386,16,83,3328,2117,2985,4772,5397,3307,6076,4760,78.34,6186,6541,7034,82.53,729,yes
Lisa Freeman,38,4,no,no,no,no,no,no,no,no,no,no,no,no,no,no,no,no,no,yes,no,yes,no,yes,yes,yes,yes,yes,yes,no,no,no,no,no,no,no,19948,1,3824,2,2917,24395,2708,6038,10590,7386,16,83,3328,2117,2985,4772,5397,3307,6076,4760,78.34,6186,6541,7034,82.53,729,no
Sarah Silkie,38,4,no,yes,no,no,no,yes,no,no,no,no,no,no,no,yes,yes,no,no,no,no,no,no,yes,yes,no,no,no,no,no,yes,no,no,no,no,no,19948,1,3824,2,2917,24395,2708,6038,10590,7386,16,83,3328,2117,2985,4772,5397,3307,6076,4760,78.34,6186,6541,7034,82.53,729,no
Chris Henry,38,4,no,yes,no,no,no,no,no,no,no,no,no,no,no,no,no,no,no,no,no,no,no,no,no,no,no,no,no,no,no,no,no,no,no,no,19948,1,3824,2,2917,24395,2708,6038,10590,7386,16,83,3328,2117,2985,4772,5397,3307,6076,4760,78.34,6186,6541,7034,82.53,729,no
Ben Hufford,38,4,no,no,no,no,no,no,yes,no,no,no,yes,no,no,no,no,no,no,no,no,no,no,no,no,no,no,no,no,no,no,no,no,no,no,no,19948,1,3824,2,2917,24395,2708,6038,10590,7386,16,83,3328,2117,2985,4772,5397,3307,6076,4760,78.34,6186,6541,7034,82.53,729,no
Moses Ross,38,4,no,no,no,no,no,no,no,no,no,no,no,no,no,no,no,no,no,no,no,no,no,no,no,no,no,no,no,no,no,yes,no,no,no,no,19948,1,3824,2,2917,24395,2708,6038,10590,7386,16,83,3328,2117,2985,4772,5397,3307,6076,4760,78.34,6186,6541,7034,82.53,729,no
Eric Zimmerman,38,4,no,no,yes,yes,yes,no,yes,no,no,yes,yes,yes,no,no,no,yes,yes,no,yes,no,no,no,no,no,no,no,no,yes,no,no,yes,no,no,no,19948,1,3824,2,2917,24395,2708,6038,10590,7386,16,83,3328,2117,2985,4772,5397,3307,6076,4760,78.34,6186,6541,7034,82.53,729,yes
Mike DiNapoli,38,4,no,no,no,no,no,no,no,no,no,no,no,no,no,no,no,no,no,no,no,yes,no,no,no,no,no,no,no,no,no,no,no,no,no,no,19948,1,3824,2,2917,24395,2708,6038,10590,7386,16,83,3328,2117,2985,4772,5397,3307,6076,4760,78.34,6186,6541,7034,82.53,729,no
Bob Weinstein,65,4,no,no,no,no,no,no,no,no,no,no,yes,no,no,no,no,no,yes,no,yes,no,yes,no,no,no,no,no,no,no,no,no,yes,no,no,no,8631,2,4305,2,2136,14181,1445,3917,5931,4440,58,41,855,680,993,2478,3197,4102,3484,2914,83.64,3560,3116,3166,89.25,578,no
Andra Vlavín,65,4,no,yes,no,no,no,no,no,no,no,no,no,no,no,no,no,no,no,no,no,no,no,no,no,no,no,no,no,no,no,no,no,no,no,no,8631,2,4305,2,2136,14181,1445,3917,5931,4440,58,41,855,680,993,2478,3197,4102,3484,2914,83.64,3560,3116,3166,89.25,578,no
Kevin Goldsmith,65,4,no,no,no,no,no,no,no,no,no,no,no,no,no,no,no,no,no,no,no,no,no,no,no,no,no,no,no,no,no,no,no,no,no,no,8631,2,4305,2,2136,14181,1445,3917,5931,4440,58,41,855,680,993,2478,3197,4102,3484,2914,83.64,3560,3116,3166,89.25,578,no
Mitch Green,65,4,yes,no,no,no,yes,yes,no,no,no,no,no,no,yes,yes,yes,no,no,yes,no,no,no,yes,no,yes,no,yes,no,no,yes,no,no,no,no,no,8631,2,4305,2,2136,14181,1445,3917,5931,4440,58,41,855,680,993,2478,3197,4102,3484,2914,83.64,3560,3116,3166,89.25,578,yes
Joseph (Joe) Alfone,65,4,no,no,no,no,no,no,no,no,no,no,no,no,no,no,no,no,no,no,no,no,no,no,no,no,no,no,no,no,no,no,no,no,no,no,8631,2,4305,2,2136,14181,1445,3917,5931,4440,58,41,855,680,993,2478,3197,4102,3484,2914,83.64,3560,3116,3166,89.25,578,no
Eli Arnold,65,4,no,no,yes,yes,no,no,yes,no,yes,yes,yes,yes,no,no,no,yes,no,no,yes,no,no,no,no,no,no,no,no,no,no,no,yes,no,no,no,8631,2,4305,2,2136,14181,1445,3917,5931,4440,58,41,855,680,993,2478,3197,4102,3484,2914,83.64,3560,3116,3166,89.25,578,no
Stanley Penkin,65,4,no,no,no,no,no,no,yes,no,no,no,yes,no,no,no,no,no,yes,no,yes,no,no,yes,no,no,no,no,no,no,no,no,yes,no,no,no,8631,2,4305,2,2136,14181,1445,3917,5931,4440,58,41,855,680,993,2478,3197,4102,3484,2914,83.64,3560,3116,3166,89.25,578,no
Tony Morse,65,4,no,no,no,yes,no,no,no,no,yes,no,yes,no,no,no,no,yes,no,no,no,no,yes,no,no,no,no,no,no,yes,no,no,yes,no,no,no,8631,2,4305,2,2136,14181,1445,3917,5931,4440,58,41,855,680,993,2478,3197,4102,3484,2914,83.64,3560,3116,3166,89.25,578,no
Chloe Mason,65,4,no,no,no,no,no,no,no,no,no,no,no,no,no,no,no,no,no,no,no,no,no,no,no,no,no,no,no,no,no,no,no,no,no,no,8631,2,4305,2,2136,14181,1445,3917,5931,4440,58,41,855,680,993,2478,3197,4102,3484,2914,83.64,3560,3116,3166,89.25,578,no
Chad Lykins,65,4,no,yes,no,yes,no,yes,no,no,no,no,no,no,no,no,yes,no,no,yes,no,yes,yes,yes,yes,yes,yes,yes,no,no,yes,no,no,no,no,no,8631,2,4305,2,2136,14181,1445,3917,5931,4440,58,41,855,680,993,2478,3197,4102,3484,2914,83.64,3560,3116,3166,89.25,578,no
John Toran,65,4,no,no,no,no,no,no,no,no,no,no,no,no,no,no,no,no,no,no,yes,no,no,no,no,no,no,no,no,no,no,no,no,no,no,no,8631,2,4305,2,2136,14181,1445,3917,5931,4440,58,41,855,680,993,2478,3197,4102,3484,2914,83.64,3560,3116,3166,89.25,578,no
Ciatta R Thompson,65,4,no,no,no,no,no,no,no,no,no,no,no,no,no,no,no,no,no,no,no,no,no,no,no,no,no,no,no,no,no,no,no,no,no,no,8631,2,4305,2,2136,14181,1445,3917,5931,4440,58,41,855,680,993,2478,3197,4102,3484,2914,83.64,3560,3116,3166,89.25,578,no
Michael Trimble,65,4,no,no,no,no,no,no,no,no,no,no,no,no,no,no,no,no,no,no,no,no,no,no,no,no,no,no,no,no,no,no,no,no,no,no,8631,2,4305,2,2136,14181,1445,3917,5931,4440,58,41,855,680,993,2478,3197,4102,3484,2914,83.64,3560,3116,3166,89.25,578,no
Bob Callahan,65,4,no,no,no,no,no,no,no,no,no,no,no,no,no,no,no,no,no,no,no,no,no,no,no,no,no,no,no,no,no,no,no,no,no,no,8631,2,4305,2,2136,14181,1445,3917,5931,4440,58,41,855,680,993,2478,3197,4102,3484,2914,83.64,3560,3116,3166,89.25,578,no
Olivia Clark,65,4,no,no,yes,yes,yes,no,yes,no,yes,yes,yes,yes,no,no,no,yes,no,no,yes,no,yes,yes,no,no,yes,no,no,yes,no,no,yes,no,no,no,8631,2,4305,2,2136,14181,1445,3917,5931,4440,58,41,855,680,993,2478,3197,4102,3484,2914,83.64,3560,3116,3166,89.25,578,yes
Lisa Freeman,65,4,no,no,no,no,no,no,no,no,no,no,no,no,no,no,no,no,no,yes,no,yes,no,yes,yes,yes,yes,yes,yes,no,no,no,no,no,no,no,8631,2,4305,2,2136,14181,1445,3917,5931,4440,58,41,855,680,993,2478,3197,4102,3484,2914,83.64,3560,3116,3166,89.25,578,no
Sarah Silkie,65,4,no,yes,no,no,no,yes,no,no,no,no,no,no,no,yes,yes,no,no,no,no,no,no,yes,yes,no,no,no,no,no,yes,no,no,no,no,no,8631,2,4305,2,2136,14181,1445,3917,5931,4440,58,41,855,680,993,2478,3197,4102,3484,2914,83.64,3560,3116,3166,89.25,578,no
Chris Henry,65,4,no,yes,no,no,no,no,no,no,no,no,no,no,no,no,no,no,no,no,no,no,no,no,no,no,no,no,no,no,no,no,no,no,no,no,8631,2,4305,2,2136,14181,1445,3917,5931,4440,58,41,855,680,993,2478,3197,4102,3484,2914,83.64,3560,3116,3166,89.25,578,no
Ben Hufford,65,4,no,no,no,no,no,no,yes,no,no,no,yes,no,no,no,no,no,no,no,no,no,no,no,no,no,no,no,no,no,no,no,no,no,no,no,8631,2,4305,2,2136,14181,1445,3917,5931,4440,58,41,855,680,993,2478,3197,4102,3484,2914,83.64,3560,3116,3166,89.25,578,no
Moses Ross,65,4,no,no,no,no,no,no,no,no,no,no,no,no,no,no,no,no,no,no,no,no,no,no,no,no,no,no,no,no,no,yes,no,no,no,no,8631,2,4305,2,2136,14181,1445,3917,5931,4440,58,41,855,680,993,2478,3197,4102,3484,2914,83.64,3560,3116,3166,89.25,578,no
Eric Zimmerman,65,4,no,no,yes,yes,yes,no,yes,no,no,yes,yes,yes,no,no,no,yes,yes,no,yes,no,no,no,no,no,no,no,no,yes,no,no,yes,no,no,no,8631,2,4305,2,2136,14181,1445,3917,5931,4440,58,41,855,680,993,2478,3197,4102,3484,2914,83.64,3560,3116,3166,89.25,578,yes
Mike DiNapoli,65,4,no,no,no,no,no,no,no,no,no,no,no,no,no,no,no,no,no,no,no,yes,no,no,no,no,no,no,no,no,no,no,no,no,no,no,8631,2,4305,2,2136,14181,1445,3917,5931,4440,58,41,855,680,993,2478,3197,4102,3484,2914,83.64,3560,3116,3166,89.25,578,no
Bob Weinstein,76,4,no,no,no,no,no,no,no,no,no,no,yes,no,no,no,no,no,yes,no,yes,no,yes,no,no,no,no,no,no,no,no,no,yes,no,no,no,17097,1,4229,2,1895,23491,2389,4741,9674,7750,28,71,2395,1424,2625,4145,5305,3306,8614,5438,63.13,7855,8682,8902,78.71,1475,no
Andra Vlavín,76,4,no,yes,no,no,no,no,no,no,no,no,no,no,no,no,no,no,no,no,no,no,no,no,no,no,no,no,no,no,no,no,no,no,no,no,17097,1,4229,2,1895,23491,2389,4741,9674,7750,28,71,2395,1424,2625,4145,5305,3306,8614,5438,63.13,7855,8682,8902,78.71,1475,no
Kevin Goldsmith,76,4,no,no,no,no,no,no,no,no,no,no,no,no,no,no,no,no,no,no,no,no,no,no,no,no,no,no,no,no,no,no,no,no,no,no,17097,1,4229,2,1895,23491,2389,4741,9674,7750,28,71,2395,1424,2625,4145,5305,3306,8614,5438,63.13,7855,8682,8902,78.71,1475,no
Mitch Green,76,4,yes,no,no,no,yes,yes,no,no,no,no,no,no,yes,yes,yes,no,no,yes,no,no,no,yes,no,yes,no,yes,no,no,yes,no,no,no,no,no,17097,1,4229,2,1895,23491,2389,4741,9674,7750,28,71,2395,1424,2625,4145,5305,3306,8614,5438,63.13,7855,8682,8902,78.71,1475,yes
Joseph (Joe) Alfone,76,4,no,no,no,no,no,no,no,no,no,no,no,no,no,no,no,no,no,no,no,no,no,no,no,no,no,no,no,no,no,no,no,no,no,no,17097,1,4229,2,1895,23491,2389,4741,9674,7750,28,71,2395,1424,2625,4145,5305,3306,8614,5438,63.13,7855,8682,8902,78.71,1475,no
Eli Arnold,76,4,no,no,yes,yes,no,no,yes,no,yes,yes,yes,yes,no,no,no,yes,no,no,yes,no,no,no,no,no,no,no,no,no,no,no,yes,no,no,no,17097,1,4229,2,1895,23491,2389,4741,9674,7750,28,71,2395,1424,2625,4145,5305,3306,8614,5438,63.13,7855,8682,8902,78.71,1475,no
Stanley Penkin,76,4,no,no,no,no,no,no,yes,no,no,no,yes,no,no,no,no,no,yes,no,yes,no,no,yes,no,no,no,no,no,no,no,no,yes,no,no,no,17097,1,4229,2,1895,23491,2389,4741,9674,7750,28,71,2395,1424,2625,4145,5305,3306,8614,5438,63.13,7855,8682,8902,78.71,1475,no
Tony Morse,76,4,no,no,no,yes,no,no,no,no,yes,no,yes,no,no,no,no,yes,no,no,no,no,yes,no,no,no,no,no,no,yes,no,no,yes,no,no,no,17097,1,4229,2,1895,23491,2389,4741,9674,7750,28,71,2395,1424,2625,4145,5305,3306,8614,5438,63.13,7855,8682,8902,78.71,1475,no
Chloe Mason,76,4,no,no,no,no,no,no,no,no,no,no,no,no,no,no,no,no,no,no,no,no,no,no,no,no,no,no,no,no,no,no,no,no,no,no,17097,1,4229,2,1895,23491,2389,4741,9674,7750,28,71,2395,1424,2625,4145,5305,3306,8614,5438,63.13,7855,8682,8902,78.71,1475,no
Chad Lykins,76,4,no,yes,no,yes,no,yes,no,no,no,no,no,no,no,no,yes,no,no,yes,no,yes,yes,yes,yes,yes,yes,yes,no,no,yes,no,no,no,no,no,17097,1,4229,2,1895,23491,2389,4741,9674,7750,28,71,2395,1424,2625,4145,5305,3306,8614,5438,63.13,7855,8682,8902,78.71,1475,no
John Toran,76,4,no,no,no,no,no,no,no,no,no,no,no,no,no,no,no,no,no,no,yes,no,no,no,no,no,no,no,no,no,no,no,no,no,no,no,17097,1,4229,2,1895,23491,2389,4741,9674,7750,28,71,2395,1424,2625,4145,5305,3306,8614,5438,63.13,7855,8682,8902,78.71,1475,no
Ciatta R Thompson,76,4,no,no,no,no,no,no,no,no,no,no,no,no,no,no,no,no,no,no,no,no,no,no,no,no,no,no,no,no,no,no,no,no,no,no,17097,1,4229,2,1895,23491,2389,4741,9674,7750,28,71,2395,1424,2625,4145,5305,3306,8614,5438,63.13,7855,8682,8902,78.71,1475,no
Michael Trimble,76,4,no,no,no,no,no,no,no,no,no,no,no,no,no,no,no,no,no,no,no,no,no,no,no,no,no,no,no,no,no,no,no,no,no,no,17097,1,4229,2,1895,23491,2389,4741,9674,7750,28,71,2395,1424,2625,4145,5305,3306,8614,5438,63.13,7855,8682,8902,78.71,1475,no
Bob Callahan,76,4,no,no,no,no,no,no,no,no,no,no,no,no,no,no,no,no,no,no,no,no,no,no,no,no,no,no,no,no,no,no,no,no,no,no,17097,1,4229,2,1895,23491,2389,4741,9674,7750,28,71,2395,1424,2625,4145,5305,3306,8614,5438,63.13,7855,8682,8902,78.71,1475,no
Olivia Clark,76,4,no,no,yes,yes,yes,no,yes,no,yes,yes,yes,yes,no,no,no,yes,no,no,yes,no,yes,yes,no,no,yes,no,no,yes,no,no,yes,no,no,no,17097,1,4229,2,1895,23491,2389,4741,9674,7750,28,71,2395,1424,2625,4145,5305,3306,8614,5438,63.13,7855,8682,8902,78.71,1475,yes
Lisa Freeman,76,4,no,no,no,no,no,no,no,no,no,no,no,no,no,no,no,no,no,yes,no,yes,no,yes,yes,yes,yes,yes,yes,no,no,no,no,no,no,no,17097,1,4229,2,1895,23491,2389,4741,9674,7750,28,71,2395,1424,2625,4145,5305,3306,8614,5438,63.13,7855,8682,8902,78.71,1475,no
Sarah Silkie,76,4,no,yes,no,no,no,yes,no,no,no,no,no,no,no,yes,yes,no,no,no,no,no,no,yes,yes,no,no,no,no,no,yes,no,no,no,no,no,17097,1,4229,2,1895,23491,2389,4741,9674,7750,28,71,2395,1424,2625,4145,5305,3306,8614,5438,63.13,7855,8682,8902,78.71,1475,no
Chris Henry,76,4,no,yes,no,no,no,no,no,no,no,no,no,no,no,no,no,no,no,no,no,no,no,no,no,no,no,no,no,no,no,no,no,no,no,no,17097,1,4229,2,1895,23491,2389,4741,9674,7750,28,71,2395,1424,2625,4145,5305,3306,8614,5438,63.13,7855,8682,8902,78.71,1475,no
Ben Hufford,76,4,no,no,no,no,no,no,yes,no,no,no,yes,no,no,no,no,no,no,no,no,no,no,no,no,no,no,no,no,no,no,no,no,no,no,no,17097,1,4229,2,1895,23491,2389,4741,9674,7750,28,71,2395,1424,2625,4145,5305,3306,8614,5438,63.13,7855,8682,8902,78.71,1475,no
Moses Ross,76,4,no,no,no,no,no,no,no,no,no,no,no,no,no,no,no,no,no,no,no,no,no,no,no,no,no,no,no,no,no,yes,no,no,no,no,17097,1,4229,2,1895,23491,2389,4741,9674,7750,28,71,2395,1424,2625,4145,5305,3306,8614,5438,63.13,7855,8682,8902,78.71,1475,no
Eric Zimmerman,76,4,no,no,yes,yes,yes,no,yes,no,no,yes,yes,yes,no,no,no,yes,yes,no,yes,no,no,no,no,no,no,no,no,yes,no,no,yes,no,no,no,17097,1,4229,2,1895,23491,2389,4741,9674,7750,28,71,2395,1424,2625,4145,5305,3306,8614,5438,63.13,7855,8682,8902,78.71,1475,yes
Mike DiNapoli,76,4,no,no,no,no,no,no,no,no,no,no,no,no,no,no,no,no,no,no,no,yes,no,no,no,no,no,no,no,no,no,no,no,no,no,no,17097,1,4229,2,1895,23491,2389,4741,9674,7750,28,71,2395,1424,2625,4145,5305,3306,8614,5438,63.13,7855,8682,8902,78.71,1475,no
Bob Weinstein,31,4,no,no,no,no,no,no,no,no,no,no,yes,no,no,no,no,no,yes,no,yes,no,yes,no,no,no,no,no,no,no,no,no,yes,no,no,no,11555,1,2867,2,4149,14195,2235,5540,5676,4125,20,79,2280,905,2219,2452,2560,2803,3484,2413,69.26,5543,5844,4953,76.66,517,no
Andra Vlavín,31,4,no,yes,no,no,no,no,no,no,no,no,no,no,no,no,no,no,no,no,no,no,no,no,no,no,no,no,no,no,no,no,no,no,no,no,11555,1,2867,2,4149,14195,2235,5540,5676,4125,20,79,2280,905,2219,2452,2560,2803,3484,2413,69.26,5543,5844,4953,76.66,517,no
Kevin Goldsmith,31,4,no,no,no,no,no,no,no,no,no,no,no,no,no,no,no,no,no,no,no,no,no,no,no,no,no,no,no,no,no,no,no,no,no,no,11555,1,2867,2,4149,14195,2235,5540,5676,4125,20,79,2280,905,2219,2452,2560,2803,3484,2413,69.26,5543,5844,4953,76.66,517,no
Mitch Green,31,4,yes,no,no,no,yes,yes,no,no,no,no,no,no,yes,yes,yes,no,no,yes,no,no,no,yes,no,yes,no,yes,no,no,yes,no,no,no,no,no,11555,1,2867,2,4149,14195,2235,5540,5676,4125,20,79,2280,905,2219,2452,2560,2803,3484,2413,69.26,5543,5844,4953,76.66,517,yes
Joseph (Joe) Alfone,31,4,no,no,no,no,no,no,no,no,no,no,no,no,no,no,no,no,no,no,no,no,no,no,no,no,no,no,no,no,no,no,no,no,no,no,11555,1,2867,2,4149,14195,2235,5540,5676,4125,20,79,2280,905,2219,2452,2560,2803,3484,2413,69.26,5543,5844,4953,76.66,517,no
Eli Arnold,31,4,no,no,yes,yes,no,no,yes,no,yes,yes,yes,yes,no,no,no,yes,no,no,yes,no,no,no,no,no,no,no,no,no,no,no,yes,no,no,no,11555,1,2867,2,4149,14195,2235,5540,5676,4125,20,79,2280,905,2219,2452,2560,2803,3484,2413,69.26,5543,5844,4953,76.66,517,no
Stanley Penkin,31,4,no,no,no,no,no,no,yes,no,no,no,yes,no,no,no,no,no,yes,no,yes,no,no,yes,no,no,no,no,no,no,no,no,yes,no,no,no,11555,1,2867,2,4149,14195,2235,5540,5676,4125,20,79,2280,905,2219,2452,2560,2803,3484,2413,69.26,5543,5844,4953,76.66,517,no
Tony Morse,31,4,no,no,no,yes,no,no,no,no,yes,no,yes,no,no,no,no,yes,no,no,no,no,yes,no,no,no,no,no,no,yes,no,no,yes,no,no,no,11555,1,2867,2,4149,14195,2235,5540,5676,4125,20,79,2280,905,2219,2452,2560,2803,3484,2413,69.26,5543,5844,4953,76.66,517,no
Chloe Mason,31,4,no,no,no,no,no,no,no,no,no,no,no,no,no,no,no,no,no,no,no,no,no,no,no,no,no,no,no,no,no,no,no,no,no,no,11555,1,2867,2,4149,14195,2235,5540,5676,4125,20,79,2280,905,2219,2452,2560,2803,3484,2413,69.26,5543,5844,4953,76.66,517,no
Chad Lykins,31,4,no,yes,no,yes,no,yes,no,no,no,no,no,no,no,no,yes,no,no,yes,no,yes,yes,yes,yes,yes,yes,yes,no,no,yes,no,no,no,no,no,11555,1,2867,2,4149,14195,2235,5540,5676,4125,20,79,2280,905,2219,2452,2560,2803,3484,2413,69.26,5543,5844,4953,76.66,517,no
John Toran,31,4,no,no,no,no,no,no,no,no,no,no,no,no,no,no,no,no,no,no,yes,no,no,no,no,no,no,no,no,no,no,no,no,no,no,no,11555,1,2867,2,4149,14195,2235,5540,5676,4125,20,79,2280,905,2219,2452,2560,2803,3484,2413,69.26,5543,5844,4953,76.66,517,no
Ciatta R Thompson,31,4,no,no,no,no,no,no,no,no,no,no,no,no,no,no,no,no,no,no,no,no,no,no,no,no,no,no,no,no,no,no,no,no,no,no,11555,1,2867,2,4149,14195,2235,5540,5676,4125,20,79,2280,905,2219,2452,2560,2803,3484,2413,69.26,5543,5844,4953,76.66,517,no
Michael Trimble,31,4,no,no,no,no,no,no,no,no,no,no,no,no,no,no,no,no,no,no,no,no,no,no,no,no,no,no,no,no,no,no,no,no,no,no,11555,1,2867,2,4149,14195,2235,5540,5676,4125,20,79,2280,905,2219,2452,2560,2803,3484,2413,69.26,5543,5844,4953,76.66,517,no
Bob Callahan,31,4,no,no,no,no,no,no,no,no,no,no,no,no,no,no,no,no,no,no,no,no,no,no,no,no,no,no,no,no,no,no,no,no,no,no,11555,1,2867,2,4149,14195,2235,5540,5676,4125,20,79,2280,905,2219,2452,2560,2803,3484,2413,69.26,5543,5844,4953,76.66,517,no
Olivia Clark,31,4,no,no,yes,yes,yes,no,yes,no,yes,yes,yes,yes,no,no,no,yes,no,no,yes,no,yes,yes,no,no,yes,no,no,yes,no,no,yes,no,no,no,11555,1,2867,2,4149,14195,2235,5540,5676,4125,20,79,2280,905,2219,2452,2560,2803,3484,2413,69.26,5543,5844,4953,76.66,517,yes
Lisa Freeman,31,4,no,no,no,no,no,no,no,no,no,no,no,no,no,no,no,no,no,yes,no,yes,no,yes,yes,yes,yes,yes,yes,no,no,no,no,no,no,no,11555,1,2867,2,4149,14195,2235,5540,5676,4125,20,79,2280,905,2219,2452,2560,2803,3484,2413,69.26,5543,5844,4953,76.66,517,no
Sarah Silkie,31,4,no,yes,no,no,no,yes,no,no,no,no,no,no,no,yes,yes,no,no,no,no,no,no,yes,yes,no,no,no,no,no,yes,no,no,no,no,no,11555,1,2867,2,4149,14195,2235,5540,5676,4125,20,79,2280,905,2219,2452,2560,2803,3484,2413,69.26,5543,5844,4953,76.66,517,no
Chris Henry,31,4,no,yes,no,no,no,no,no,no,no,no,no,no,no,no,no,no,no,no,no,no,no,no,no,no,no,no,no,no,no,no,no,no,no,no,11555,1,2867,2,4149,14195,2235,5540,5676,4125,20,79,2280,905,2219,2452,2560,2803,3484,2413,69.26,5543,5844,4953,76.66,517,no
Ben Hufford,31,4,no,no,no,no,no,no,yes,no,no,no,yes,no,no,no,no,no,no,no,no,no,no,no,no,no,no,no,no,no,no,no,no,no,no,no,11555,1,2867,2,4149,14195,2235,5540,5676,4125,20,79,2280,905,2219,2452,2560,2803,3484,2413,69.26,5543,5844,4953,76.66,517,no
Moses Ross,31,4,no,no,no,no,no,no,no,no,no,no,no,no,no,no,no,no,no,no,no,no,no,no,no,no,no,no,no,no,no,yes,no,no,no,no,11555,1,2867,2,4149,14195,2235,5540,5676,4125,20,79,2280,905,2219,2452,2560,2803,3484,2413,69.26,5543,5844,4953,76.66,517,no
Eric Zimmerman,31,4,no,no,yes,yes,yes,no,yes,no,no,yes,yes,yes,no,no,no,yes,yes,no,yes,no,no,no,no,no,no,no,no,yes,no,no,yes,no,no,no,11555,1,2867,2,4149,14195,2235,5540,5676,4125,20,79,2280,905,2219,2452,2560,2803,3484,2413,69.26,5543,5844,4953,76.66,517,yes
Mike DiNapoli,31,4,no,no,no,no,no,no,no,no,no,no,no,no,no,no,no,no,no,no,no,yes,no,no,no,no,no,no,no,no,no,no,no,no,no,no,11555,1,2867,2,4149,14195,2235,5540,5676,4125,20,79,2280,905,2219,2452,2560,2803,3484,2413,69.26,5543,5844,4953,76.66,517,no
Bob Weinstein,57,4,no,no,no,no,no,no,no,no,no,no,yes,no,no,no,no,no,yes,no,yes,no,yes,no,no,no,no,no,no,no,no,no,yes,no,no,no,18448,2,10176,2,1986,30736,3032,8501,12224,7898,62,37,1487,1181,2634,6244,6396,2805,9108,7734,84.91,9886,8997,9018,86.37,1173,no
Andra Vlavín,57,4,no,yes,no,no,no,no,no,no,no,no,no,no,no,no,no,no,no,no,no,no,no,no,no,no,no,no,no,no,no,no,no,no,no,no,18448,2,10176,2,1986,30736,3032,8501,12224,7898,62,37,1487,1181,2634,6244,6396,2805,9108,7734,84.91,9886,8997,9018,86.37,1173,no
Kevin Goldsmith,57,4,no,no,no,no,no,no,no,no,no,no,no,no,no,no,no,no,no,no,no,no,no,no,no,no,no,no,no,no,no,no,no,no,no,no,18448,2,10176,2,1986,30736,3032,8501,12224,7898,62,37,1487,1181,2634,6244,6396,2805,9108,7734,84.91,9886,8997,9018,86.37,1173,no
Mitch Green,57,4,yes,no,no,no,yes,yes,no,no,no,no,no,no,yes,yes,yes,no,no,yes,no,no,no,yes,no,yes,no,yes,no,no,yes,no,no,no,no,no,18448,2,10176,2,1986,30736,3032,8501,12224,7898,62,37,1487,1181,2634,6244,6396,2805,9108,7734,84.91,9886,8997,9018,86.37,1173,yes
Joseph (Joe) Alfone,57,4,no,no,no,no,no,no,no,no,no,no,no,no,no,no,no,no,no,no,no,no,no,no,no,no,no,no,no,no,no,no,no,no,no,no,18448,2,10176,2,1986,30736,3032,8501,12224,7898,62,37,1487,1181,2634,6244,6396,2805,9108,7734,84.91,9886,8997,9018,86.37,1173,no
Eli Arnold,57,4,no,no,yes,yes,no,no,yes,no,yes,yes,yes,yes,no,no,no,yes,no,no,yes,no,no,no,no,no,no,no,no,no,no,no,yes,no,no,no,18448,2,10176,2,1986,30736,3032,8501,12224,7898,62,37,1487,1181,2634,6244,6396,2805,9108,7734,84.91,9886,8997,9018,86.37,1173,no
Stanley Penkin,57,4,no,no,no,no,no,no,yes,no,no,no,yes,no,no,no,no,no,yes,no,yes,no,no,yes,no,no,no,no,no,no,no,no,yes,no,no,no,18448,2,10176,2,1986,30736,3032,8501,12224,7898,62,37,1487,1181,2634,6244,6396,2805,9108,7734,84.91,9886,8997,9018,86.37,1173,no
Tony Morse,57,4,no,no,no,yes,no,no,no,no,yes,no,yes,no,no,no,no,yes,no,no,no,no,yes,no,no,no,no,no,no,yes,no,no,yes,no,no,no,18448,2,10176,2,1986,30736,3032,8501,12224,7898,62,37,1487,1181,2634,6244,6396,2805,9108,7734,84.91,9886,8997,9018,86.37,1173,no
Chloe Mason,57,4,no,no,no,no,no,no,no,no,no,no,no,no,no,no,no,no,no,no,no,no,no,no,no,no,no,no,no,no,no,no,no,no,no,no,18448,2,10176,2,1986,30736,3032,8501,12224,7898,62,37,1487,1181,2634,6244,6396,2805,9108,7734,84.91,9886,8997,9018,86.37,1173,no
Chad Lykins,57,4,no,yes,no,yes,no,yes,no,no,no,no,no,no,no,no,yes,no,no,yes,no,yes,yes,yes,yes,yes,yes,yes,no,no,yes,no,no,no,no,no,18448,2,10176,2,1986,30736,3032,8501,12224,7898,62,37,1487,1181,2634,6244,6396,2805,9108,7734,84.91,9886,8997,9018,86.37,1173,no
John Toran,57,4,no,no,no,no,no,no,no,no,no,no,no,no,no,no,no,no,no,no,yes,no,no,no,no,no,no,no,no,no,no,no,no,no,no,no,18448,2,10176,2,1986,30736,3032,8501,12224,7898,62,37,1487,1181,2634,6244,6396,2805,9108,7734,84.91,9886,8997,9018,86.37,1173,no
Ciatta R Thompson,57,4,no,no,no,no,no,no,no,no,no,no,no,no,no,no,no,no,no,no,no,no,no,no,no,no,no,no,no,no,no,no,no,no,no,no,18448,2,10176,2,1986,30736,3032,8501,12224,7898,62,37,1487,1181,2634,6244,6396,2805,9108,7734,84.91,9886,8997,9018,86.37,1173,no
Michael Trimble,57,4,no,no,no,no,no,no,no,no,no,no,no,no,no,no,no,no,no,no,no,no,no,no,no,no,no,no,no,no,no,no,no,no,no,no,18448,2,10176,2,1986,30736,3032,8501,12224,7898,62,37,1487,1181,2634,6244,6396,2805,9108,7734,84.91,9886,8997,9018,86.37,1173,no
Bob Callahan,57,4,no,no,no,no,no,no,no,no,no,no,no,no,no,no,no,no,no,no,no,no,no,no,no,no,no,no,no,no,no,no,no,no,no,no,18448,2,10176,2,1986,30736,3032,8501,12224,7898,62,37,1487,1181,2634,6244,6396,2805,9108,7734,84.91,9886,8997,9018,86.37,1173,no
Olivia Clark,57,4,no,no,yes,yes,yes,no,yes,no,yes,yes,yes,yes,no,no,no,yes,no,no,yes,no,yes,yes,no,no,yes,no,no,yes,no,no,yes,no,no,no,18448,2,10176,2,1986,30736,3032,8501,12224,7898,62,37,1487,1181,2634,6244,6396,2805,9108,7734,84.91,9886,8997,9018,86.37,1173,yes
Lisa Freeman,57,4,no,no,no,no,no,no,no,no,no,no,no,no,no,no,no,no,no,yes,no,yes,no,yes,yes,yes,yes,yes,yes,no,no,no,no,no,no,no,18448,2,10176,2,1986,30736,3032,8501,12224,7898,62,37,1487,1181,2634,6244,6396,2805,9108,7734,84.91,9886,8997,9018,86.37,1173,no
Sarah Silkie,57,4,no,yes,no,no,no,yes,no,no,no,no,no,no,no,yes,yes,no,no,no,no,no,no,yes,yes,no,no,no,no,no,yes,no,no,no,no,no,18448,2,10176,2,1986,30736,3032,8501,12224,7898,62,37,1487,1181,2634,6244,6396,2805,9108,7734,84.91,9886,8997,9018,86.37,1173,no
Chris Henry,57,4,no,yes,no,no,no,no,no,no,no,no,no,no,no,no,no,no,no,no,no,no,no,no,no,no,no,no,no,no,no,no,no,no,no,no,18448,2,10176,2,1986,30736,3032,8501,12224,7898,62,37,1487,1181,2634,6244,6396,2805,9108,7734,84.91,9886,8997,9018,86.37,1173,no
Ben Hufford,57,4,no,no,no,no,no,no,yes,no,no,no,yes,no,no,no,no,no,no,no,no,no,no,no,no,no,no,no,no,no,no,no,no,no,no,no,18448,2,10176,2,1986,30736,3032,8501,12224,7898,62,37,1487,1181,2634,6244,6396,2805,9108,7734,84.91,9886,8997,9018,86.37,1173,no
Moses Ross,57,4,no,no,no,no,no,no,no,no,no,no,no,no,no,no,no,no,no,no,no,no,no,no,no,no,no,no,no,no,no,yes,no,no,no,no,18448,2,10176,2,1986,30736,3032,8501,12224,7898,62,37,1487,1181,2634,6244,6396,2805,9108,7734,84.91,9886,8997,9018,86.37,1173,no
Eric Zimmerman,57,4,no,no,yes,yes,yes,no,yes,no,no,yes,yes,yes,no,no,no,yes,yes,no,yes,no,no,no,no,no,no,no,no,yes,no,no,yes,no,no,no,18448,2,10176,2,1986,30736,3032,8501,12224,7898,62,37,1487,1181,2634,6244,6396,2805,9108,7734,84.91,9886,8997,9018,86.37,1173,yes
Mike DiNapoli,57,4,no,no,no,no,no,no,no,no,no,no,no,no,no,no,no,no,no,no,no,yes,no,no,no,no,no,no,no,no,no,no,no,no,no,no,18448,2,10176,2,1986,30736,3032,8501,12224,7898,62,37,1487,1181,2634,6244,6396,2805,9108,7734,84.91,9886,8997,9018,86.37,1173,no
Bob Weinstein,64,4,no,no,no,no,no,no,no,no,no,no,yes,no,no,no,no,no,yes,no,yes,no,yes,no,no,no,no,no,no,no,no,no,yes,no,no,no,4849,2,3651,2,513,9007,577,1401,3841,3547,84,15,257,77,251,920,3285,3401,829,664,80.1,567,547,604,63.58,28,no
Andra Vlavín,64,4,no,yes,no,no,no,no,no,no,no,no,no,no,no,no,no,no,no,no,no,no,no,no,no,no,no,no,no,no,no,no,no,no,no,no,4849,2,3651,2,513,9007,577,1401,3841,3547,84,15,257,77,251,920,3285,3401,829,664,80.1,567,547,604,63.58,28,no
Kevin Goldsmith,64,4,no,no,no,no,no,no,no,no,no,no,no,no,no,no,no,no,no,no,no,no,no,no,no,no,no,no,no,no,no,no,no,no,no,no,4849,2,3651,2,513,9007,577,1401,3841,3547,84,15,257,77,251,920,3285,3401,829,664,80.1,567,547,604,63.58,28,no
Mitch Green,64,4,yes,no,no,no,yes,yes,no,no,no,no,no,no,yes,yes,yes,no,no,yes,no,no,no,yes,no,yes,no,yes,no,no,yes,no,no,no,no,no,4849,2,3651,2,513,9007,577,1401,3841,3547,84,15,257,77,251,920,3285,3401,829,664,80.1,567,547,604,63.58,28,yes
Joseph (Joe) Alfone,64,4,no,no,no,no,no,no,no,no,no,no,no,no,no,no,no,no,no,no,no,no,no,no,no,no,no,no,no,no,no,no,no,no,no,no,4849,2,3651,2,513,9007,577,1401,3841,3547,84,15,257,77,251,920,3285,3401,829,664,80.1,567,547,604,63.58,28,no
Eli Arnold,64,4,no,no,yes,yes,no,no,yes,no,yes,yes,yes,yes,no,no,no,yes,no,no,yes,no,no,no,no,no,no,no,no,no,no,no,yes,no,no,no,4849,2,3651,2,513,9007,577,1401,3841,3547,84,15,257,77,251,920,3285,3401,829,664,80.1,567,547,604,63.58,28,no
Stanley Penkin,64,4,no,no,no,no,no,no,yes,no,no,no,yes,no,no,no,no,no,yes,no,yes,no,no,yes,no,no,no,no,no,no,no,no,yes,no,no,no,4849,2,3651,2,513,9007,577,1401,3841,3547,84,15,257,77,251,920,3285,3401,829,664,80.1,567,547,604,63.58,28,no
Tony Morse,64,4,no,no,no,yes,no,no,no,no,yes,no,yes,no,no,no,no,yes,no,no,no,no,yes,no,no,no,no,no,no,yes,no,no,yes,no,no,no,4849,2,3651,2,513,9007,577,1401,3841,3547,84,15,257,77,251,920,3285,3401,829,664,80.1,567,547,604,63.58,28,no
Chloe Mason,64,4,no,no,no,no,no,no,no,no,no,no,no,no,no,no,no,no,no,no,no,no,no,no,no,no,no,no,no,no,no,no,no,no,no,no,4849,2,3651,2,513,9007,577,1401,3841,3547,84,15,257,77,251,920,3285,3401,829,664,80.1,567,547,604,63.58,28,no
Chad Lykins,64,4,no,yes,no,yes,no,yes,no,no,no,no,no,no,no,no,yes,no,no,yes,no,yes,yes,yes,yes,yes,yes,yes,no,no,yes,no,no,no,no,no,4849,2,3651,2,513,9007,577,1401,3841,3547,84,15,257,77,251,920,3285,3401,829,664,80.1,567,547,604,63.58,28,no
John Toran,64,4,no,no,no,no,no,no,no,no,no,no,no,no,no,no,no,no,no,no,yes,no,no,no,no,no,no,no,no,no,no,no,no,no,no,no,4849,2,3651,2,513,9007,577,1401,3841,3547,84,15,257,77,251,920,3285,3401,829,664,80.1,567,547,604,63.58,28,no
Ciatta R Thompson,64,4,no,no,no,no,no,no,no,no,no,no,no,no,no,no,no,no,no,no,no,no,no,no,no,no,no,no,no,no,no,no,no,no,no,no,4849,2,3651,2,513,9007,577,1401,3841,3547,84,15,257,77,251,920,3285,3401,829,664,80.1,567,547,604,63.58,28,no
Michael Trimble,64,4,no,no,no,no,no,no,no,no,no,no,no,no,no,no,no,no,no,no,no,no,no,no,no,no,no,no,no,no,no,no,no,no,no,no,4849,2,3651,2,513,9007,577,1401,3841,3547,84,15,257,77,251,920,3285,3401,829,664,80.1,567,547,604,63.58,28,no
Bob Callahan,64,4,no,no,no,no,no,no,no,no,no,no,no,no,no,no,no,no,no,no,no,no,no,no,no,no,no,no,no,no,no,no,no,no,no,no,4849,2,3651,2,513,9007,577,1401,3841,3547,84,15,257,77,251,920,3285,3401,829,664,80.1,567,547,604,63.58,28,no
Olivia Clark,64,4,no,no,yes,yes,yes,no,yes,no,yes,yes,yes,yes,no,no,no,yes,no,no,yes,no,yes,yes,no,no,yes,no,no,yes,no,no,yes,no,no,no,4849,2,3651,2,513,9007,577,1401,3841,3547,84,15,257,77,251,920,3285,3401,829,664,80.1,567,547,604,63.58,28,yes
Lisa Freeman,64,4,no,no,no,no,no,no,no,no,no,no,no,no,no,no,no,no,no,yes,no,yes,no,yes,yes,yes,yes,yes,yes,no,no,no,no,no,no,no,4849,2,3651,2,513,9007,577,1401,3841,3547,84,15,257,77,251,920,3285,3401,829,664,80.1,567,547,604,63.58,28,no
Sarah Silkie,64,4,no,yes,no,no,no,yes,no,no,no,no,no,no,no,yes,yes,no,no,no,no,no,no,yes,yes,no,no,no,no,no,yes,no,no,no,no,no,4849,2,3651,2,513,9007,577,1401,3841,3547,84,15,257,77,251,920,3285,3401,829,664,80.1,567,547,604,63.58,28,no
Chris Henry,64,4,no,yes,no,no,no,no,no,no,no,no,no,no,no,no,no,no,no,no,no,no,no,no,no,no,no,no,no,no,no,no,no,no,no,no,4849,2,3651,2,513,9007,577,1401,3841,3547,84,15,257,77,251,920,3285,3401,829,664,80.1,567,547,604,63.58,28,no
Ben Hufford,64,4,no,no,no,no,no,no,yes,no,no,no,yes,no,no,no,no,no,no,no,no,no,no,no,no,no,no,no,no,no,no,no,no,no,no,no,4849,2,3651,2,513,9007,577,1401,3841,3547,84,15,257,77,251,920,3285,3401,829,664,80.1,567,547,604,63.58,28,no
Moses Ross,64,4,no,no,no,no,no,no,no,no,no,no,no,no,no,no,no,no,no,no,no,no,no,no,no,no,no,no,no,no,no,yes,no,no,no,no,4849,2,3651,2,513,9007,577,1401,3841,3547,84,15,257,77,251,920,3285,3401,829,664,80.1,567,547,604,63.58,28,no
Eric Zimmerman,64,4,no,no,yes,yes,yes,no,yes,no,no,yes,yes,yes,no,no,no,yes,yes,no,yes,no,no,no,no,no,no,no,no,yes,no,no,yes,no,no,no,4849,2,3651,2,513,9007,577,1401,3841,3547,84,15,257,77,251,920,3285,3401,829,664,80.1,567,547,604,63.58,28,yes
Mike DiNapoli,64,4,no,no,no,no,no,no,no,no,no,no,no,no,no,no,no,no,no,no,no,yes,no,no,no,no,no,no,no,no,no,no,no,no,no,no,4849,2,3651,2,513,9007,577,1401,3841,3547,84,15,257,77,251,920,3285,3401,829,664,80.1,567,547,604,63.58,28,no
Bob Weinstein,6,4,no,no,no,no,no,no,no,no,no,no,yes,no,no,no,no,no,yes,no,yes,no,yes,no,no,no,no,no,no,no,no,no,yes,no,no,no,10766,2,6352,2,1418,19709,3170,5360,6464,5021,68,31,1171,484,1659,3096,4030,4101,3206,2813,87.74,453,467,479,85.47,70,no
Andra Vlavín,6,4,no,yes,no,no,no,no,no,no,no,no,no,no,no,no,no,no,no,no,no,no,no,no,no,no,no,no,no,no,no,no,no,no,no,no,10766,2,6352,2,1418,19709,3170,5360,6464,5021,68,31,1171,484,1659,3096,4030,4101,3206,2813,87.74,453,467,479,85.47,70,no
Kevin Goldsmith,6,4,no,no,no,no,no,no,no,no,no,no,no,no,no,no,no,no,no,no,no,no,no,no,no,no,no,no,no,no,no,no,no,no,no,no,10766,2,6352,2,1418,19709,3170,5360,6464,5021,68,31,1171,484,1659,3096,4030,4101,3206,2813,87.74,453,467,479,85.47,70,no
Mitch Green,6,4,yes,no,no,no,yes,yes,no,no,no,no,no,no,yes,yes,yes,no,no,yes,no,no,no,yes,no,yes,no,yes,no,no,yes,no,no,no,no,no,10766,2,6352,2,1418,19709,3170,5360,6464,5021,68,31,1171,484,1659,3096,4030,4101,3206,2813,87.74,453,467,479,85.47,70,yes
Joseph (Joe) Alfone,6,4,no,no,no,no,no,no,no,no,no,no,no,no,no,no,no,no,no,no,no,no,no,no,no,no,no,no,no,no,no,no,no,no,no,no,10766,2,6352,2,1418,19709,3170,5360,6464,5021,68,31,1171,484,1659,3096,4030,4101,3206,2813,87.74,453,467,479,85.47,70,no
Eli Arnold,6,4,no,no,yes,yes,no,no,yes,no,yes,yes,yes,yes,no,no,no,yes,no,no,yes,no,no,no,no,no,no,no,no,no,no,no,yes,no,no,no,10766,2,6352,2,1418,19709,3170,5360,6464,5021,68,31,1171,484,1659,3096,4030,4101,3206,2813,87.74,453,467,479,85.47,70,no
Stanley Penkin,6,4,no,no,no,no,no,no,yes,no,no,no,yes,no,no,no,no,no,yes,no,yes,no,no,yes,no,no,no,no,no,no,no,no,yes,no,no,no,10766,2,6352,2,1418,19709,3170,5360,6464,5021,68,31,1171,484,1659,3096,4030,4101,3206,2813,87.74,453,467,479,85.47,70,no
Tony Morse,6,4,no,no,no,yes,no,no,no,no,yes,no,yes,no,no,no,no,yes,no,no,no,no,yes,no,no,no,no,no,no,yes,no,no,yes,no,no,no,10766,2,6352,2,1418,19709,3170,5360,6464,5021,68,31,1171,484,1659,3096,4030,4101,3206,2813,87.74,453,467,479,85.47,70,no
Chloe Mason,6,4,no,no,no,no,no,no,no,no,no,no,no,no,no,no,no,no,no,no,no,no,no,no,no,no,no,no,no,no,no,no,no,no,no,no,10766,2,6352,2,1418,19709,3170,5360,6464,5021,68,31,1171,484,1659,3096,4030,4101,3206,2813,87.74,453,467,479,85.47,70,no
Chad Lykins,6,4,no,yes,no,yes,no,yes,no,no,no,no,no,no,no,no,yes,no,no,yes,no,yes,yes,yes,yes,yes,yes,yes,no,no,yes,no,no,no,no,no,10766,2,6352,2,1418,19709,3170,5360,6464,5021,68,31,1171,484,1659,3096,4030,4101,3206,2813,87.74,453,467,479,85.47,70,no
John Toran,6,4,no,no,no,no,no,no,no,no,no,no,no,no,no,no,no,no,no,no,yes,no,no,no,no,no,no,no,no,no,no,no,no,no,no,no,10766,2,6352,2,1418,19709,3170,5360,6464,5021,68,31,1171,484,1659,3096,4030,4101,3206,2813,87.74,453,467,479,85.47,70,no
Ciatta R Thompson,6,4,no,no,no,no,no,no,no,no,no,no,no,no,no,no,no,no,no,no,no,no,no,no,no,no,no,no,no,no,no,no,no,no,no,no,10766,2,6352,2,1418,19709,3170,5360,6464,5021,68,31,1171,484,1659,3096,4030,4101,3206,2813,87.74,453,467,479,85.47,70,no
Michael Trimble,6,4,no,no,no,no,no,no,no,no,no,no,no,no,no,no,no,no,no,no,no,no,no,no,no,no,no,no,no,no,no,no,no,no,no,no,10766,2,6352,2,1418,19709,3170,5360,6464,5021,68,31,1171,484,1659,3096,4030,4101,3206,2813,87.74,453,467,479,85.47,70,no
Bob Callahan,6,4,no,no,no,no,no,no,no,no,no,no,no,no,no,no,no,no,no,no,no,no,no,no,no,no,no,no,no,no,no,no,no,no,no,no,10766,2,6352,2,1418,19709,3170,5360,6464,5021,68,31,1171,484,1659,3096,4030,4101,3206,2813,87.74,453,467,479,85.47,70,no
Olivia Clark,6,4,no,no,yes,yes,yes,no,yes,no,yes,yes,yes,yes,no,no,no,yes,no,no,yes,no,yes,yes,no,no,yes,no,no,yes,no,no,yes,no,no,no,10766,2,6352,2,1418,19709,3170,5360,6464,5021,68,31,1171,484,1659,3096,4030,4101,3206,2813,87.74,453,467,479,85.47,70,yes
Lisa Freeman,6,4,no,no,no,no,no,no,no,no,no,no,no,no,no,no,no,no,no,yes,no,yes,no,yes,yes,yes,yes,yes,yes,no,no,no,no,no,no,no,10766,2,6352,2,1418,19709,3170,5360,6464,5021,68,31,1171,484,1659,3096,4030,4101,3206,2813,87.74,453,467,479,85.47,70,no
Sarah Silkie,6,4,no,yes,no,no,no,yes,no,no,no,no,no,no,no,yes,yes,no,no,no,no,no,no,yes,yes,no,no,no,no,no,yes,no,no,no,no,no,10766,2,6352,2,1418,19709,3170,5360,6464,5021,68,31,1171,484,1659,3096,4030,4101,3206,2813,87.74,453,467,479,85.47,70,no
Chris Henry,6,4,no,yes,no,no,no,no,no,no,no,no,no,no,no,no,no,no,no,no,no,no,no,no,no,no,no,no,no,no,no,no,no,no,no,no,10766,2,6352,2,1418,19709,3170,5360,6464,5021,68,31,1171,484,1659,3096,4030,4101,3206,2813,87.74,453,467,479,85.47,70,no
Ben Hufford,6,4,no,no,no,no,no,no,yes,no,no,no,yes,no,no,no,no,no,no,no,no,no,no,no,no,no,no,no,no,no,no,no,no,no,no,no,10766,2,6352,2,1418,19709,3170,5360,6464,5021,68,31,1171,484,1659,3096,4030,4101,3206,2813,87.74,453,467,479,85.47,70,no
Moses Ross,6,4,no,no,no,no,no,no,no,no,no,no,no,no,no,no,no,no,no,no,no,no,no,no,no,no,no,no,no,no,no,yes,no,no,no,no,10766,2,6352,2,1418,19709,3170,5360,6464,5021,68,31,1171,484,1659,3096,4030,4101,3206,2813,87.74,453,467,479,85.47,70,no
Eric Zimmerman,6,4,no,no,yes,yes,yes,no,yes,no,no,yes,yes,yes,no,no,no,yes,yes,no,yes,no,no,no,no,no,no,no,no,yes,no,no,yes,no,no,no,10766,2,6352,2,1418,19709,3170,5360,6464,5021,68,31,1171,484,1659,3096,4030,4101,3206,2813,87.74,453,467,479,85.47,70,yes
Mike DiNapoli,6,4,no,no,no,no,no,no,no,no,no,no,no,no,no,no,no,no,no,no,no,yes,no,no,no,no,no,no,no,no,no,no,no,no,no,no,10766,2,6352,2,1418,19709,3170,5360,6464,5021,68,31,1171,484,1659,3096,4030,4101,3206,2813,87.74,453,467,479,85.47,70,no
Bob Weinstein,59,4,no,no,no,no,no,no,no,no,no,no,yes,no,no,no,no,no,yes,no,yes,no,yes,no,no,no,no,no,no,no,no,no,yes,no,no,no,18428,1,7205,2,4136,29172,3182,9767,11671,7616,39,60,1819,2165,2832,5493,5036,4206,6645,5047,75.95,7921,7692,7789,76.58,884,no
Andra Vlavín,59,4,no,yes,no,no,no,no,no,no,no,no,no,no,no,no,no,no,no,no,no,no,no,no,no,no,no,no,no,no,no,no,no,no,no,no,18428,1,7205,2,4136,29172,3182,9767,11671,7616,39,60,1819,2165,2832,5493,5036,4206,6645,5047,75.95,7921,7692,7789,76.58,884,no
Kevin Goldsmith,59,4,no,no,no,no,no,no,no,no,no,no,no,no,no,no,no,no,no,no,no,no,no,no,no,no,no,no,no,no,no,no,no,no,no,no,18428,1,7205,2,4136,29172,3182,9767,11671,7616,39,60,1819,2165,2832,5493,5036,4206,6645,5047,75.95,7921,7692,7789,76.58,884,no
Mitch Green,59,4,yes,no,no,no,yes,yes,no,no,no,no,no,no,yes,yes,yes,no,no,yes,no,no,no,yes,no,yes,no,yes,no,no,yes,no,no,no,no,no,18428,1,7205,2,4136,29172,3182,9767,11671,7616,39,60,1819,2165,2832,5493,5036,4206,6645,5047,75.95,7921,7692,7789,76.58,884,yes
Joseph (Joe) Alfone,59,4,no,no,no,no,no,no,no,no,no,no,no,no,no,no,no,no,no,no,no,no,no,no,no,no,no,no,no,no,no,no,no,no,no,no,18428,1,7205,2,4136,29172,3182,9767,11671,7616,39,60,1819,2165,2832,5493,5036,4206,6645,5047,75.95,7921,7692,7789,76.58,884,no
Eli Arnold,59,4,no,no,yes,yes,no,no,yes,no,yes,yes,yes,yes,no,no,no,yes,no,no,yes,no,no,no,no,no,no,no,no,no,no,no,yes,no,no,no,18428,1,7205,2,4136,29172,3182,9767,11671,7616,39,60,1819,2165,2832,5493,5036,4206,6645,5047,75.95,7921,7692,7789,76.58,884,no
Stanley Penkin,59,4,no,no,no,no,no,no,yes,no,no,no,yes,no,no,no,no,no,yes,no,yes,no,no,yes,no,no,no,no,no,no,no,no,yes,no,no,no,18428,1,7205,2,4136,29172,3182,9767,11671,7616,39,60,1819,2165,2832,5493,5036,4206,6645,5047,75.95,7921,7692,7789,76.58,884,no
Tony Morse,59,4,no,no,no,yes,no,no,no,no,yes,no,yes,no,no,no,no,yes,no,no,no,no,yes,no,no,no,no,no,no,yes,no,no,yes,no,no,no,18428,1,7205,2,4136,29172,3182,9767,11671,7616,39,60,1819,2165,2832,5493,5036,4206,6645,5047,75.95,7921,7692,7789,76.58,884,no
Chloe Mason,59,4,no,no,no,no,no,no,no,no,no,no,no,no,no,no,no,no,no,no,no,no,no,no,no,no,no,no,no,no,no,no,no,no,no,no,18428,1,7205,2,4136,29172,3182,9767,11671,7616,39,60,1819,2165,2832,5493,5036,4206,6645,5047,75.95,7921,7692,7789,76.58,884,no
Chad Lykins,59,4,no,yes,no,yes,no,yes,no,no,no,no,no,no,no,no,yes,no,no,yes,no,yes,yes,yes,yes,yes,yes,yes,no,no,yes,no,no,no,no,no,18428,1,7205,2,4136,29172,3182,9767,11671,7616,39,60,1819,2165,2832,5493,5036,4206,6645,5047,75.95,7921,7692,7789,76.58,884,no
John Toran,59,4,no,no,no,no,no,no,no,no,no,no,no,no,no,no,no,no,no,no,yes,no,no,no,no,no,no,no,no,no,no,no,no,no,no,no,18428,1,7205,2,4136,29172,3182,9767,11671,7616,39,60,1819,2165,2832,5493,5036,4206,6645,5047,75.95,7921,7692,7789,76.58,884,no
Ciatta R Thompson,59,4,no,no,no,no,no,no,no,no,no,no,no,no,no,no,no,no,no,no,no,no,no,no,no,no,no,no,no,no,no,no,no,no,no,no,18428,1,7205,2,4136,29172,3182,9767,11671,7616,39,60,1819,2165,2832,5493,5036,4206,6645,5047,75.95,7921,7692,7789,76.58,884,no
Michael Trimble,59,4,no,no,no,no,no,no,no,no,no,no,no,no,no,no,no,no,no,no,no,no,no,no,no,no,no,no,no,no,no,no,no,no,no,no,18428,1,7205,2,4136,29172,3182,9767,11671,7616,39,60,1819,2165,2832,5493,5036,4206,6645,5047,75.95,7921,7692,7789,76.58,884,no
Bob Callahan,59,4,no,no,no,no,no,no,no,no,no,no,no,no,no,no,no,no,no,no,no,no,no,no,no,no,no,no,no,no,no,no,no,no,no,no,18428,1,7205,2,4136,29172,3182,9767,11671,7616,39,60,1819,2165,2832,5493,5036,4206,6645,5047,75.95,7921,7692,7789,76.58,884,no
Olivia Clark,59,4,no,no,yes,yes,yes,no,yes,no,yes,yes,yes,yes,no,no,no,yes,no,no,yes,no,yes,yes,no,no,yes,no,no,yes,no,no,yes,no,no,no,18428,1,7205,2,4136,29172,3182,9767,11671,7616,39,60,1819,2165,2832,5493,5036,4206,6645,5047,75.95,7921,7692,7789,76.58,884,yes
Lisa Freeman,59,4,no,no,no,no,no,no,no,no,no,no,no,no,no,no,no,no,no,yes,no,yes,no,yes,yes,yes,yes,yes,yes,no,no,no,no,no,no,no,18428,1,7205,2,4136,29172,3182,9767,11671,7616,39,60,1819,2165,2832,5493,5036,4206,6645,5047,75.95,7921,7692,7789,76.58,884,no
Sarah Silkie,59,4,no,yes,no,no,no,yes,no,no,no,no,no,no,no,yes,yes,no,no,no,no,no,no,yes,yes,no,no,no,no,no,yes,no,no,no,no,no,18428,1,7205,2,4136,29172,3182,9767,11671,7616,39,60,1819,2165,2832,5493,5036,4206,6645,5047,75.95,7921,7692,7789,76.58,884,no
Chris Henry,59,4,no,yes,no,no,no,no,no,no,no,no,no,no,no,no,no,no,no,no,no,no,no,no,no,no,no,no,no,no,no,no,no,no,no,no,18428,1,7205,2,4136,29172,3182,9767,11671,7616,39,60,1819,2165,2832,5493,5036,4206,6645,5047,75.95,7921,7692,7789,76.58,884,no
Ben Hufford,59,4,no,no,no,no,no,no,yes,no,no,no,yes,no,no,no,no,no,no,no,no,no,no,no,no,no,no,no,no,no,no,no,no,no,no,no,18428,1,7205,2,4136,29172,3182,9767,11671,7616,39,60,1819,2165,2832,5493,5036,4206,6645,5047,75.95,7921,7692,7789,76.58,884,no
Moses Ross,59,4,no,no,no,no,no,no,no,no,no,no,no,no,no,no,no,no,no,no,no,no,no,no,no,no,no,no,no,no,no,yes,no,no,no,no,18428,1,7205,2,4136,29172,3182,9767,11671,7616,39,60,1819,2165,2832,5493,5036,4206,6645,5047,75.95,7921,7692,7789,76.58,884,no
Eric Zimmerman,59,4,no,no,yes,yes,yes,no,yes,no,no,yes,yes,yes,no,no,no,yes,yes,no,yes,no,no,no,no,no,no,no,no,yes,no,no,yes,no,no,no,18428,1,7205,2,4136,29172,3182,9767,11671,7616,39,60,1819,2165,2832,5493,5036,4206,6645,5047,75.95,7921,7692,7789,76.58,884,yes
Mike DiNapoli,59,4,no,no,no,no,no,no,no,no,no,no,no,no,no,no,no,no,no,no,no,yes,no,no,no,no,no,no,no,no,no,no,no,no,no,no,18428,1,7205,2,4136,29172,3182,9767,11671,7616,39,60,1819,2165,2832,5493,5036,4206,6645,5047,75.95,7921,7692,7789,76.58,884,no
Bob Weinstein,75,4,no,no,no,no,no,no,no,no,no,no,yes,no,no,no,no,no,yes,no,yes,no,yes,no,no,no,no,no,no,no,no,no,yes,no,no,no,4201,2,3079,2,1500,7910,866,2382,3186,2841,90,9,162,184,348,1034,2406,3806,191,121,63.35,1022,904,720,81.17,72,no
Andra Vlavín,75,4,no,yes,no,no,no,no,no,no,no,no,no,no,no,no,no,no,no,no,no,no,no,no,no,no,no,no,no,no,no,no,no,no,no,no,4201,2,3079,2,1500,7910,866,2382,3186,2841,90,9,162,184,348,1034,2406,3806,191,121,63.35,1022,904,720,81.17,72,no
Kevin Goldsmith,75,4,no,no,no,no,no,no,no,no,no,no,no,no,no,no,no,no,no,no,no,no,no,no,no,no,no,no,no,no,no,no,no,no,no,no,4201,2,3079,2,1500,7910,866,2382,3186,2841,90,9,162,184,348,1034,2406,3806,191,121,63.35,1022,904,720,81.17,72,no
Mitch Green,75,4,yes,no,no,no,yes,yes,no,no,no,no,no,no,yes,yes,yes,no,no,yes,no,no,no,yes,no,yes,no,yes,no,no,yes,no,no,no,no,no,4201,2,3079,2,1500,7910,866,2382,3186,2841,90,9,162,184,348,1034,2406,3806,191,121,63.35,1022,904,720,81.17,72,yes
Joseph (Joe) Alfone,75,4,no,no,no,no,no,no,no,no,no,no,no,no,no,no,no,no,no,no,no,no,no,no,no,no,no,no,no,no,no,no,no,no,no,no,4201,2,3079,2,1500,7910,866,2382,3186,2841,90,9,162,184,348,1034,2406,3806,191,121,63.35,1022,904,720,81.17,72,no
Eli Arnold,75,4,no,no,yes,yes,no,no,yes,no,yes,yes,yes,yes,no,no,no,yes,no,no,yes,no,no,no,no,no,no,no,no,no,no,no,yes,no,no,no,4201,2,3079,2,1500,7910,866,2382,3186,2841,90,9,162,184,348,1034,2406,3806,191,121,63.35,1022,904,720,81.17,72,no
Stanley Penkin,75,4,no,no,no,no,no,no,yes,no,no,no,yes,no,no,no,no,no,yes,no,yes,no,no,yes,no,no,no,no,no,no,no,no,yes,no,no,no,4201,2,3079,2,1500,7910,866,2382,3186,2841,90,9,162,184,348,1034,2406,3806,191,121,63.35,1022,904,720,81.17,72,no
Tony Morse,75,4,no,no,no,yes,no,no,no,no,yes,no,yes,no,no,no,no,yes,no,no,no,no,yes,no,no,no,no,no,no,yes,no,no,yes,no,no,no,4201,2,3079,2,1500,7910,866,2382,3186,2841,90,9,162,184,348,1034,2406,3806,191,121,63.35,1022,904,720,81.17,72,no
Chloe Mason,75,4,no,no,no,no,no,no,no,no,no,no,no,no,no,no,no,no,no,no,no,no,no,no,no,no,no,no,no,no,no,no,no,no,no,no,4201,2,3079,2,1500,7910,866,2382,3186,2841,90,9,162,184,348,1034,2406,3806,191,121,63.35,1022,904,720,81.17,72,no
Chad Lykins,75,4,no,yes,no,yes,no,yes,no,no,no,no,no,no,no,no,yes,no,no,yes,no,yes,yes,yes,yes,yes,yes,yes,no,no,yes,no,no,no,no,no,4201,2,3079,2,1500,7910,866,2382,3186,2841,90,9,162,184,348,1034,2406,3806,191,121,63.35,1022,904,720,81.17,72,no
John Toran,75,4,no,no,no,no,no,no,no,no,no,no,no,no,no,no,no,no,no,no,yes,no,no,no,no,no,no,no,no,no,no,no,no,no,no,no,4201,2,3079,2,1500,7910,866,2382,3186,2841,90,9,162,184,348,1034,2406,3806,191,121,63.35,1022,904,720,81.17,72,no
Ciatta R Thompson,75,4,no,no,no,no,no,no,no,no,no,no,no,no,no,no,no,no,no,no,no,no,no,no,no,no,no,no,no,no,no,no,no,no,no,no,4201,2,3079,2,1500,7910,866,2382,3186,2841,90,9,162,184,348,1034,2406,3806,191,121,63.35,1022,904,720,81.17,72,no
Michael Trimble,75,4,no,no,no,no,no,no,no,no,no,no,no,no,no,no,no,no,no,no,no,no,no,no,no,no,no,no,no,no,no,no,no,no,no,no,4201,2,3079,2,1500,7910,866,2382,3186,2841,90,9,162,184,348,1034,2406,3806,191,121,63.35,1022,904,720,81.17,72,no
Bob Callahan,75,4,no,no,no,no,no,no,no,no,no,no,no,no,no,no,no,no,no,no,no,no,no,no,no,no,no,no,no,no,no,no,no,no,no,no,4201,2,3079,2,1500,7910,866,2382,3186,2841,90,9,162,184,348,1034,2406,3806,191,121,63.35,1022,904,720,81.17,72,no
Olivia Clark,75,4,no,no,yes,yes,yes,no,yes,no,yes,yes,yes,yes,no,no,no,yes,no,no,yes,no,yes,yes,no,no,yes,no,no,yes,no,no,yes,no,no,no,4201,2,3079,2,1500,7910,866,2382,3186,2841,90,9,162,184,348,1034,2406,3806,191,121,63.35,1022,904,720,81.17,72,yes
Lisa Freeman,75,4,no,no,no,no,no,no,no,no,no,no,no,no,no,no,no,no,no,yes,no,yes,no,yes,yes,yes,yes,yes,yes,no,no,no,no,no,no,no,4201,2,3079,2,1500,7910,866,2382,3186,2841,90,9,162,184,348,1034,2406,3806,191,121,63.35,1022,904,720,81.17,72,no
Sarah Silkie,75,4,no,yes,no,no,no,yes,no,no,no,no,no,no,no,yes,yes,no,no,no,no,no,no,yes,yes,no,no,no,no,no,yes,no,no,no,no,no,4201,2,3079,2,1500,7910,866,2382,3186,2841,90,9,162,184,348,1034,2406,3806,191,121,63.35,1022,904,720,81.17,72,no
Chris Henry,75,4,no,yes,no,no,no,no,no,no,no,no,no,no,no,no,no,no,no,no,no,no,no,no,no,no,no,no,no,no,no,no,no,no,no,no,4201,2,3079,2,1500,7910,866,2382,3186,2841,90,9,162,184,348,1034,2406,3806,191,121,63.35,1022,904,720,81.17,72,no
Ben Hufford,75,4,no,no,no,no,no,no,yes,no,no,no,yes,no,no,no,no,no,no,no,no,no,no,no,no,no,no,no,no,no,no,no,no,no,no,no,4201,2,3079,2,1500,7910,866,2382,3186,2841,90,9,162,184,348,1034,2406,3806,191,121,63.35,1022,904,720,81.17,72,no
Moses Ross,75,4,no,no,no,no,no,no,no,no,no,no,no,no,no,no,no,no,no,no,no,no,no,no,no,no,no,no,no,no,no,yes,no,no,no,no,4201,2,3079,2,1500,7910,866,2382,3186,2841,90,9,162,184,348,1034,2406,3806,191,121,63.35,1022,904,720,81.17,72,no
Eric Zimmerman,75,4,no,no,yes,yes,yes,no,yes,no,no,yes,yes,yes,no,no,no,yes,yes,no,yes,no,no,no,no,no,no,no,no,yes,no,no,yes,no,no,no,4201,2,3079,2,1500,7910,866,2382,3186,2841,90,9,162,184,348,1034,2406,3806,191,121,63.35,1022,904,720,81.17,72,yes
Mike DiNapoli,75,4,no,no,no,no,no,no,no,no,no,no,no,no,no,no,no,no,no,no,no,yes,no,no,no,no,no,no,no,no,no,no,no,no,no,no,4201,2,3079,2,1500,7910,866,2382,3186,2841,90,9,162,184,348,1034,2406,3806,191,121,63.35,1022,904,720,81.17,72,no
Bob Weinstein,14,4,no,no,no,no,no,no,no,no,no,no,yes,no,no,no,no,no,yes,no,yes,no,yes,no,no,no,no,no,no,no,no,no,yes,no,no,no,5023,2,3484,2,485,9252,750,1885,3421,3408,86,13,167,152,341,1286,2998,3305,39,32,82.05,17,16,17,NA,2,no
Andra Vlavín,14,4,no,yes,no,no,no,no,no,no,no,no,no,no,no,no,no,no,no,no,no,no,no,no,no,no,no,no,no,no,no,no,no,no,no,no,5023,2,3484,2,485,9252,750,1885,3421,3408,86,13,167,152,341,1286,2998,3305,39,32,82.05,17,16,17,NA,2,no
Kevin Goldsmith,14,4,no,no,no,no,no,no,no,no,no,no,no,no,no,no,no,no,no,no,no,no,no,no,no,no,no,no,no,no,no,no,no,no,no,no,5023,2,3484,2,485,9252,750,1885,3421,3408,86,13,167,152,341,1286,2998,3305,39,32,82.05,17,16,17,NA,2,no
Mitch Green,14,4,yes,no,no,no,yes,yes,no,no,no,no,no,no,yes,yes,yes,no,no,yes,no,no,no,yes,no,yes,no,yes,no,no,yes,no,no,no,no,no,5023,2,3484,2,485,9252,750,1885,3421,3408,86,13,167,152,341,1286,2998,3305,39,32,82.05,17,16,17,NA,2,yes
Joseph (Joe) Alfone,14,4,no,no,no,no,no,no,no,no,no,no,no,no,no,no,no,no,no,no,no,no,no,no,no,no,no,no,no,no,no,no,no,no,no,no,5023,2,3484,2,485,9252,750,1885,3421,3408,86,13,167,152,341,1286,2998,3305,39,32,82.05,17,16,17,NA,2,no
Eli Arnold,14,4,no,no,yes,yes,no,no,yes,no,yes,yes,yes,yes,no,no,no,yes,no,no,yes,no,no,no,no,no,no,no,no,no,no,no,yes,no,no,no,5023,2,3484,2,485,9252,750,1885,3421,3408,86,13,167,152,341,1286,2998,3305,39,32,82.05,17,16,17,NA,2,no
Stanley Penkin,14,4,no,no,no,no,no,no,yes,no,no,no,yes,no,no,no,no,no,yes,no,yes,no,no,yes,no,no,no,no,no,no,no,no,yes,no,no,no,5023,2,3484,2,485,9252,750,1885,3421,3408,86,13,167,152,341,1286,2998,3305,39,32,82.05,17,16,17,NA,2,no
Tony Morse,14,4,no,no,no,yes,no,no,no,no,yes,no,yes,no,no,no,no,yes,no,no,no,no,yes,no,no,no,no,no,no,yes,no,no,yes,no,no,no,5023,2,3484,2,485,9252,750,1885,3421,3408,86,13,167,152,341,1286,2998,3305,39,32,82.05,17,16,17,NA,2,no
Chloe Mason,14,4,no,no,no,no,no,no,no,no,no,no,no,no,no,no,no,no,no,no,no,no,no,no,no,no,no,no,no,no,no,no,no,no,no,no,5023,2,3484,2,485,9252,750,1885,3421,3408,86,13,167,152,341,1286,2998,3305,39,32,82.05,17,16,17,NA,2,no
Chad Lykins,14,4,no,yes,no,yes,no,yes,no,no,no,no,no,no,no,no,yes,no,no,yes,no,yes,yes,yes,yes,yes,yes,yes,no,no,yes,no,no,no,no,no,5023,2,3484,2,485,9252,750,1885,3421,3408,86,13,167,152,341,1286,2998,3305,39,32,82.05,17,16,17,NA,2,no
John Toran,14,4,no,no,no,no,no,no,no,no,no,no,no,no,no,no,no,no,no,no,yes,no,no,no,no,no,no,no,no,no,no,no,no,no,no,no,5023,2,3484,2,485,9252,750,1885,3421,3408,86,13,167,152,341,1286,2998,3305,39,32,82.05,17,16,17,NA,2,no
Ciatta R Thompson,14,4,no,no,no,no,no,no,no,no,no,no,no,no,no,no,no,no,no,no,no,no,no,no,no,no,no,no,no,no,no,no,no,no,no,no,5023,2,3484,2,485,9252,750,1885,3421,3408,86,13,167,152,341,1286,2998,3305,39,32,82.05,17,16,17,NA,2,no
Michael Trimble,14,4,no,no,no,no,no,no,no,no,no,no,no,no,no,no,no,no,no,no,no,no,no,no,no,no,no,no,no,no,no,no,no,no,no,no,5023,2,3484,2,485,9252,750,1885,3421,3408,86,13,167,152,341,1286,2998,3305,39,32,82.05,17,16,17,NA,2,no
Bob Callahan,14,4,no,no,no,no,no,no,no,no,no,no,no,no,no,no,no,no,no,no,no,no,no,no,no,no,no,no,no,no,no,no,no,no,no,no,5023,2,3484,2,485,9252,750,1885,3421,3408,86,13,167,152,341,1286,2998,3305,39,32,82.05,17,16,17,NA,2,no
Olivia Clark,14,4,no,no,yes,yes,yes,no,yes,no,yes,yes,yes,yes,no,no,no,yes,no,no,yes,no,yes,yes,no,no,yes,no,no,yes,no,no,yes,no,no,no,5023,2,3484,2,485,9252,750,1885,3421,3408,86,13,167,152,341,1286,2998,3305,39,32,82.05,17,16,17,NA,2,yes
Lisa Freeman,14,4,no,no,no,no,no,no,no,no,no,no,no,no,no,no,no,no,no,yes,no,yes,no,yes,yes,yes,yes,yes,yes,no,no,no,no,no,no,no,5023,2,3484,2,485,9252,750,1885,3421,3408,86,13,167,152,341,1286,2998,3305,39,32,82.05,17,16,17,NA,2,no
Sarah Silkie,14,4,no,yes,no,no,no,yes,no,no,no,no,no,no,no,yes,yes,no,no,no,no,no,no,yes,yes,no,no,no,no,no,yes,no,no,no,no,no,5023,2,3484,2,485,9252,750,1885,3421,3408,86,13,167,152,341,1286,2998,3305,39,32,82.05,17,16,17,NA,2,no
Chris Henry,14,4,no,yes,no,no,no,no,no,no,no,no,no,no,no,no,no,no,no,no,no,no,no,no,no,no,no,no,no,no,no,no,no,no,no,no,5023,2,3484,2,485,9252,750,1885,3421,3408,86,13,167,152,341,1286,2998,3305,39,32,82.05,17,16,17,NA,2,no
Ben Hufford,14,4,no,no,no,no,no,no,yes,no,no,no,yes,no,no,no,no,no,no,no,no,no,no,no,no,no,no,no,no,no,no,no,no,no,no,no,5023,2,3484,2,485,9252,750,1885,3421,3408,86,13,167,152,341,1286,2998,3305,39,32,82.05,17,16,17,NA,2,no
Moses Ross,14,4,no,no,no,no,no,no,no,no,no,no,no,no,no,no,no,no,no,no,no,no,no,no,no,no,no,no,no,no,no,yes,no,no,no,no,5023,2,3484,2,485,9252,750,1885,3421,3408,86,13,167,152,341,1286,2998,3305,39,32,82.05,17,16,17,NA,2,no
Eric Zimmerman,14,4,no,no,yes,yes,yes,no,yes,no,no,yes,yes,yes,no,no,no,yes,yes,no,yes,no,no,no,no,no,no,no,no,yes,no,no,yes,no,no,no,5023,2,3484,2,485,9252,750,1885,3421,3408,86,13,167,152,341,1286,2998,3305,39,32,82.05,17,16,17,NA,2,yes
Mike DiNapoli,14,4,no,no,no,no,no,no,no,no,no,no,no,no,no,no,no,no,no,no,no,yes,no,no,no,no,no,no,no,no,no,no,no,no,no,no,5023,2,3484,2,485,9252,750,1885,3421,3408,86,13,167,152,341,1286,2998,3305,39,32,82.05,17,16,17,NA,2,no
Bob Weinstein,10,4,no,no,no,no,no,no,no,no,no,no,yes,no,no,no,no,no,yes,no,yes,no,yes,no,no,no,no,no,no,no,no,no,yes,no,no,no,17720,2,13132,2,2991,31908,3485,6624,12302,11604,75,24,934,683,1525,4374,9851,3301,3,3,100,0,0,0,91.31,0,no
Andra Vlavín,10,4,no,yes,no,no,no,no,no,no,no,no,no,no,no,no,no,no,no,no,no,no,no,no,no,no,no,no,no,no,no,no,no,no,no,no,17720,2,13132,2,2991,31908,3485,6624,12302,11604,75,24,934,683,1525,4374,9851,3301,3,3,100,0,0,0,91.31,0,no
Kevin Goldsmith,10,4,no,no,no,no,no,no,no,no,no,no,no,no,no,no,no,no,no,no,no,no,no,no,no,no,no,no,no,no,no,no,no,no,no,no,17720,2,13132,2,2991,31908,3485,6624,12302,11604,75,24,934,683,1525,4374,9851,3301,3,3,100,0,0,0,91.31,0,no
Mitch Green,10,4,yes,no,no,no,yes,yes,no,no,no,no,no,no,yes,yes,yes,no,no,yes,no,no,no,yes,no,yes,no,yes,no,no,yes,no,no,no,no,no,17720,2,13132,2,2991,31908,3485,6624,12302,11604,75,24,934,683,1525,4374,9851,3301,3,3,100,0,0,0,91.31,0,yes
Joseph (Joe) Alfone,10,4,no,no,no,no,no,no,no,no,no,no,no,no,no,no,no,no,no,no,no,no,no,no,no,no,no,no,no,no,no,no,no,no,no,no,17720,2,13132,2,2991,31908,3485,6624,12302,11604,75,24,934,683,1525,4374,9851,3301,3,3,100,0,0,0,91.31,0,no
Eli Arnold,10,4,no,no,yes,yes,no,no,yes,no,yes,yes,yes,yes,no,no,no,yes,no,no,yes,no,no,no,no,no,no,no,no,no,no,no,yes,no,no,no,17720,2,13132,2,2991,31908,3485,6624,12302,11604,75,24,934,683,1525,4374,9851,3301,3,3,100,0,0,0,91.31,0,no
Stanley Penkin,10,4,no,no,no,no,no,no,yes,no,no,no,yes,no,no,no,no,no,yes,no,yes,no,no,yes,no,no,no,no,no,no,no,no,yes,no,no,no,17720,2,13132,2,2991,31908,3485,6624,12302,11604,75,24,934,683,1525,4374,9851,3301,3,3,100,0,0,0,91.31,0,no
Tony Morse,10,4,no,no,no,yes,no,no,no,no,yes,no,yes,no,no,no,no,yes,no,no,no,no,yes,no,no,no,no,no,no,yes,no,no,yes,no,no,no,17720,2,13132,2,2991,31908,3485,6624,12302,11604,75,24,934,683,1525,4374,9851,3301,3,3,100,0,0,0,91.31,0,no
Chloe Mason,10,4,no,no,no,no,no,no,no,no,no,no,no,no,no,no,no,no,no,no,no,no,no,no,no,no,no,no,no,no,no,no,no,no,no,no,17720,2,13132,2,2991,31908,3485,6624,12302,11604,75,24,934,683,1525,4374,9851,3301,3,3,100,0,0,0,91.31,0,no
Chad Lykins,10,4,no,yes,no,yes,no,yes,no,no,no,no,no,no,no,no,yes,no,no,yes,no,yes,yes,yes,yes,yes,yes,yes,no,no,yes,no,no,no,no,no,17720,2,13132,2,2991,31908,3485,6624,12302,11604,75,24,934,683,1525,4374,9851,3301,3,3,100,0,0,0,91.31,0,no
John Toran,10,4,no,no,no,no,no,no,no,no,no,no,no,no,no,no,no,no,no,no,yes,no,no,no,no,no,no,no,no,no,no,no,no,no,no,no,17720,2,13132,2,2991,31908,3485,6624,12302,11604,75,24,934,683,1525,4374,9851,3301,3,3,100,0,0,0,91.31,0,no
Ciatta R Thompson,10,4,no,no,no,no,no,no,no,no,no,no,no,no,no,no,no,no,no,no,no,no,no,no,no,no,no,no,no,no,no,no,no,no,no,no,17720,2,13132,2,2991,31908,3485,6624,12302,11604,75,24,934,683,1525,4374,9851,3301,3,3,100,0,0,0,91.31,0,no
Michael Trimble,10,4,no,no,no,no,no,no,no,no,no,no,no,no,no,no,no,no,no,no,no,no,no,no,no,no,no,no,no,no,no,no,no,no,no,no,17720,2,13132,2,2991,31908,3485,6624,12302,11604,75,24,934,683,1525,4374,9851,3301,3,3,100,0,0,0,91.31,0,no
Bob Callahan,10,4,no,no,no,no,no,no,no,no,no,no,no,no,no,no,no,no,no,no,no,no,no,no,no,no,no,no,no,no,no,no,no,no,no,no,17720,2,13132,2,2991,31908,3485,6624,12302,11604,75,24,934,683,1525,4374,9851,3301,3,3,100,0,0,0,91.31,0,no
Olivia Clark,10,4,no,no,yes,yes,yes,no,yes,no,yes,yes,yes,yes,no,no,no,yes,no,no,yes,no,yes,yes,no,no,yes,no,no,yes,no,no,yes,no,no,no,17720,2,13132,2,2991,31908,3485,6624,12302,11604,75,24,934,683,1525,4374,9851,3301,3,3,100,0,0,0,91.31,0,yes
Lisa Freeman,10,4,no,no,no,no,no,no,no,no,no,no,no,no,no,no,no,no,no,yes,no,yes,no,yes,yes,yes,yes,yes,yes,no,no,no,no,no,no,no,17720,2,13132,2,2991,31908,3485,6624,12302,11604,75,24,934,683,1525,4374,9851,3301,3,3,100,0,0,0,91.31,0,no
Sarah Silkie,10,4,no,yes,no,no,no,yes,no,no,no,no,no,no,no,yes,yes,no,no,no,no,no,no,yes,yes,no,no,no,no,no,yes,no,no,no,no,no,17720,2,13132,2,2991,31908,3485,6624,12302,11604,75,24,934,683,1525,4374,9851,3301,3,3,100,0,0,0,91.31,0,no
Chris Henry,10,4,no,yes,no,no,no,no,no,no,no,no,no,no,no,no,no,no,no,no,no,no,no,no,no,no,no,no,no,no,no,no,no,no,no,no,17720,2,13132,2,2991,31908,3485,6624,12302,11604,75,24,934,683,1525,4374,9851,3301,3,3,100,0,0,0,91.31,0,no
Ben Hufford,10,4,no,no,no,no,no,no,yes,no,no,no,yes,no,no,no,no,no,no,no,no,no,no,no,no,no,no,no,no,no,no,no,no,no,no,no,17720,2,13132,2,2991,31908,3485,6624,12302,11604,75,24,934,683,1525,4374,9851,3301,3,3,100,0,0,0,91.31,0,no
Moses Ross,10,4,no,no,no,no,no,no,no,no,no,no,no,no,no,no,no,no,no,no,no,no,no,no,no,no,no,no,no,no,no,yes,no,no,no,no,17720,2,13132,2,2991,31908,3485,6624,12302,11604,75,24,934,683,1525,4374,9851,3301,3,3,100,0,0,0,91.31,0,no
Eric Zimmerman,10,4,no,no,yes,yes,yes,no,yes,no,no,yes,yes,yes,no,no,no,yes,yes,no,yes,no,no,no,no,no,no,no,no,yes,no,no,yes,no,no,no,17720,2,13132,2,2991,31908,3485,6624,12302,11604,75,24,934,683,1525,4374,9851,3301,3,3,100,0,0,0,91.31,0,yes
Mike DiNapoli,10,4,no,no,no,no,no,no,no,no,no,no,no,no,no,no,no,no,no,no,no,yes,no,no,no,no,no,no,no,no,no,no,no,no,no,no,17720,2,13132,2,2991,31908,3485,6624,12302,11604,75,24,934,683,1525,4374,9851,3301,3,3,100,0,0,0,91.31,0,no
Bob Weinstein,85,4,no,no,no,no,no,no,no,no,no,no,yes,no,no,no,no,no,yes,no,yes,no,yes,no,no,no,no,no,no,no,no,no,yes,no,no,no,13455,2,7686,2,1602,23783,4138,6448,8187,5365,60,39,1596,908,2016,4063,4390,CLACK-115,NA,NA,NA,NA,NA,NA,NA,NA,no
Andra Vlavín,85,4,no,yes,no,no,no,no,no,no,no,no,no,no,no,no,no,no,no,no,no,no,no,no,no,no,no,no,no,no,no,no,no,no,no,no,13455,2,7686,2,1602,23783,4138,6448,8187,5365,60,39,1596,908,2016,4063,4390,CLACK-115,NA,NA,NA,NA,NA,NA,NA,NA,no
Kevin Goldsmith,85,4,no,no,no,no,no,no,no,no,no,no,no,no,no,no,no,no,no,no,no,no,no,no,no,no,no,no,no,no,no,no,no,no,no,no,13455,2,7686,2,1602,23783,4138,6448,8187,5365,60,39,1596,908,2016,4063,4390,CLACK-115,NA,NA,NA,NA,NA,NA,NA,NA,no
Mitch Green,85,4,yes,no,no,no,yes,yes,no,no,no,no,no,no,yes,yes,yes,no,no,yes,no,no,no,yes,no,yes,no,yes,no,no,yes,no,no,no,no,no,13455,2,7686,2,1602,23783,4138,6448,8187,5365,60,39,1596,908,2016,4063,4390,CLACK-115,NA,NA,NA,NA,NA,NA,NA,NA,yes
Joseph (Joe) Alfone,85,4,no,no,no,no,no,no,no,no,no,no,no,no,no,no,no,no,no,no,no,no,no,no,no,no,no,no,no,no,no,no,no,no,no,no,13455,2,7686,2,1602,23783,4138,6448,8187,5365,60,39,1596,908,2016,4063,4390,CLACK-115,NA,NA,NA,NA,NA,NA,NA,NA,no
Eli Arnold,85,4,no,no,yes,yes,no,no,yes,no,yes,yes,yes,yes,no,no,no,yes,no,no,yes,no,no,no,no,no,no,no,no,no,no,no,yes,no,no,no,13455,2,7686,2,1602,23783,4138,6448,8187,5365,60,39,1596,908,2016,4063,4390,CLACK-115,NA,NA,NA,NA,NA,NA,NA,NA,no
Stanley Penkin,85,4,no,no,no,no,no,no,yes,no,no,no,yes,no,no,no,no,no,yes,no,yes,no,no,yes,no,no,no,no,no,no,no,no,yes,no,no,no,13455,2,7686,2,1602,23783,4138,6448,8187,5365,60,39,1596,908,2016,4063,4390,CLACK-115,NA,NA,NA,NA,NA,NA,NA,NA,no
Tony Morse,85,4,no,no,no,yes,no,no,no,no,yes,no,yes,no,no,no,no,yes,no,no,no,no,yes,no,no,no,no,no,no,yes,no,no,yes,no,no,no,13455,2,7686,2,1602,23783,4138,6448,8187,5365,60,39,1596,908,2016,4063,4390,CLACK-115,NA,NA,NA,NA,NA,NA,NA,NA,no
Chloe Mason,85,4,no,no,no,no,no,no,no,no,no,no,no,no,no,no,no,no,no,no,no,no,no,no,no,no,no,no,no,no,no,no,no,no,no,no,13455,2,7686,2,1602,23783,4138,6448,8187,5365,60,39,1596,908,2016,4063,4390,CLACK-115,NA,NA,NA,NA,NA,NA,NA,NA,no
Chad Lykins,85,4,no,yes,no,yes,no,yes,no,no,no,no,no,no,no,no,yes,no,no,yes,no,yes,yes,yes,yes,yes,yes,yes,no,no,yes,no,no,no,no,no,13455,2,7686,2,1602,23783,4138,6448,8187,5365,60,39,1596,908,2016,4063,4390,CLACK-115,NA,NA,NA,NA,NA,NA,NA,NA,no
John Toran,85,4,no,no,no,no,no,no,no,no,no,no,no,no,no,no,no,no,no,no,yes,no,no,no,no,no,no,no,no,no,no,no,no,no,no,no,13455,2,7686,2,1602,23783,4138,6448,8187,5365,60,39,1596,908,2016,4063,4390,CLACK-115,NA,NA,NA,NA,NA,NA,NA,NA,no
Ciatta R Thompson,85,4,no,no,no,no,no,no,no,no,no,no,no,no,no,no,no,no,no,no,no,no,no,no,no,no,no,no,no,no,no,no,no,no,no,no,13455,2,7686,2,1602,23783,4138,6448,8187,5365,60,39,1596,908,2016,4063,4390,CLACK-115,NA,NA,NA,NA,NA,NA,NA,NA,no
Michael Trimble,85,4,no,no,no,no,no,no,no,no,no,no,no,no,no,no,no,no,no,no,no,no,no,no,no,no,no,no,no,no,no,no,no,no,no,no,13455,2,7686,2,1602,23783,4138,6448,8187,5365,60,39,1596,908,2016,4063,4390,CLACK-115,NA,NA,NA,NA,NA,NA,NA,NA,no
Bob Callahan,85,4,no,no,no,no,no,no,no,no,no,no,no,no,no,no,no,no,no,no,no,no,no,no,no,no,no,no,no,no,no,no,no,no,no,no,13455,2,7686,2,1602,23783,4138,6448,8187,5365,60,39,1596,908,2016,4063,4390,CLACK-115,NA,NA,NA,NA,NA,NA,NA,NA,no
Olivia Clark,85,4,no,no,yes,yes,yes,no,yes,no,yes,yes,yes,yes,no,no,no,yes,no,no,yes,no,yes,yes,no,no,yes,no,no,yes,no,no,yes,no,no,no,13455,2,7686,2,1602,23783,4138,6448,8187,5365,60,39,1596,908,2016,4063,4390,CLACK-115,NA,NA,NA,NA,NA,NA,NA,NA,yes
Lisa Freeman,85,4,no,no,no,no,no,no,no,no,no,no,no,no,no,no,no,no,no,yes,no,yes,no,yes,yes,yes,yes,yes,yes,no,no,no,no,no,no,no,13455,2,7686,2,1602,23783,4138,6448,8187,5365,60,39,1596,908,2016,4063,4390,CLACK-115,NA,NA,NA,NA,NA,NA,NA,NA,no
Sarah Silkie,85,4,no,yes,no,no,no,yes,no,no,no,no,no,no,no,yes,yes,no,no,no,no,no,no,yes,yes,no,no,no,no,no,yes,no,no,no,no,no,13455,2,7686,2,1602,23783,4138,6448,8187,5365,60,39,1596,908,2016,4063,4390,CLACK-115,NA,NA,NA,NA,NA,NA,NA,NA,no
Chris Henry,85,4,no,yes,no,no,no,no,no,no,no,no,no,no,no,no,no,no,no,no,no,no,no,no,no,no,no,no,no,no,no,no,no,no,no,no,13455,2,7686,2,1602,23783,4138,6448,8187,5365,60,39,1596,908,2016,4063,4390,CLACK-115,NA,NA,NA,NA,NA,NA,NA,NA,no
Ben Hufford,85,4,no,no,no,no,no,no,yes,no,no,no,yes,no,no,no,no,no,no,no,no,no,no,no,no,no,no,no,no,no,no,no,no,no,no,no,13455,2,7686,2,1602,23783,4138,6448,8187,5365,60,39,1596,908,2016,4063,4390,CLACK-115,NA,NA,NA,NA,NA,NA,NA,NA,no
Moses Ross,85,4,no,no,no,no,no,no,no,no,no,no,no,no,no,no,no,no,no,no,no,no,no,no,no,no,no,no,no,no,no,yes,no,no,no,no,13455,2,7686,2,1602,23783,4138,6448,8187,5365,60,39,1596,908,2016,4063,4390,CLACK-115,NA,NA,NA,NA,NA,NA,NA,NA,no
Eric Zimmerman,85,4,no,no,yes,yes,yes,no,yes,no,no,yes,yes,yes,no,no,no,yes,yes,no,yes,no,no,no,no,no,no,no,no,yes,no,no,yes,no,no,no,13455,2,7686,2,1602,23783,4138,6448,8187,5365,60,39,1596,908,2016,4063,4390,CLACK-115,NA,NA,NA,NA,NA,NA,NA,NA,yes
Mike DiNapoli,85,4,no,no,no,no,no,no,no,no,no,no,no,no,no,no,no,no,no,no,no,yes,no,no,no,no,no,no,no,no,no,no,no,no,no,no,13455,2,7686,2,1602,23783,4138,6448,8187,5365,60,39,1596,908,2016,4063,4390,CLACK-115,NA,NA,NA,NA,NA,NA,NA,NA,no
Bob Weinstein,86,4,no,no,no,no,no,no,no,no,no,no,yes,no,no,no,no,no,yes,no,yes,no,yes,no,no,no,no,no,no,no,no,no,yes,no,no,no,1192,2,628,3,86,1842,170,566,689,496,52,47,336,44,37,411,356,CLACK-116,NA,NA,NA,NA,NA,NA,NA,NA,no
Andra Vlavín,86,4,no,yes,no,no,no,no,no,no,no,no,no,no,no,no,no,no,no,no,no,no,no,no,no,no,no,no,no,no,no,no,no,no,no,no,1192,2,628,3,86,1842,170,566,689,496,52,47,336,44,37,411,356,CLACK-116,NA,NA,NA,NA,NA,NA,NA,NA,no
Kevin Goldsmith,86,4,no,no,no,no,no,no,no,no,no,no,no,no,no,no,no,no,no,no,no,no,no,no,no,no,no,no,no,no,no,no,no,no,no,no,1192,2,628,3,86,1842,170,566,689,496,52,47,336,44,37,411,356,CLACK-116,NA,NA,NA,NA,NA,NA,NA,NA,no
Mitch Green,86,4,yes,no,no,no,yes,yes,no,no,no,no,no,no,yes,yes,yes,no,no,yes,no,no,no,yes,no,yes,no,yes,no,no,yes,no,no,no,no,no,1192,2,628,3,86,1842,170,566,689,496,52,47,336,44,37,411,356,CLACK-116,NA,NA,NA,NA,NA,NA,NA,NA,yes
Joseph (Joe) Alfone,86,4,no,no,no,no,no,no,no,no,no,no,no,no,no,no,no,no,no,no,no,no,no,no,no,no,no,no,no,no,no,no,no,no,no,no,1192,2,628,3,86,1842,170,566,689,496,52,47,336,44,37,411,356,CLACK-116,NA,NA,NA,NA,NA,NA,NA,NA,no
Eli Arnold,86,4,no,no,yes,yes,no,no,yes,no,yes,yes,yes,yes,no,no,no,yes,no,no,yes,no,no,no,no,no,no,no,no,no,no,no,yes,no,no,no,1192,2,628,3,86,1842,170,566,689,496,52,47,336,44,37,411,356,CLACK-116,NA,NA,NA,NA,NA,NA,NA,NA,no
Stanley Penkin,86,4,no,no,no,no,no,no,yes,no,no,no,yes,no,no,no,no,no,yes,no,yes,no,no,yes,no,no,no,no,no,no,no,no,yes,no,no,no,1192,2,628,3,86,1842,170,566,689,496,52,47,336,44,37,411,356,CLACK-116,NA,NA,NA,NA,NA,NA,NA,NA,no
Tony Morse,86,4,no,no,no,yes,no,no,no,no,yes,no,yes,no,no,no,no,yes,no,no,no,no,yes,no,no,no,no,no,no,yes,no,no,yes,no,no,no,1192,2,628,3,86,1842,170,566,689,496,52,47,336,44,37,411,356,CLACK-116,NA,NA,NA,NA,NA,NA,NA,NA,no
Chloe Mason,86,4,no,no,no,no,no,no,no,no,no,no,no,no,no,no,no,no,no,no,no,no,no,no,no,no,no,no,no,no,no,no,no,no,no,no,1192,2,628,3,86,1842,170,566,689,496,52,47,336,44,37,411,356,CLACK-116,NA,NA,NA,NA,NA,NA,NA,NA,no
Chad Lykins,86,4,no,yes,no,yes,no,yes,no,no,no,no,no,no,no,no,yes,no,no,yes,no,yes,yes,yes,yes,yes,yes,yes,no,no,yes,no,no,no,no,no,1192,2,628,3,86,1842,170,566,689,496,52,47,336,44,37,411,356,CLACK-116,NA,NA,NA,NA,NA,NA,NA,NA,no
John Toran,86,4,no,no,no,no,no,no,no,no,no,no,no,no,no,no,no,no,no,no,yes,no,no,no,no,no,no,no,no,no,no,no,no,no,no,no,1192,2,628,3,86,1842,170,566,689,496,52,47,336,44,37,411,356,CLACK-116,NA,NA,NA,NA,NA,NA,NA,NA,no
Ciatta R Thompson,86,4,no,no,no,no,no,no,no,no,no,no,no,no,no,no,no,no,no,no,no,no,no,no,no,no,no,no,no,no,no,no,no,no,no,no,1192,2,628,3,86,1842,170,566,689,496,52,47,336,44,37,411,356,CLACK-116,NA,NA,NA,NA,NA,NA,NA,NA,no
Michael Trimble,86,4,no,no,no,no,no,no,no,no,no,no,no,no,no,no,no,no,no,no,no,no,no,no,no,no,no,no,no,no,no,no,no,no,no,no,1192,2,628,3,86,1842,170,566,689,496,52,47,336,44,37,411,356,CLACK-116,NA,NA,NA,NA,NA,NA,NA,NA,no
Bob Callahan,86,4,no,no,no,no,no,no,no,no,no,no,no,no,no,no,no,no,no,no,no,no,no,no,no,no,no,no,no,no,no,no,no,no,no,no,1192,2,628,3,86,1842,170,566,689,496,52,47,336,44,37,411,356,CLACK-116,NA,NA,NA,NA,NA,NA,NA,NA,no
Olivia Clark,86,4,no,no,yes,yes,yes,no,yes,no,yes,yes,yes,yes,no,no,no,yes,no,no,yes,no,yes,yes,no,no,yes,no,no,yes,no,no,yes,no,no,no,1192,2,628,3,86,1842,170,566,689,496,52,47,336,44,37,411,356,CLACK-116,NA,NA,NA,NA,NA,NA,NA,NA,yes
Lisa Freeman,86,4,no,no,no,no,no,no,no,no,no,no,no,no,no,no,no,no,no,yes,no,yes,no,yes,yes,yes,yes,yes,yes,no,no,no,no,no,no,no,1192,2,628,3,86,1842,170,566,689,496,52,47,336,44,37,411,356,CLACK-116,NA,NA,NA,NA,NA,NA,NA,NA,no
Sarah Silkie,86,4,no,yes,no,no,no,yes,no,no,no,no,no,no,no,yes,yes,no,no,no,no,no,no,yes,yes,no,no,no,no,no,yes,no,no,no,no,no,1192,2,628,3,86,1842,170,566,689,496,52,47,336,44,37,411,356,CLACK-116,NA,NA,NA,NA,NA,NA,NA,NA,no
Chris Henry,86,4,no,yes,no,no,no,no,no,no,no,no,no,no,no,no,no,no,no,no,no,no,no,no,no,no,no,no,no,no,no,no,no,no,no,no,1192,2,628,3,86,1842,170,566,689,496,52,47,336,44,37,411,356,CLACK-116,NA,NA,NA,NA,NA,NA,NA,NA,no
Ben Hufford,86,4,no,no,no,no,no,no,yes,no,no,no,yes,no,no,no,no,no,no,no,no,no,no,no,no,no,no,no,no,no,no,no,no,no,no,no,1192,2,628,3,86,1842,170,566,689,496,52,47,336,44,37,411,356,CLACK-116,NA,NA,NA,NA,NA,NA,NA,NA,no
Moses Ross,86,4,no,no,no,no,no,no,no,no,no,no,no,no,no,no,no,no,no,no,no,no,no,no,no,no,no,no,no,no,no,yes,no,no,no,no,1192,2,628,3,86,1842,170,566,689,496,52,47,336,44,37,411,356,CLACK-116,NA,NA,NA,NA,NA,NA,NA,NA,no
Eric Zimmerman,86,4,no,no,yes,yes,yes,no,yes,no,no,yes,yes,yes,no,no,no,yes,yes,no,yes,no,no,no,no,no,no,no,no,yes,no,no,yes,no,no,no,1192,2,628,3,86,1842,170,566,689,496,52,47,336,44,37,411,356,CLACK-116,NA,NA,NA,NA,NA,NA,NA,NA,yes
Mike DiNapoli,86,4,no,no,no,no,no,no,no,no,no,no,no,no,no,no,no,no,no,no,no,yes,no,no,no,no,no,no,no,no,no,no,no,no,no,no,1192,2,628,3,86,1842,170,566,689,496,52,47,336,44,37,411,356,CLACK-116,NA,NA,NA,NA,NA,NA,NA,NA,no
Bob Weinstein,84,4,no,no,no,no,no,no,no,no,no,no,yes,no,no,no,no,no,yes,no,yes,no,yes,no,no,no,no,no,no,no,no,no,yes,no,no,no,4744,2,3298,2,356,8982,1186,2785,3241,1807,80,20,366,338,590,1232,2047,WASH-441,87,70,80.46,59,53,55,78.54,8,no
Andra Vlavín,84,4,no,yes,no,no,no,no,no,no,no,no,no,no,no,no,no,no,no,no,no,no,no,no,no,no,no,no,no,no,no,no,no,no,no,no,4744,2,3298,2,356,8982,1186,2785,3241,1807,80,20,366,338,590,1232,2047,WASH-441,87,70,80.46,59,53,55,78.54,8,no
Kevin Goldsmith,84,4,no,no,no,no,no,no,no,no,no,no,no,no,no,no,no,no,no,no,no,no,no,no,no,no,no,no,no,no,no,no,no,no,no,no,4744,2,3298,2,356,8982,1186,2785,3241,1807,80,20,366,338,590,1232,2047,WASH-441,87,70,80.46,59,53,55,78.54,8,no
Mitch Green,84,4,yes,no,no,no,yes,yes,no,no,no,no,no,no,yes,yes,yes,no,no,yes,no,no,no,yes,no,yes,no,yes,no,no,yes,no,no,no,no,no,4744,2,3298,2,356,8982,1186,2785,3241,1807,80,20,366,338,590,1232,2047,WASH-441,87,70,80.46,59,53,55,78.54,8,yes
Joseph (Joe) Alfone,84,4,no,no,no,no,no,no,no,no,no,no,no,no,no,no,no,no,no,no,no,no,no,no,no,no,no,no,no,no,no,no,no,no,no,no,4744,2,3298,2,356,8982,1186,2785,3241,1807,80,20,366,338,590,1232,2047,WASH-441,87,70,80.46,59,53,55,78.54,8,no
Eli Arnold,84,4,no,no,yes,yes,no,no,yes,no,yes,yes,yes,yes,no,no,no,yes,no,no,yes,no,no,no,no,no,no,no,no,no,no,no,yes,no,no,no,4744,2,3298,2,356,8982,1186,2785,3241,1807,80,20,366,338,590,1232,2047,WASH-441,87,70,80.46,59,53,55,78.54,8,no
Stanley Penkin,84,4,no,no,no,no,no,no,yes,no,no,no,yes,no,no,no,no,no,yes,no,yes,no,no,yes,no,no,no,no,no,no,no,no,yes,no,no,no,4744,2,3298,2,356,8982,1186,2785,3241,1807,80,20,366,338,590,1232,2047,WASH-441,87,70,80.46,59,53,55,78.54,8,no
Tony Morse,84,4,no,no,no,yes,no,no,no,no,yes,no,yes,no,no,no,no,yes,no,no,no,no,yes,no,no,no,no,no,no,yes,no,no,yes,no,no,no,4744,2,3298,2,356,8982,1186,2785,3241,1807,80,20,366,338,590,1232,2047,WASH-441,87,70,80.46,59,53,55,78.54,8,no
Chloe Mason,84,4,no,no,no,no,no,no,no,no,no,no,no,no,no,no,no,no,no,no,no,no,no,no,no,no,no,no,no,no,no,no,no,no,no,no,4744,2,3298,2,356,8982,1186,2785,3241,1807,80,20,366,338,590,1232,2047,WASH-441,87,70,80.46,59,53,55,78.54,8,no
Chad Lykins,84,4,no,yes,no,yes,no,yes,no,no,no,no,no,no,no,no,yes,no,no,yes,no,yes,yes,yes,yes,yes,yes,yes,no,no,yes,no,no,no,no,no,4744,2,3298,2,356,8982,1186,2785,3241,1807,80,20,366,338,590,1232,2047,WASH-441,87,70,80.46,59,53,55,78.54,8,no
John Toran,84,4,no,no,no,no,no,no,no,no,no,no,no,no,no,no,no,no,no,no,yes,no,no,no,no,no,no,no,no,no,no,no,no,no,no,no,4744,2,3298,2,356,8982,1186,2785,3241,1807,80,20,366,338,590,1232,2047,WASH-441,87,70,80.46,59,53,55,78.54,8,no
Ciatta R Thompson,84,4,no,no,no,no,no,no,no,no,no,no,no,no,no,no,no,no,no,no,no,no,no,no,no,no,no,no,no,no,no,no,no,no,no,no,4744,2,3298,2,356,8982,1186,2785,3241,1807,80,20,366,338,590,1232,2047,WASH-441,87,70,80.46,59,53,55,78.54,8,no
Michael Trimble,84,4,no,no,no,no,no,no,no,no,no,no,no,no,no,no,no,no,no,no,no,no,no,no,no,no,no,no,no,no,no,no,no,no,no,no,4744,2,3298,2,356,8982,1186,2785,3241,1807,80,20,366,338,590,1232,2047,WASH-441,87,70,80.46,59,53,55,78.54,8,no
Bob Callahan,84,4,no,no,no,no,no,no,no,no,no,no,no,no,no,no,no,no,no,no,no,no,no,no,no,no,no,no,no,no,no,no,no,no,no,no,4744,2,3298,2,356,8982,1186,2785,3241,1807,80,20,366,338,590,1232,2047,WASH-441,87,70,80.46,59,53,55,78.54,8,no
Olivia Clark,84,4,no,no,yes,yes,yes,no,yes,no,yes,yes,yes,yes,no,no,no,yes,no,no,yes,no,yes,yes,no,no,yes,no,no,yes,no,no,yes,no,no,no,4744,2,3298,2,356,8982,1186,2785,3241,1807,80,20,366,338,590,1232,2047,WASH-441,87,70,80.46,59,53,55,78.54,8,yes
Lisa Freeman,84,4,no,no,no,no,no,no,no,no,no,no,no,no,no,no,no,no,no,yes,no,yes,no,yes,yes,yes,yes,yes,yes,no,no,no,no,no,no,no,4744,2,3298,2,356,8982,1186,2785,3241,1807,80,20,366,338,590,1232,2047,WASH-441,87,70,80.46,59,53,55,78.54,8,no
Sarah Silkie,84,4,no,yes,no,no,no,yes,no,no,no,no,no,no,no,yes,yes,no,no,no,no,no,no,yes,yes,no,no,no,no,no,yes,no,no,no,no,no,4744,2,3298,2,356,8982,1186,2785,3241,1807,80,20,366,338,590,1232,2047,WASH-441,87,70,80.46,59,53,55,78.54,8,no
Chris Henry,84,4,no,yes,no,no,no,no,no,no,no,no,no,no,no,no,no,no,no,no,no,no,no,no,no,no,no,no,no,no,no,no,no,no,no,no,4744,2,3298,2,356,8982,1186,2785,3241,1807,80,20,366,338,590,1232,2047,WASH-441,87,70,80.46,59,53,55,78.54,8,no
Ben Hufford,84,4,no,no,no,no,no,no,yes,no,no,no,yes,no,no,no,no,no,no,no,no,no,no,no,no,no,no,no,no,no,no,no,no,no,no,no,4744,2,3298,2,356,8982,1186,2785,3241,1807,80,20,366,338,590,1232,2047,WASH-441,87,70,80.46,59,53,55,78.54,8,no
Moses Ross,84,4,no,no,no,no,no,no,no,no,no,no,no,no,no,no,no,no,no,no,no,no,no,no,no,no,no,no,no,no,no,yes,no,no,no,no,4744,2,3298,2,356,8982,1186,2785,3241,1807,80,20,366,338,590,1232,2047,WASH-441,87,70,80.46,59,53,55,78.54,8,no
Eric Zimmerman,84,4,no,no,yes,yes,yes,no,yes,no,no,yes,yes,yes,no,no,no,yes,yes,no,yes,no,no,no,no,no,no,no,no,yes,no,no,yes,no,no,no,4744,2,3298,2,356,8982,1186,2785,3241,1807,80,20,366,338,590,1232,2047,WASH-441,87,70,80.46,59,53,55,78.54,8,yes
Mike DiNapoli,84,4,no,no,no,no,no,no,no,no,no,no,no,no,no,no,no,no,no,no,no,yes,no,no,no,no,no,no,no,no,no,no,no,no,no,no,4744,2,3298,2,356,8982,1186,2785,3241,1807,80,20,366,338,590,1232,2047,WASH-441,87,70,80.46,59,53,55,78.54,8,no
Bob Weinstein,82,4,no,no,no,no,no,no,no,no,no,no,yes,no,no,no,no,no,yes,no,yes,no,yes,no,no,no,no,no,no,no,no,no,yes,no,no,no,10712,2,5862,2,1075,17988,2140,5202,7097,3861,67,32,839,885,1371,3687,3575,WASH-391,551,406,73.68,499,501,508,82.84,68,no
Andra Vlavín,82,4,no,yes,no,no,no,no,no,no,no,no,no,no,no,no,no,no,no,no,no,no,no,no,no,no,no,no,no,no,no,no,no,no,no,no,10712,2,5862,2,1075,17988,2140,5202,7097,3861,67,32,839,885,1371,3687,3575,WASH-391,551,406,73.68,499,501,508,82.84,68,no
Kevin Goldsmith,82,4,no,no,no,no,no,no,no,no,no,no,no,no,no,no,no,no,no,no,no,no,no,no,no,no,no,no,no,no,no,no,no,no,no,no,10712,2,5862,2,1075,17988,2140,5202,7097,3861,67,32,839,885,1371,3687,3575,WASH-391,551,406,73.68,499,501,508,82.84,68,no
Mitch Green,82,4,yes,no,no,no,yes,yes,no,no,no,no,no,no,yes,yes,yes,no,no,yes,no,no,no,yes,no,yes,no,yes,no,no,yes,no,no,no,no,no,10712,2,5862,2,1075,17988,2140,5202,7097,3861,67,32,839,885,1371,3687,3575,WASH-391,551,406,73.68,499,501,508,82.84,68,yes
Joseph (Joe) Alfone,82,4,no,no,no,no,no,no,no,no,no,no,no,no,no,no,no,no,no,no,no,no,no,no,no,no,no,no,no,no,no,no,no,no,no,no,10712,2,5862,2,1075,17988,2140,5202,7097,3861,67,32,839,885,1371,3687,3575,WASH-391,551,406,73.68,499,501,508,82.84,68,no
Eli Arnold,82,4,no,no,yes,yes,no,no,yes,no,yes,yes,yes,yes,no,no,no,yes,no,no,yes,no,no,no,no,no,no,no,no,no,no,no,yes,no,no,no,10712,2,5862,2,1075,17988,2140,5202,7097,3861,67,32,839,885,1371,3687,3575,WASH-391,551,406,73.68,499,501,508,82.84,68,no
Stanley Penkin,82,4,no,no,no,no,no,no,yes,no,no,no,yes,no,no,no,no,no,yes,no,yes,no,no,yes,no,no,no,no,no,no,no,no,yes,no,no,no,10712,2,5862,2,1075,17988,2140,5202,7097,3861,67,32,839,885,1371,3687,3575,WASH-391,551,406,73.68,499,501,508,82.84,68,no
Tony Morse,82,4,no,no,no,yes,no,no,no,no,yes,no,yes,no,no,no,no,yes,no,no,no,no,yes,no,no,no,no,no,no,yes,no,no,yes,no,no,no,10712,2,5862,2,1075,17988,2140,5202,7097,3861,67,32,839,885,1371,3687,3575,WASH-391,551,406,73.68,499,501,508,82.84,68,no
Chloe Mason,82,4,no,no,no,no,no,no,no,no,no,no,no,no,no,no,no,no,no,no,no,no,no,no,no,no,no,no,no,no,no,no,no,no,no,no,10712,2,5862,2,1075,17988,2140,5202,7097,3861,67,32,839,885,1371,3687,3575,WASH-391,551,406,73.68,499,501,508,82.84,68,no
Chad Lykins,82,4,no,yes,no,yes,no,yes,no,no,no,no,no,no,no,no,yes,no,no,yes,no,yes,yes,yes,yes,yes,yes,yes,no,no,yes,no,no,no,no,no,10712,2,5862,2,1075,17988,2140,5202,7097,3861,67,32,839,885,1371,3687,3575,WASH-391,551,406,73.68,499,501,508,82.84,68,no
John Toran,82,4,no,no,no,no,no,no,no,no,no,no,no,no,no,no,no,no,no,no,yes,no,no,no,no,no,no,no,no,no,no,no,no,no,no,no,10712,2,5862,2,1075,17988,2140,5202,7097,3861,67,32,839,885,1371,3687,3575,WASH-391,551,406,73.68,499,501,508,82.84,68,no
Ciatta R Thompson,82,4,no,no,no,no,no,no,no,no,no,no,no,no,no,no,no,no,no,no,no,no,no,no,no,no,no,no,no,no,no,no,no,no,no,no,10712,2,5862,2,1075,17988,2140,5202,7097,3861,67,32,839,885,1371,3687,3575,WASH-391,551,406,73.68,499,501,508,82.84,68,no
Michael Trimble,82,4,no,no,no,no,no,no,no,no,no,no,no,no,no,no,no,no,no,no,no,no,no,no,no,no,no,no,no,no,no,no,no,no,no,no,10712,2,5862,2,1075,17988,2140,5202,7097,3861,67,32,839,885,1371,3687,3575,WASH-391,551,406,73.68,499,501,508,82.84,68,no
Bob Callahan,82,4,no,no,no,no,no,no,no,no,no,no,no,no,no,no,no,no,no,no,no,no,no,no,no,no,no,no,no,no,no,no,no,no,no,no,10712,2,5862,2,1075,17988,2140,5202,7097,3861,67,32,839,885,1371,3687,3575,WASH-391,551,406,73.68,499,501,508,82.84,68,no
Olivia Clark,82,4,no,no,yes,yes,yes,no,yes,no,yes,yes,yes,yes,no,no,no,yes,no,no,yes,no,yes,yes,no,no,yes,no,no,yes,no,no,yes,no,no,no,10712,2,5862,2,1075,17988,2140,5202,7097,3861,67,32,839,885,1371,3687,3575,WASH-391,551,406,73.68,499,501,508,82.84,68,yes
Lisa Freeman,82,4,no,no,no,no,no,no,no,no,no,no,no,no,no,no,no,no,no,yes,no,yes,no,yes,yes,yes,yes,yes,yes,no,no,no,no,no,no,no,10712,2,5862,2,1075,17988,2140,5202,7097,3861,67,32,839,885,1371,3687,3575,WASH-391,551,406,73.68,499,501,508,82.84,68,no
Sarah Silkie,82,4,no,yes,no,no,no,yes,no,no,no,no,no,no,no,yes,yes,no,no,no,no,no,no,yes,yes,no,no,no,no,no,yes,no,no,no,no,no,10712,2,5862,2,1075,17988,2140,5202,7097,3861,67,32,839,885,1371,3687,3575,WASH-391,551,406,73.68,499,501,508,82.84,68,no
Chris Henry,82,4,no,yes,no,no,no,no,no,no,no,no,no,no,no,no,no,no,no,no,no,no,no,no,no,no,no,no,no,no,no,no,no,no,no,no,10712,2,5862,2,1075,17988,2140,5202,7097,3861,67,32,839,885,1371,3687,3575,WASH-391,551,406,73.68,499,501,508,82.84,68,no
Ben Hufford,82,4,no,no,no,no,no,no,yes,no,no,no,yes,no,no,no,no,no,no,no,no,no,no,no,no,no,no,no,no,no,no,no,no,no,no,no,10712,2,5862,2,1075,17988,2140,5202,7097,3861,67,32,839,885,1371,3687,3575,WASH-391,551,406,73.68,499,501,508,82.84,68,no
Moses Ross,82,4,no,no,no,no,no,no,no,no,no,no,no,no,no,no,no,no,no,no,no,no,no,no,no,no,no,no,no,no,no,yes,no,no,no,no,10712,2,5862,2,1075,17988,2140,5202,7097,3861,67,32,839,885,1371,3687,3575,WASH-391,551,406,73.68,499,501,508,82.84,68,no
Eric Zimmerman,82,4,no,no,yes,yes,yes,no,yes,no,no,yes,yes,yes,no,no,no,yes,yes,no,yes,no,no,no,no,no,no,no,no,yes,no,no,yes,no,no,no,10712,2,5862,2,1075,17988,2140,5202,7097,3861,67,32,839,885,1371,3687,3575,WASH-391,551,406,73.68,499,501,508,82.84,68,yes
Mike DiNapoli,82,4,no,no,no,no,no,no,no,no,no,no,no,no,no,no,no,no,no,no,no,yes,no,no,no,no,no,no,no,no,no,no,no,no,no,no,10712,2,5862,2,1075,17988,2140,5202,7097,3861,67,32,839,885,1371,3687,3575,WASH-391,551,406,73.68,499,501,508,82.84,68,no
Bob Weinstein,80,4,no,no,no,no,no,no,no,no,no,no,yes,no,no,no,no,no,yes,no,yes,no,yes,no,no,no,no,no,no,no,no,no,yes,no,no,no,6192,2,3809,2,967,10322,1046,2636,4223,2952,61,38,641,519,731,1652,2514,WASH-366,12,11,91.67,13,14,15,78.53,2,no
Andra Vlavín,80,4,no,yes,no,no,no,no,no,no,no,no,no,no,no,no,no,no,no,no,no,no,no,no,no,no,no,no,no,no,no,no,no,no,no,no,6192,2,3809,2,967,10322,1046,2636,4223,2952,61,38,641,519,731,1652,2514,WASH-366,12,11,91.67,13,14,15,78.53,2,no
Kevin Goldsmith,80,4,no,no,no,no,no,no,no,no,no,no,no,no,no,no,no,no,no,no,no,no,no,no,no,no,no,no,no,no,no,no,no,no,no,no,6192,2,3809,2,967,10322,1046,2636,4223,2952,61,38,641,519,731,1652,2514,WASH-366,12,11,91.67,13,14,15,78.53,2,no
Mitch Green,80,4,yes,no,no,no,yes,yes,no,no,no,no,no,no,yes,yes,yes,no,no,yes,no,no,no,yes,no,yes,no,yes,no,no,yes,no,no,no,no,no,6192,2,3809,2,967,10322,1046,2636,4223,2952,61,38,641,519,731,1652,2514,WASH-366,12,11,91.67,13,14,15,78.53,2,yes
Joseph (Joe) Alfone,80,4,no,no,no,no,no,no,no,no,no,no,no,no,no,no,no,no,no,no,no,no,no,no,no,no,no,no,no,no,no,no,no,no,no,no,6192,2,3809,2,967,10322,1046,2636,4223,2952,61,38,641,519,731,1652,2514,WASH-366,12,11,91.67,13,14,15,78.53,2,no
Eli Arnold,80,4,no,no,yes,yes,no,no,yes,no,yes,yes,yes,yes,no,no,no,yes,no,no,yes,no,no,no,no,no,no,no,no,no,no,no,yes,no,no,no,6192,2,3809,2,967,10322,1046,2636,4223,2952,61,38,641,519,731,1652,2514,WASH-366,12,11,91.67,13,14,15,78.53,2,no
Stanley Penkin,80,4,no,no,no,no,no,no,yes,no,no,no,yes,no,no,no,no,no,yes,no,yes,no,no,yes,no,no,no,no,no,no,no,no,yes,no,no,no,6192,2,3809,2,967,10322,1046,2636,4223,2952,61,38,641,519,731,1652,2514,WASH-366,12,11,91.67,13,14,15,78.53,2,no
Tony Morse,80,4,no,no,no,yes,no,no,no,no,yes,no,yes,no,no,no,no,yes,no,no,no,no,yes,no,no,no,no,no,no,yes,no,no,yes,no,no,no,6192,2,3809,2,967,10322,1046,2636,4223,2952,61,38,641,519,731,1652,2514,WASH-366,12,11,91.67,13,14,15,78.53,2,no
Chloe Mason,80,4,no,no,no,no,no,no,no,no,no,no,no,no,no,no,no,no,no,no,no,no,no,no,no,no,no,no,no,no,no,no,no,no,no,no,6192,2,3809,2,967,10322,1046,2636,4223,2952,61,38,641,519,731,1652,2514,WASH-366,12,11,91.67,13,14,15,78.53,2,no
Chad Lykins,80,4,no,yes,no,yes,no,yes,no,no,no,no,no,no,no,no,yes,no,no,yes,no,yes,yes,yes,yes,yes,yes,yes,no,no,yes,no,no,no,no,no,6192,2,3809,2,967,10322,1046,2636,4223,2952,61,38,641,519,731,1652,2514,WASH-366,12,11,91.67,13,14,15,78.53,2,no
John Toran,80,4,no,no,no,no,no,no,no,no,no,no,no,no,no,no,no,no,no,no,yes,no,no,no,no,no,no,no,no,no,no,no,no,no,no,no,6192,2,3809,2,967,10322,1046,2636,4223,2952,61,38,641,519,731,1652,2514,WASH-366,12,11,91.67,13,14,15,78.53,2,no
Ciatta R Thompson,80,4,no,no,no,no,no,no,no,no,no,no,no,no,no,no,no,no,no,no,no,no,no,no,no,no,no,no,no,no,no,no,no,no,no,no,6192,2,3809,2,967,10322,1046,2636,4223,2952,61,38,641,519,731,1652,2514,WASH-366,12,11,91.67,13,14,15,78.53,2,no
Michael Trimble,80,4,no,no,no,no,no,no,no,no,no,no,no,no,no,no,no,no,no,no,no,no,no,no,no,no,no,no,no,no,no,no,no,no,no,no,6192,2,3809,2,967,10322,1046,2636,4223,2952,61,38,641,519,731,1652,2514,WASH-366,12,11,91.67,13,14,15,78.53,2,no
Bob Callahan,80,4,no,no,no,no,no,no,no,no,no,no,no,no,no,no,no,no,no,no,no,no,no,no,no,no,no,no,no,no,no,no,no,no,no,no,6192,2,3809,2,967,10322,1046,2636,4223,2952,61,38,641,519,731,1652,2514,WASH-366,12,11,91.67,13,14,15,78.53,2,no
Olivia Clark,80,4,no,no,yes,yes,yes,no,yes,no,yes,yes,yes,yes,no,no,no,yes,no,no,yes,no,yes,yes,no,no,yes,no,no,yes,no,no,yes,no,no,no,6192,2,3809,2,967,10322,1046,2636,4223,2952,61,38,641,519,731,1652,2514,WASH-366,12,11,91.67,13,14,15,78.53,2,yes
Lisa Freeman,80,4,no,no,no,no,no,no,no,no,no,no,no,no,no,no,no,no,no,yes,no,yes,no,yes,yes,yes,yes,yes,yes,no,no,no,no,no,no,no,6192,2,3809,2,967,10322,1046,2636,4223,2952,61,38,641,519,731,1652,2514,WASH-366,12,11,91.67,13,14,15,78.53,2,no
Sarah Silkie,80,4,no,yes,no,no,no,yes,no,no,no,no,no,no,no,yes,yes,no,no,no,no,no,no,yes,yes,no,no,no,no,no,yes,no,no,no,no,no,6192,2,3809,2,967,10322,1046,2636,4223,2952,61,38,641,519,731,1652,2514,WASH-366,12,11,91.67,13,14,15,78.53,2,no
Chris Henry,80,4,no,yes,no,no,no,no,no,no,no,no,no,no,no,no,no,no,no,no,no,no,no,no,no,no,no,no,no,no,no,no,no,no,no,no,6192,2,3809,2,967,10322,1046,2636,4223,2952,61,38,641,519,731,1652,2514,WASH-366,12,11,91.67,13,14,15,78.53,2,no
Ben Hufford,80,4,no,no,no,no,no,no,yes,no,no,no,yes,no,no,no,no,no,no,no,no,no,no,no,no,no,no,no,no,no,no,no,no,no,no,no,6192,2,3809,2,967,10322,1046,2636,4223,2952,61,38,641,519,731,1652,2514,WASH-366,12,11,91.67,13,14,15,78.53,2,no
Moses Ross,80,4,no,no,no,no,no,no,no,no,no,no,no,no,no,no,no,no,no,no,no,no,no,no,no,no,no,no,no,no,no,yes,no,no,no,no,6192,2,3809,2,967,10322,1046,2636,4223,2952,61,38,641,519,731,1652,2514,WASH-366,12,11,91.67,13,14,15,78.53,2,no
Eric Zimmerman,80,4,no,no,yes,yes,yes,no,yes,no,no,yes,yes,yes,no,no,no,yes,yes,no,yes,no,no,no,no,no,no,no,no,yes,no,no,yes,no,no,no,6192,2,3809,2,967,10322,1046,2636,4223,2952,61,38,641,519,731,1652,2514,WASH-366,12,11,91.67,13,14,15,78.53,2,yes
Mike DiNapoli,80,4,no,no,no,no,no,no,no,no,no,no,no,no,no,no,no,no,no,no,no,yes,no,no,no,no,no,no,no,no,no,no,no,no,no,no,6192,2,3809,2,967,10322,1046,2636,4223,2952,61,38,641,519,731,1652,2514,WASH-366,12,11,91.67,13,14,15,78.53,2,no
Bob Weinstein,83,4,no,no,no,no,no,no,no,no,no,no,yes,no,no,no,no,no,yes,no,yes,no,yes,no,no,no,no,no,no,no,no,no,yes,no,no,no,6412,2,3480,2,837,10608,1477,2861,4174,2383,53,46,556,508,1070,2035,2051,WASH-392,116,81,69.83,62,59,59,83.73,9,no
Andra Vlavín,83,4,no,yes,no,no,no,no,no,no,no,no,no,no,no,no,no,no,no,no,no,no,no,no,no,no,no,no,no,no,no,no,no,no,no,no,6412,2,3480,2,837,10608,1477,2861,4174,2383,53,46,556,508,1070,2035,2051,WASH-392,116,81,69.83,62,59,59,83.73,9,no
Kevin Goldsmith,83,4,no,no,no,no,no,no,no,no,no,no,no,no,no,no,no,no,no,no,no,no,no,no,no,no,no,no,no,no,no,no,no,no,no,no,6412,2,3480,2,837,10608,1477,2861,4174,2383,53,46,556,508,1070,2035,2051,WASH-392,116,81,69.83,62,59,59,83.73,9,no
Mitch Green,83,4,yes,no,no,no,yes,yes,no,no,no,no,no,no,yes,yes,yes,no,no,yes,no,no,no,yes,no,yes,no,yes,no,no,yes,no,no,no,no,no,6412,2,3480,2,837,10608,1477,2861,4174,2383,53,46,556,508,1070,2035,2051,WASH-392,116,81,69.83,62,59,59,83.73,9,yes
Joseph (Joe) Alfone,83,4,no,no,no,no,no,no,no,no,no,no,no,no,no,no,no,no,no,no,no,no,no,no,no,no,no,no,no,no,no,no,no,no,no,no,6412,2,3480,2,837,10608,1477,2861,4174,2383,53,46,556,508,1070,2035,2051,WASH-392,116,81,69.83,62,59,59,83.73,9,no
Eli Arnold,83,4,no,no,yes,yes,no,no,yes,no,yes,yes,yes,yes,no,no,no,yes,no,no,yes,no,no,no,no,no,no,no,no,no,no,no,yes,no,no,no,6412,2,3480,2,837,10608,1477,2861,4174,2383,53,46,556,508,1070,2035,2051,WASH-392,116,81,69.83,62,59,59,83.73,9,no
Stanley Penkin,83,4,no,no,no,no,no,no,yes,no,no,no,yes,no,no,no,no,no,yes,no,yes,no,no,yes,no,no,no,no,no,no,no,no,yes,no,no,no,6412,2,3480,2,837,10608,1477,2861,4174,2383,53,46,556,508,1070,2035,2051,WASH-392,116,81,69.83,62,59,59,83.73,9,no
Tony Morse,83,4,no,no,no,yes,no,no,no,no,yes,no,yes,no,no,no,no,yes,no,no,no,no,yes,no,no,no,no,no,no,yes,no,no,yes,no,no,no,6412,2,3480,2,837,10608,1477,2861,4174,2383,53,46,556,508,1070,2035,2051,WASH-392,116,81,69.83,62,59,59,83.73,9,no
Chloe Mason,83,4,no,no,no,no,no,no,no,no,no,no,no,no,no,no,no,no,no,no,no,no,no,no,no,no,no,no,no,no,no,no,no,no,no,no,6412,2,3480,2,837,10608,1477,2861,4174,2383,53,46,556,508,1070,2035,2051,WASH-392,116,81,69.83,62,59,59,83.73,9,no
Chad Lykins,83,4,no,yes,no,yes,no,yes,no,no,no,no,no,no,no,no,yes,no,no,yes,no,yes,yes,yes,yes,yes,yes,yes,no,no,yes,no,no,no,no,no,6412,2,3480,2,837,10608,1477,2861,4174,2383,53,46,556,508,1070,2035,2051,WASH-392,116,81,69.83,62,59,59,83.73,9,no
John Toran,83,4,no,no,no,no,no,no,no,no,no,no,no,no,no,no,no,no,no,no,yes,no,no,no,no,no,no,no,no,no,no,no,no,no,no,no,6412,2,3480,2,837,10608,1477,2861,4174,2383,53,46,556,508,1070,2035,2051,WASH-392,116,81,69.83,62,59,59,83.73,9,no
Ciatta R Thompson,83,4,no,no,no,no,no,no,no,no,no,no,no,no,no,no,no,no,no,no,no,no,no,no,no,no,no,no,no,no,no,no,no,no,no,no,6412,2,3480,2,837,10608,1477,2861,4174,2383,53,46,556,508,1070,2035,2051,WASH-392,116,81,69.83,62,59,59,83.73,9,no
Michael Trimble,83,4,no,no,no,no,no,no,no,no,no,no,no,no,no,no,no,no,no,no,no,no,no,no,no,no,no,no,no,no,no,no,no,no,no,no,6412,2,3480,2,837,10608,1477,2861,4174,2383,53,46,556,508,1070,2035,2051,WASH-392,116,81,69.83,62,59,59,83.73,9,no
Bob Callahan,83,4,no,no,no,no,no,no,no,no,no,no,no,no,no,no,no,no,no,no,no,no,no,no,no,no,no,no,no,no,no,no,no,no,no,no,6412,2,3480,2,837,10608,1477,2861,4174,2383,53,46,556,508,1070,2035,2051,WASH-392,116,81,69.83,62,59,59,83.73,9,no
Olivia Clark,83,4,no,no,yes,yes,yes,no,yes,no,yes,yes,yes,yes,no,no,no,yes,no,no,yes,no,yes,yes,no,no,yes,no,no,yes,no,no,yes,no,no,no,6412,2,3480,2,837,10608,1477,2861,4174,2383,53,46,556,508,1070,2035,2051,WASH-392,116,81,69.83,62,59,59,83.73,9,yes
Lisa Freeman,83,4,no,no,no,no,no,no,no,no,no,no,no,no,no,no,no,no,no,yes,no,yes,no,yes,yes,yes,yes,yes,yes,no,no,no,no,no,no,no,6412,2,3480,2,837,10608,1477,2861,4174,2383,53,46,556,508,1070,2035,2051,WASH-392,116,81,69.83,62,59,59,83.73,9,no
Sarah Silkie,83,4,no,yes,no,no,no,yes,no,no,no,no,no,no,no,yes,yes,no,no,no,no,no,no,yes,yes,no,no,no,no,no,yes,no,no,no,no,no,6412,2,3480,2,837,10608,1477,2861,4174,2383,53,46,556,508,1070,2035,2051,WASH-392,116,81,69.83,62,59,59,83.73,9,no
Chris Henry,83,4,no,yes,no,no,no,no,no,no,no,no,no,no,no,no,no,no,no,no,no,no,no,no,no,no,no,no,no,no,no,no,no,no,no,no,6412,2,3480,2,837,10608,1477,2861,4174,2383,53,46,556,508,1070,2035,2051,WASH-392,116,81,69.83,62,59,59,83.73,9,no
Ben Hufford,83,4,no,no,no,no,no,no,yes,no,no,no,yes,no,no,no,no,no,no,no,no,no,no,no,no,no,no,no,no,no,no,no,no,no,no,no,6412,2,3480,2,837,10608,1477,2861,4174,2383,53,46,556,508,1070,2035,2051,WASH-392,116,81,69.83,62,59,59,83.73,9,no
Moses Ross,83,4,no,no,no,no,no,no,no,no,no,no,no,no,no,no,no,no,no,no,no,no,no,no,no,no,no,no,no,no,no,yes,no,no,no,no,6412,2,3480,2,837,10608,1477,2861,4174,2383,53,46,556,508,1070,2035,2051,WASH-392,116,81,69.83,62,59,59,83.73,9,no
Eric Zimmerman,83,4,no,no,yes,yes,yes,no,yes,no,no,yes,yes,yes,no,no,no,yes,yes,no,yes,no,no,no,no,no,no,no,no,yes,no,no,yes,no,no,no,6412,2,3480,2,837,10608,1477,2861,4174,2383,53,46,556,508,1070,2035,2051,WASH-392,116,81,69.83,62,59,59,83.73,9,yes
Mike DiNapoli,83,4,no,no,no,no,no,no,no,no,no,no,no,no,no,no,no,no,no,no,no,yes,no,no,no,no,no,no,no,no,no,no,no,no,no,no,6412,2,3480,2,837,10608,1477,2861,4174,2383,53,46,556,508,1070,2035,2051,WASH-392,116,81,69.83,62,59,59,83.73,9,no
Bob Weinstein,81,4,no,no,no,no,no,no,no,no,no,no,yes,no,no,no,no,no,yes,no,yes,no,yes,no,no,no,no,no,no,no,no,no,yes,no,no,no,4914,2,3617,3,425,9297,669,1158,4010,3647,92,7,157,258,144,894,3390,WASH-375,324,279,86.11,298,247,253,87.44,20,no
Andra Vlavín,81,4,no,yes,no,no,no,no,no,no,no,no,no,no,no,no,no,no,no,no,no,no,no,no,no,no,no,no,no,no,no,no,no,no,no,no,4914,2,3617,3,425,9297,669,1158,4010,3647,92,7,157,258,144,894,3390,WASH-375,324,279,86.11,298,247,253,87.44,20,no
Kevin Goldsmith,81,4,no,no,no,no,no,no,no,no,no,no,no,no,no,no,no,no,no,no,no,no,no,no,no,no,no,no,no,no,no,no,no,no,no,no,4914,2,3617,3,425,9297,669,1158,4010,3647,92,7,157,258,144,894,3390,WASH-375,324,279,86.11,298,247,253,87.44,20,no
Mitch Green,81,4,yes,no,no,no,yes,yes,no,no,no,no,no,no,yes,yes,yes,no,no,yes,no,no,no,yes,no,yes,no,yes,no,no,yes,no,no,no,no,no,4914,2,3617,3,425,9297,669,1158,4010,3647,92,7,157,258,144,894,3390,WASH-375,324,279,86.11,298,247,253,87.44,20,yes
Joseph (Joe) Alfone,81,4,no,no,no,no,no,no,no,no,no,no,no,no,no,no,no,no,no,no,no,no,no,no,no,no,no,no,no,no,no,no,no,no,no,no,4914,2,3617,3,425,9297,669,1158,4010,3647,92,7,157,258,144,894,3390,WASH-375,324,279,86.11,298,247,253,87.44,20,no
Eli Arnold,81,4,no,no,yes,yes,no,no,yes,no,yes,yes,yes,yes,no,no,no,yes,no,no,yes,no,no,no,no,no,no,no,no,no,no,no,yes,no,no,no,4914,2,3617,3,425,9297,669,1158,4010,3647,92,7,157,258,144,894,3390,WASH-375,324,279,86.11,298,247,253,87.44,20,no
Stanley Penkin,81,4,no,no,no,no,no,no,yes,no,no,no,yes,no,no,no,no,no,yes,no,yes,no,no,yes,no,no,no,no,no,no,no,no,yes,no,no,no,4914,2,3617,3,425,9297,669,1158,4010,3647,92,7,157,258,144,894,3390,WASH-375,324,279,86.11,298,247,253,87.44,20,no
Tony Morse,81,4,no,no,no,yes,no,no,no,no,yes,no,yes,no,no,no,no,yes,no,no,no,no,yes,no,no,no,no,no,no,yes,no,no,yes,no,no,no,4914,2,3617,3,425,9297,669,1158,4010,3647,92,7,157,258,144,894,3390,WASH-375,324,279,86.11,298,247,253,87.44,20,no
Chloe Mason,81,4,no,no,no,no,no,no,no,no,no,no,no,no,no,no,no,no,no,no,no,no,no,no,no,no,no,no,no,no,no,no,no,no,no,no,4914,2,3617,3,425,9297,669,1158,4010,3647,92,7,157,258,144,894,3390,WASH-375,324,279,86.11,298,247,253,87.44,20,no
Chad Lykins,81,4,no,yes,no,yes,no,yes,no,no,no,no,no,no,no,no,yes,no,no,yes,no,yes,yes,yes,yes,yes,yes,yes,no,no,yes,no,no,no,no,no,4914,2,3617,3,425,9297,669,1158,4010,3647,92,7,157,258,144,894,3390,WASH-375,324,279,86.11,298,247,253,87.44,20,no
John Toran,81,4,no,no,no,no,no,no,no,no,no,no,no,no,no,no,no,no,no,no,yes,no,no,no,no,no,no,no,no,no,no,no,no,no,no,no,4914,2,3617,3,425,9297,669,1158,4010,3647,92,7,157,258,144,894,3390,WASH-375,324,279,86.11,298,247,253,87.44,20,no
Ciatta R Thompson,81,4,no,no,no,no,no,no,no,no,no,no,no,no,no,no,no,no,no,no,no,no,no,no,no,no,no,no,no,no,no,no,no,no,no,no,4914,2,3617,3,425,9297,669,1158,4010,3647,92,7,157,258,144,894,3390,WASH-375,324,279,86.11,298,247,253,87.44,20,no
Michael Trimble,81,4,no,no,no,no,no,no,no,no,no,no,no,no,no,no,no,no,no,no,no,no,no,no,no,no,no,no,no,no,no,no,no,no,no,no,4914,2,3617,3,425,9297,669,1158,4010,3647,92,7,157,258,144,894,3390,WASH-375,324,279,86.11,298,247,253,87.44,20,no
Bob Callahan,81,4,no,no,no,no,no,no,no,no,no,no,no,no,no,no,no,no,no,no,no,no,no,no,no,no,no,no,no,no,no,no,no,no,no,no,4914,2,3617,3,425,9297,669,1158,4010,3647,92,7,157,258,144,894,3390,WASH-375,324,279,86.11,298,247,253,87.44,20,no
Olivia Clark,81,4,no,no,yes,yes,yes,no,yes,no,yes,yes,yes,yes,no,no,no,yes,no,no,yes,no,yes,yes,no,no,yes,no,no,yes,no,no,yes,no,no,no,4914,2,3617,3,425,9297,669,1158,4010,3647,92,7,157,258,144,894,3390,WASH-375,324,279,86.11,298,247,253,87.44,20,yes
Lisa Freeman,81,4,no,no,no,no,no,no,no,no,no,no,no,no,no,no,no,no,no,yes,no,yes,no,yes,yes,yes,yes,yes,yes,no,no,no,no,no,no,no,4914,2,3617,3,425,9297,669,1158,4010,3647,92,7,157,258,144,894,3390,WASH-375,324,279,86.11,298,247,253,87.44,20,no
Sarah Silkie,81,4,no,yes,no,no,no,yes,no,no,no,no,no,no,no,yes,yes,no,no,no,no,no,no,yes,yes,no,no,no,no,no,yes,no,no,no,no,no,4914,2,3617,3,425,9297,669,1158,4010,3647,92,7,157,258,144,894,3390,WASH-375,324,279,86.11,298,247,253,87.44,20,no
Chris Henry,81,4,no,yes,no,no,no,no,no,no,no,no,no,no,no,no,no,no,no,no,no,no,no,no,no,no,no,no,no,no,no,no,no,no,no,no,4914,2,3617,3,425,9297,669,1158,4010,3647,92,7,157,258,144,894,3390,WASH-375,324,279,86.11,298,247,253,87.44,20,no
Ben Hufford,81,4,no,no,no,no,no,no,yes,no,no,no,yes,no,no,no,no,no,no,no,no,no,no,no,no,no,no,no,no,no,no,no,no,no,no,no,4914,2,3617,3,425,9297,669,1158,4010,3647,92,7,157,258,144,894,3390,WASH-375,324,279,86.11,298,247,253,87.44,20,no
Moses Ross,81,4,no,no,no,no,no,no,no,no,no,no,no,no,no,no,no,no,no,no,no,no,no,no,no,no,no,no,no,no,no,yes,no,no,no,no,4914,2,3617,3,425,9297,669,1158,4010,3647,92,7,157,258,144,894,3390,WASH-375,324,279,86.11,298,247,253,87.44,20,no
Eric Zimmerman,81,4,no,no,yes,yes,yes,no,yes,no,no,yes,yes,yes,no,no,no,yes,yes,no,yes,no,no,no,no,no,no,no,no,yes,no,no,yes,no,no,no,4914,2,3617,3,425,9297,669,1158,4010,3647,92,7,157,258,144,894,3390,WASH-375,324,279,86.11,298,247,253,87.44,20,yes
Mike DiNapoli,81,4,no,no,no,no,no,no,no,no,no,no,no,no,no,no,no,no,no,no,no,yes,no,no,no,no,no,no,no,no,no,no,no,no,no,no,4914,2,3617,3,425,9297,669,1158,4010,3647,92,7,157,258,144,894,3390,WASH-375,324,279,86.11,298,247,253,87.44,20,no
,NA,NA,,,,,,,,,,,,,,,,,,,,,,,,,,,,,,,,,,,NA,NA,NA,NA,NA,NA,NA,NA,NA,NA,NA,NA,NA,NA,NA,NA,NA,NA,NA,NA,NA,NA,NA,NA,NA,NA,no
,NA,NA,,,,,,,,,,,,,,,,,,,,,,,,,,,,,,,,,,,NA,NA,NA,NA,NA,NA,NA,NA,NA,NA,NA,NA,NA,NA,NA,NA,NA,NA,NA,NA,NA,NA,NA,NA,NA,NA,no
,NA,NA,,,,,,,,,,,,,,,,,,,,,,,,,,,,,,,,,,,NA,NA,NA,NA,NA,NA,NA,NA,NA,NA,NA,NA,NA,NA,NA,NA,NA,NA,NA,NA,NA,NA,NA,NA,NA,NA,no
,NA,NA,,,,,,,,,,,,,,,,,,,,,,,,,,,,,,,,,,,NA,NA,NA,NA,NA,NA,NA,NA,NA,NA,NA,NA,NA,NA,NA,NA,NA,NA,NA,NA,NA,NA,NA,NA,NA,NA,no
,NA,NA,,,,,,,,,,,,,,,,,,,,,,,,,,,,,,,,,,,NA,NA,NA,NA,NA,NA,NA,NA,NA,NA,NA,NA,NA,NA,NA,NA,NA,NA,NA,NA,NA,NA,NA,NA,NA,NA,no
,NA,NA,,,,,,,,,,,,,,,,,,,,,,,,,,,,,,,,,,,NA,NA,NA,NA,NA,NA,NA,NA,NA,NA,NA,NA,NA,NA,NA,NA,NA,NA,NA,NA,NA,NA,NA,NA,NA,NA,no
,NA,NA,,,,,,,,,,,,,,,,,,,,,,,,,,,,,,,,,,,NA,NA,NA,NA,NA,NA,NA,NA,NA,NA,NA,NA,NA,NA,NA,NA,NA,NA,NA,NA,NA,NA,NA,NA,NA,NA,no
,NA,NA,,,,,,,,,,,,,,,,,,,,,,,,,,,,,,,,,,,NA,NA,NA,NA,NA,NA,NA,NA,NA,NA,NA,NA,NA,NA,NA,NA,NA,NA,NA,NA,NA,NA,NA,NA,NA,NA,no
,NA,NA,,,,,,,,,,,,,,,,,,,,,,,,,,,,,,,,,,,NA,NA,NA,NA,NA,NA,NA,NA,NA,NA,NA,NA,NA,NA,NA,NA,NA,NA,NA,NA,NA,NA,NA,NA,NA,NA,no
,NA,NA,,,,,,,,,,,,,,,,,,,,,,,,,,,,,,,,,,,NA,NA,NA,NA,NA,NA,NA,NA,NA,NA,NA,NA,NA,NA,NA,NA,NA,NA,NA,NA,NA,NA,NA,NA,NA,NA,no
,NA,NA,,,,,,,,,,,,,,,,,,,,,,,,,,,,,,,,,,,NA,NA,NA,NA,NA,NA,NA,NA,NA,NA,NA,NA,NA,NA,NA,NA,NA,NA,NA,NA,NA,NA,NA,NA,NA,NA,no
NA,73,NA,NA,NA,NA,NA,NA,NA,NA,NA,NA,NA,NA,NA,NA,NA,NA,NA,NA,NA,NA,NA,NA,NA,NA,NA,NA,NA,NA,NA,NA,NA,NA,NA,NA,NA,NA,NA,NA,NA,NA,NA,NA,NA,NA,NA,NA,NA,NA,NA,NA,NA,NA,4305,8406,6862,81.63,9890,8615,8653,78.48,781,no
NA,22,NA,NA,NA,NA,NA,NA,NA,NA,NA,NA,NA,NA,NA,NA,NA,NA,NA,NA,NA,NA,NA,NA,NA,NA,NA,NA,NA,NA,NA,NA,NA,NA,NA,NA,NA,NA,NA,NA,NA,NA,NA,NA,NA,NA,NA,NA,NA,NA,NA,NA,NA,NA,4105,7512,6402,85.22,7858,7130,7311,87.98,754,no
